load_backend: loaded RPC backend from D:\DATN\legal_ai_source\source_code\models\llama-b8644-bin-win-vulkan-x64\ggml-rpc.dll
load_backend: loaded Vulkan backend from D:\DATN\legal_ai_source\source_code\models\llama-b8644-bin-win-vulkan-x64\ggml-vulkan.dll
load_backend: loaded CPU backend from D:\DATN\legal_ai_source\source_code\models\llama-b8644-bin-win-vulkan-x64\ggml-cpu-icelake.dll
main: n_parallel is set to auto, using n_parallel = 4 and kv_unified = true
system info: n_threads = 4, n_threads_batch = 4, total_threads = 8

system_info: n_threads = 4 (n_threads_batch = 4) / 8 | CPU : SSE3 = 1 | SSSE3 = 1 | AVX = 1 | AVX2 = 1 | F16C = 1 | FMA = 1 | BMI2 = 1 | AVX512 = 1 | AVX512_VBMI = 1 | AVX512_VNNI = 1 | LLAMAFILE = 1 | OPENMP = 1 | REPACK = 1 | 

Running without SSL
init: using 8 threads for HTTP server
start: binding port with default address family
main: loading model
srv    load_model: loading model 'D:\DATN\legal_ai_source\source_code\models\Qwen3.5-4B-Q4_K_M.gguf'
common_init_result: fitting params to device memory, for bugs during this step try to reproduce them with -fit off, or provide --verbose logs if the bug only occurs with -fit on
llama_params_fit_impl: projected to use 3272 MiB of device memory vs. 3320 MiB of free device memory
llama_params_fit_impl: cannot meet free memory target of 1024 MiB, need to reduce device memory by 976 MiB
llama_params_fit_impl: context size set by user to 6144 -> no change
llama_params_fit: failed to fit params to free device memory: n_gpu_layers already set by user to 99, abort
llama_params_fit: fitting params to free memory took 1.74 seconds
llama_model_load_from_file_impl: using device Vulkan0 (Intel(R) Iris(R) Xe Graphics) (unknown id) - 3525 MiB free
llama_model_loader: loaded meta data with 46 key-value pairs and 426 tensors from D:\DATN\legal_ai_source\source_code\models\Qwen3.5-4B-Q4_K_M.gguf (version GGUF V3 (latest))
llama_model_loader: Dumping metadata keys/values. Note: KV overrides do not apply in this output.
llama_model_loader: - kv   0:                       general.architecture str              = qwen35
llama_model_loader: - kv   1:                               general.type str              = model
llama_model_loader: - kv   2:                               general.name str              = Qwen3.5-4B
llama_model_loader: - kv   3:                           general.basename str              = Qwen3.5-4B
llama_model_loader: - kv   4:                       general.quantized_by str              = Unsloth
llama_model_loader: - kv   5:                         general.size_label str              = 4B
llama_model_loader: - kv   6:                            general.license str              = apache-2.0
llama_model_loader: - kv   7:                       general.license.link str              = https://huggingface.co/Qwen/Qwen3.5-4...
llama_model_loader: - kv   8:                           general.repo_url str              = https://huggingface.co/unsloth
llama_model_loader: - kv   9:                   general.base_model.count u32              = 1
llama_model_loader: - kv  10:                  general.base_model.0.name str              = Qwen3.5 4B
llama_model_loader: - kv  11:          general.base_model.0.organization str              = Qwen
llama_model_loader: - kv  12:              general.base_model.0.repo_url str              = https://huggingface.co/Qwen/Qwen3.5-4B
llama_model_loader: - kv  13:                               general.tags arr[str,2]       = ["unsloth", "image-text-to-text"]
llama_model_loader: - kv  14:                         qwen35.block_count u32              = 32
llama_model_loader: - kv  15:                      qwen35.context_length u32              = 262144
llama_model_loader: - kv  16:                    qwen35.embedding_length u32              = 2560
llama_model_loader: - kv  17:                 qwen35.feed_forward_length u32              = 9216
llama_model_loader: - kv  18:                qwen35.attention.head_count u32              = 16
llama_model_loader: - kv  19:             qwen35.attention.head_count_kv u32              = 4
llama_model_loader: - kv  20:             qwen35.rope.dimension_sections arr[i32,4]       = [11, 11, 10, 0]
llama_model_loader: - kv  21:                      qwen35.rope.freq_base f32              = 10000000.000000
llama_model_loader: - kv  22:    qwen35.attention.layer_norm_rms_epsilon f32              = 0.000001
llama_model_loader: - kv  23:                qwen35.attention.key_length u32              = 256
llama_model_loader: - kv  24:              qwen35.attention.value_length u32              = 256
llama_model_loader: - kv  25:                     qwen35.ssm.conv_kernel u32              = 4
llama_model_loader: - kv  26:                      qwen35.ssm.state_size u32              = 128
llama_model_loader: - kv  27:                     qwen35.ssm.group_count u32              = 16
llama_model_loader: - kv  28:                  qwen35.ssm.time_step_rank u32              = 32
llama_model_loader: - kv  29:                      qwen35.ssm.inner_size u32              = 4096
llama_model_loader: - kv  30:             qwen35.full_attention_interval u32              = 4
llama_model_loader: - kv  31:                qwen35.rope.dimension_count u32              = 64
llama_model_loader: - kv  32:                       tokenizer.ggml.model str              = gpt2
llama_model_loader: - kv  33:                         tokenizer.ggml.pre str              = qwen35
llama_model_loader: - kv  34:                      tokenizer.ggml.tokens arr[str,248320]  = ["!", "\"", "#", "$", "%", "&", "'", ...
llama_model_loader: - kv  35:                  tokenizer.ggml.token_type arr[i32,248320]  = [1, 1, 1, 1, 1, 1, 1, 1, 1, 1, 1, 1, ...
llama_model_loader: - kv  36:                      tokenizer.ggml.merges arr[str,247587]  = ["Ġ Ġ", "ĠĠ ĠĠ", "i n", "Ġ t",...
llama_model_loader: - kv  37:                tokenizer.ggml.eos_token_id u32              = 248046
llama_model_loader: - kv  38:            tokenizer.ggml.padding_token_id u32              = 248055
llama_model_loader: - kv  39:                    tokenizer.chat_template str              = {%- set image_count = namespace(value...
llama_model_loader: - kv  40:               general.quantization_version u32              = 2
llama_model_loader: - kv  41:                          general.file_type u32              = 15
llama_model_loader: - kv  42:                      quantize.imatrix.file str              = Qwen3.5-4B-GGUF/imatrix_unsloth.gguf
llama_model_loader: - kv  43:                   quantize.imatrix.dataset str              = unsloth_calibration_Qwen3.5-4B.txt
llama_model_loader: - kv  44:             quantize.imatrix.entries_count u32              = 248
llama_model_loader: - kv  45:              quantize.imatrix.chunks_count u32              = 80
llama_model_loader: - type  f32:  177 tensors
llama_model_loader: - type q8_0:   48 tensors
llama_model_loader: - type q4_K:  131 tensors
llama_model_loader: - type q5_K:   48 tensors
llama_model_loader: - type q6_K:   22 tensors
print_info: file format = GGUF V3 (latest)
print_info: file type   = Q4_K - Medium
print_info: file size   = 2.54 GiB (5.19 BPW) 
load: 0 unused tokens
load: printing all EOG tokens:
load:   - 248044 ('<|endoftext|>')
load:   - 248046 ('<|im_end|>')
load:   - 248063 ('<|fim_pad|>')
load:   - 248064 ('<|repo_name|>')
load:   - 248065 ('<|file_sep|>')
load: special tokens cache size = 33
load: token to piece cache size = 1.7581 MB
print_info: arch                  = qwen35
print_info: vocab_only            = 0
print_info: no_alloc              = 0
print_info: n_ctx_train           = 262144
print_info: n_embd                = 2560
print_info: n_embd_inp            = 2560
print_info: n_layer               = 32
print_info: n_head                = 16
print_info: n_head_kv             = 4
print_info: n_rot                 = 64
print_info: n_swa                 = 0
print_info: is_swa_any            = 0
print_info: n_embd_head_k         = 256
print_info: n_embd_head_v         = 256
print_info: n_gqa                 = 4
print_info: n_embd_k_gqa          = 1024
print_info: n_embd_v_gqa          = 1024
print_info: f_norm_eps            = 0.0e+00
print_info: f_norm_rms_eps        = 1.0e-06
print_info: f_clamp_kqv           = 0.0e+00
print_info: f_max_alibi_bias      = 0.0e+00
print_info: f_logit_scale         = 0.0e+00
print_info: f_attn_scale          = 0.0e+00
print_info: n_ff                  = 9216
print_info: n_expert              = 0
print_info: n_expert_used         = 0
print_info: n_expert_groups       = 0
print_info: n_group_used          = 0
print_info: causal attn           = 1
print_info: pooling type          = -1
print_info: rope type             = 40
print_info: rope scaling          = linear
print_info: freq_base_train       = 10000000.0
print_info: freq_scale_train      = 1
print_info: n_ctx_orig_yarn       = 262144
print_info: rope_yarn_log_mul     = 0.0000
print_info: rope_finetuned        = unknown
print_info: mrope sections        = [11, 11, 10, 0]
print_info: ssm_d_conv            = 4
print_info: ssm_d_inner           = 4096
print_info: ssm_d_state           = 128
print_info: ssm_dt_rank           = 32
print_info: ssm_n_group           = 16
print_info: ssm_dt_b_c_rms        = 0
print_info: model type            = 4B
print_info: model params          = 4.21 B
print_info: general.name          = Qwen3.5-4B
print_info: vocab type            = BPE
print_info: n_vocab               = 248320
print_info: n_merges              = 247587
print_info: BOS token             = 11 ','
print_info: EOS token             = 248046 '<|im_end|>'
print_info: EOT token             = 248046 '<|im_end|>'
print_info: PAD token             = 248055 '<|vision_pad|>'
print_info: LF token              = 198 'Ċ'
print_info: FIM PRE token         = 248060 '<|fim_prefix|>'
print_info: FIM SUF token         = 248062 '<|fim_suffix|>'
print_info: FIM MID token         = 248061 '<|fim_middle|>'
print_info: FIM PAD token         = 248063 '<|fim_pad|>'
print_info: FIM REP token         = 248064 '<|repo_name|>'
print_info: FIM SEP token         = 248065 '<|file_sep|>'
print_info: EOG token             = 248044 '<|endoftext|>'
print_info: EOG token             = 248046 '<|im_end|>'
print_info: EOG token             = 248063 '<|fim_pad|>'
print_info: EOG token             = 248064 '<|repo_name|>'
print_info: EOG token             = 248065 '<|file_sep|>'
print_info: max token length      = 256
load_tensors: loading model tensors, this can take a while... (mmap = true, direct_io = false)
load_tensors: offloading output layer to GPU
load_tensors: offloading 31 repeating layers to GPU
load_tensors: offloaded 33/33 layers to GPU
load_tensors:   CPU_Mapped model buffer size =   497.31 MiB
load_tensors:      Vulkan0 model buffer size =  2603.50 MiB
......................................................................
common_init_result: added <|endoftext|> logit bias = -inf
common_init_result: added <|im_end|> logit bias = -inf
common_init_result: added <|fim_pad|> logit bias = -inf
common_init_result: added <|repo_name|> logit bias = -inf
common_init_result: added <|file_sep|> logit bias = -inf
llama_context: constructing llama_context
llama_context: n_seq_max     = 4
llama_context: n_ctx         = 6144
llama_context: n_ctx_seq     = 6144
llama_context: n_batch       = 256
llama_context: n_ubatch      = 256
llama_context: causal_attn   = 1
llama_context: flash_attn    = auto
llama_context: kv_unified    = true
llama_context: freq_base     = 10000000.0
llama_context: freq_scale    = 1
llama_context: n_ctx_seq (6144) < n_ctx_train (262144) -- the full capacity of the model will not be utilized
llama_context: Vulkan_Host  output buffer size =     3.79 MiB
llama_kv_cache:    Vulkan0 KV buffer size =   192.00 MiB
llama_kv_cache: size =  192.00 MiB (  6144 cells,   8 layers,  4/1 seqs), K (f16):   96.00 MiB, V (f16):   96.00 MiB
llama_kv_cache: attn_rot_k = 0
llama_kv_cache: attn_rot_v = 0
ggml_vulkan: Device memory allocation of size 210763776 failed.
ggml_vulkan: vk::Device::allocateMemory: ErrorOutOfDeviceMemory
alloc_tensor_range: failed to allocate Vulkan0 buffer of size 210763776
llama_init_from_model: failed to initialize the context: failed to allocate buffer for rs cache
common_init_result: failed to create context with model 'D:\DATN\legal_ai_source\source_code\models\Qwen3.5-4B-Q4_K_M.gguf'
common_init_from_params: failed to create context with model 'D:\DATN\legal_ai_source\source_code\models\Qwen3.5-4B-Q4_K_M.gguf'
load_backend: loaded RPC backend from D:\DATN\legal_ai_source\source_code\models\llama-b8644-bin-win-vulkan-x64\ggml-rpc.dll
load_backend: loaded Vulkan backend from D:\DATN\legal_ai_source\source_code\models\llama-b8644-bin-win-vulkan-x64\ggml-vulkan.dll
load_backend: loaded CPU backend from D:\DATN\legal_ai_source\source_code\models\llama-b8644-bin-win-vulkan-x64\ggml-cpu-icelake.dll
system info: n_threads = 4, n_threads_batch = 4, total_threads = 8

system_info: n_threads = 4 (n_threads_batch = 4) / 8 | CPU : SSE3 = 1 | SSSE3 = 1 | AVX = 1 | AVX2 = 1 | F16C = 1 | FMA = 1 | BMI2 = 1 | AVX512 = 1 | AVX512_VBMI = 1 | AVX512_VNNI = 1 | LLAMAFILE = 1 | OPENMP = 1 | REPACK = 1 | 

Running without SSL
init: using 7 threads for HTTP server
start: binding port with default address family
main: loading model
srv    load_model: loading model 'D:\DATN\legal_ai_source\source_code\models\qwen2.5-1.5b-instruct-q4_k_m.gguf'
common_init_result: fitting params to device memory, for bugs during this step try to reproduce them with -fit off, or provide --verbose logs if the bug only occurs with -fit on
llama_params_fit_impl: projected to use 213 MiB of device memory vs. 3525 MiB of free device memory
llama_params_fit_impl: will leave 3311 >= 1024 MiB of free device memory, no changes needed
llama_params_fit: successfully fit params to free device memory
llama_params_fit: fitting params to free memory took 0.55 seconds
llama_model_load_from_file_impl: using device Vulkan0 (Intel(R) Iris(R) Xe Graphics) (unknown id) - 3525 MiB free
llama_model_loader: loaded meta data with 26 key-value pairs and 339 tensors from D:\DATN\legal_ai_source\source_code\models\qwen2.5-1.5b-instruct-q4_k_m.gguf (version GGUF V3 (latest))
llama_model_loader: Dumping metadata keys/values. Note: KV overrides do not apply in this output.
llama_model_loader: - kv   0:                       general.architecture str              = qwen2
llama_model_loader: - kv   1:                               general.type str              = model
llama_model_loader: - kv   2:                               general.name str              = qwen2.5-1.5b-instruct
llama_model_loader: - kv   3:                            general.version str              = v0.1
llama_model_loader: - kv   4:                           general.finetune str              = qwen2.5-1.5b-instruct
llama_model_loader: - kv   5:                         general.size_label str              = 1.8B
llama_model_loader: - kv   6:                          qwen2.block_count u32              = 28
llama_model_loader: - kv   7:                       qwen2.context_length u32              = 32768
llama_model_loader: - kv   8:                     qwen2.embedding_length u32              = 1536
llama_model_loader: - kv   9:                  qwen2.feed_forward_length u32              = 8960
llama_model_loader: - kv  10:                 qwen2.attention.head_count u32              = 12
llama_model_loader: - kv  11:              qwen2.attention.head_count_kv u32              = 2
llama_model_loader: - kv  12:                       qwen2.rope.freq_base f32              = 1000000.000000
llama_model_loader: - kv  13:     qwen2.attention.layer_norm_rms_epsilon f32              = 0.000001
llama_model_loader: - kv  14:                          general.file_type u32              = 15
llama_model_loader: - kv  15:                       tokenizer.ggml.model str              = gpt2
llama_model_loader: - kv  16:                         tokenizer.ggml.pre str              = qwen2
llama_model_loader: - kv  17:                      tokenizer.ggml.tokens arr[str,151936]  = ["!", "\"", "#", "$", "%", "&", "'", ...
llama_model_loader: - kv  18:                  tokenizer.ggml.token_type arr[i32,151936]  = [1, 1, 1, 1, 1, 1, 1, 1, 1, 1, 1, 1, ...
llama_model_loader: - kv  19:                      tokenizer.ggml.merges arr[str,151387]  = ["Ġ Ġ", "ĠĠ ĠĠ", "i n", "Ġ t",...
llama_model_loader: - kv  20:                tokenizer.ggml.eos_token_id u32              = 151645
llama_model_loader: - kv  21:            tokenizer.ggml.padding_token_id u32              = 151643
llama_model_loader: - kv  22:                tokenizer.ggml.bos_token_id u32              = 151643
llama_model_loader: - kv  23:               tokenizer.ggml.add_bos_token bool             = false
llama_model_loader: - kv  24:                    tokenizer.chat_template str              = {%- if tools %}\n    {{- '<|im_start|>...
llama_model_loader: - kv  25:               general.quantization_version u32              = 2
llama_model_loader: - type  f32:  141 tensors
llama_model_loader: - type q4_K:  169 tensors
llama_model_loader: - type q6_K:   29 tensors
print_info: file format = GGUF V3 (latest)
print_info: file type   = Q4_K - Medium
print_info: file size   = 1.04 GiB (5.00 BPW) 
load: 0 unused tokens
load: control-looking token: 128247 '</s>' was not control-type; this is probably a bug in the model. its type will be overridden
load: printing all EOG tokens:
load:   - 128247 ('</s>')
load:   - 151643 ('<|endoftext|>')
load:   - 151645 ('<|im_end|>')
load:   - 151662 ('<|fim_pad|>')
load:   - 151663 ('<|repo_name|>')
load:   - 151664 ('<|file_sep|>')
load: special tokens cache size = 23
load: token to piece cache size = 0.9310 MB
print_info: arch                  = qwen2
print_info: vocab_only            = 0
print_info: no_alloc              = 0
print_info: n_ctx_train           = 32768
print_info: n_embd                = 1536
print_info: n_embd_inp            = 1536
print_info: n_layer               = 28
print_info: n_head                = 12
print_info: n_head_kv             = 2
print_info: n_rot                 = 128
print_info: n_swa                 = 0
print_info: is_swa_any            = 0
print_info: n_embd_head_k         = 128
print_info: n_embd_head_v         = 128
print_info: n_gqa                 = 6
print_info: n_embd_k_gqa          = 256
print_info: n_embd_v_gqa          = 256
print_info: f_norm_eps            = 0.0e+00
print_info: f_norm_rms_eps        = 1.0e-06
print_info: f_clamp_kqv           = 0.0e+00
print_info: f_max_alibi_bias      = 0.0e+00
print_info: f_logit_scale         = 0.0e+00
print_info: f_attn_scale          = 0.0e+00
print_info: n_ff                  = 8960
print_info: n_expert              = 0
print_info: n_expert_used         = 0
print_info: n_expert_groups       = 0
print_info: n_group_used          = 0
print_info: causal attn           = 1
print_info: pooling type          = -1
print_info: rope type             = 2
print_info: rope scaling          = linear
print_info: freq_base_train       = 1000000.0
print_info: freq_scale_train      = 1
print_info: n_ctx_orig_yarn       = 32768
print_info: rope_yarn_log_mul     = 0.0000
print_info: rope_finetuned        = unknown
print_info: model type            = 1.5B
print_info: model params          = 1.78 B
print_info: general.name          = qwen2.5-1.5b-instruct
print_info: vocab type            = BPE
print_info: n_vocab               = 151936
print_info: n_merges              = 151387
print_info: BOS token             = 151643 '<|endoftext|>'
print_info: EOS token             = 151645 '<|im_end|>'
print_info: EOT token             = 151645 '<|im_end|>'
print_info: PAD token             = 151643 '<|endoftext|>'
print_info: LF token              = 198 'Ċ'
print_info: FIM PRE token         = 151659 '<|fim_prefix|>'
print_info: FIM SUF token         = 151661 '<|fim_suffix|>'
print_info: FIM MID token         = 151660 '<|fim_middle|>'
print_info: FIM PAD token         = 151662 '<|fim_pad|>'
print_info: FIM REP token         = 151663 '<|repo_name|>'
print_info: FIM SEP token         = 151664 '<|file_sep|>'
print_info: EOG token             = 128247 '</s>'
print_info: EOG token             = 151643 '<|endoftext|>'
print_info: EOG token             = 151645 '<|im_end|>'
print_info: EOG token             = 151662 '<|fim_pad|>'
print_info: EOG token             = 151663 '<|repo_name|>'
print_info: EOG token             = 151664 '<|file_sep|>'
print_info: max token length      = 256
load_tensors: loading model tensors, this can take a while... (mmap = true, direct_io = false)
load_tensors: offloading 0 repeating layers to GPU
load_tensors: offloaded 0/29 layers to GPU
load_tensors:   CPU_Mapped model buffer size =  1059.89 MiB
.........................................................................
common_init_result: added </s> logit bias = -inf
common_init_result: added <|endoftext|> logit bias = -inf
common_init_result: added <|im_end|> logit bias = -inf
common_init_result: added <|fim_pad|> logit bias = -inf
common_init_result: added <|repo_name|> logit bias = -inf
common_init_result: added <|file_sep|> logit bias = -inf
llama_context: constructing llama_context
llama_context: n_seq_max     = 1
llama_context: n_ctx         = 2048
llama_context: n_ctx_seq     = 2048
llama_context: n_batch       = 32
llama_context: n_ubatch      = 32
llama_context: causal_attn   = 1
llama_context: flash_attn    = auto
llama_context: kv_unified    = false
llama_context: freq_base     = 1000000.0
llama_context: freq_scale    = 1
llama_context: n_ctx_seq (2048) < n_ctx_train (32768) -- the full capacity of the model will not be utilized
llama_context:        CPU  output buffer size =     0.58 MiB
llama_kv_cache:        CPU KV buffer size =    56.00 MiB
llama_kv_cache: size =   56.00 MiB (  2048 cells,  28 layers,  1/1 seqs), K (f16):   28.00 MiB, V (f16):   28.00 MiB
llama_kv_cache: attn_rot_k = 0
llama_kv_cache: attn_rot_v = 0
sched_reserve: reserving ...
sched_reserve: Flash Attention was auto, set to enabled
sched_reserve: resolving fused Gated Delta Net support:
sched_reserve: fused Gated Delta Net (autoregressive) enabled
sched_reserve: fused Gated Delta Net (chunked) enabled
sched_reserve:    Vulkan0 compute buffer size =   213.35 MiB
sched_reserve: Vulkan_Host compute buffer size =     0.63 MiB
sched_reserve: graph nodes  = 959
sched_reserve: graph splits = 396 (with bs=32), 1 (with bs=1)
sched_reserve: reserve took 184.56 ms, sched copies = 1
common_init_from_params: warming up the model with an empty run - please wait ... (--no-warmup to disable)
srv    load_model: initializing slots, n_slots = 1
no implementations specified for speculative decoding
slot   load_model: id  0 | task -1 | speculative decoding context not initialized
slot   load_model: id  0 | task -1 | new slot, n_ctx = 2048
srv    load_model: prompt cache is enabled, size limit: 8192 MiB
srv    load_model: use `--cache-ram 0` to disable the prompt cache
srv    load_model: for more info see https://github.com/ggml-org/llama.cpp/pull/16391
init: chat template, example_format: '<|im_start|>system
You are a helpful assistant<|im_end|>
<|im_start|>user
Hello<|im_end|>
<|im_start|>assistant
Hi there<|im_end|>
<|im_start|>user
How are you?<|im_end|>
<|im_start|>assistant
'
srv          init: init: chat template, thinking = 0
main: model loaded
main: server is listening on http://127.0.0.1:8080
main: starting the main loop...
srv  update_slots: all slots are idle
srv  params_from_: Chat format: peg-native
slot get_availabl: id  0 | task -1 | selected slot by LRU, t_last = -1
slot launch_slot_: id  0 | task -1 | sampler chain: logits -> ?penalties -> ?dry -> ?top-n-sigma -> top-k -> ?typical -> top-p -> ?min-p -> ?xtc -> temp-ext -> dist 
slot launch_slot_: id  0 | task 0 | processing task, is_child = 0
slot update_slots: id  0 | task 0 | new prompt, n_ctx_slot = 2048, n_keep = 0, task.n_tokens = 1847
slot update_slots: id  0 | task 0 | n_tokens = 0, memory_seq_rm [0, end)
slot update_slots: id  0 | task 0 | prompt processing progress, n_tokens = 32, batch.n_tokens = 32, progress = 0.017325
slot update_slots: id  0 | task 0 | n_tokens = 32, memory_seq_rm [32, end)
slot update_slots: id  0 | task 0 | prompt processing progress, n_tokens = 64, batch.n_tokens = 32, progress = 0.034651
slot update_slots: id  0 | task 0 | n_tokens = 64, memory_seq_rm [64, end)
slot update_slots: id  0 | task 0 | prompt processing progress, n_tokens = 96, batch.n_tokens = 32, progress = 0.051976
slot update_slots: id  0 | task 0 | n_tokens = 96, memory_seq_rm [96, end)
slot update_slots: id  0 | task 0 | prompt processing progress, n_tokens = 128, batch.n_tokens = 32, progress = 0.069302
slot update_slots: id  0 | task 0 | n_tokens = 128, memory_seq_rm [128, end)
slot update_slots: id  0 | task 0 | prompt processing progress, n_tokens = 160, batch.n_tokens = 32, progress = 0.086627
slot update_slots: id  0 | task 0 | n_tokens = 160, memory_seq_rm [160, end)
slot update_slots: id  0 | task 0 | prompt processing progress, n_tokens = 192, batch.n_tokens = 32, progress = 0.103952
slot update_slots: id  0 | task 0 | n_tokens = 192, memory_seq_rm [192, end)
slot update_slots: id  0 | task 0 | prompt processing progress, n_tokens = 224, batch.n_tokens = 32, progress = 0.121278
slot update_slots: id  0 | task 0 | n_tokens = 224, memory_seq_rm [224, end)
slot update_slots: id  0 | task 0 | prompt processing progress, n_tokens = 256, batch.n_tokens = 32, progress = 0.138603
slot update_slots: id  0 | task 0 | n_tokens = 256, memory_seq_rm [256, end)
slot update_slots: id  0 | task 0 | prompt processing progress, n_tokens = 288, batch.n_tokens = 32, progress = 0.155929
slot update_slots: id  0 | task 0 | n_tokens = 288, memory_seq_rm [288, end)
slot update_slots: id  0 | task 0 | prompt processing progress, n_tokens = 320, batch.n_tokens = 32, progress = 0.173254
slot update_slots: id  0 | task 0 | n_tokens = 320, memory_seq_rm [320, end)
slot update_slots: id  0 | task 0 | prompt processing progress, n_tokens = 352, batch.n_tokens = 32, progress = 0.190579
slot update_slots: id  0 | task 0 | n_tokens = 352, memory_seq_rm [352, end)
slot update_slots: id  0 | task 0 | prompt processing progress, n_tokens = 384, batch.n_tokens = 32, progress = 0.207905
slot update_slots: id  0 | task 0 | n_tokens = 384, memory_seq_rm [384, end)
slot update_slots: id  0 | task 0 | prompt processing progress, n_tokens = 416, batch.n_tokens = 32, progress = 0.225230
slot update_slots: id  0 | task 0 | n_tokens = 416, memory_seq_rm [416, end)
slot update_slots: id  0 | task 0 | prompt processing progress, n_tokens = 448, batch.n_tokens = 32, progress = 0.242555
slot update_slots: id  0 | task 0 | n_tokens = 448, memory_seq_rm [448, end)
slot update_slots: id  0 | task 0 | prompt processing progress, n_tokens = 480, batch.n_tokens = 32, progress = 0.259881
slot update_slots: id  0 | task 0 | n_tokens = 480, memory_seq_rm [480, end)
slot update_slots: id  0 | task 0 | prompt processing progress, n_tokens = 512, batch.n_tokens = 32, progress = 0.277206
slot update_slots: id  0 | task 0 | n_tokens = 512, memory_seq_rm [512, end)
slot update_slots: id  0 | task 0 | prompt processing progress, n_tokens = 544, batch.n_tokens = 32, progress = 0.294532
slot update_slots: id  0 | task 0 | n_tokens = 544, memory_seq_rm [544, end)
slot update_slots: id  0 | task 0 | prompt processing progress, n_tokens = 576, batch.n_tokens = 32, progress = 0.311857
slot update_slots: id  0 | task 0 | n_tokens = 576, memory_seq_rm [576, end)
slot update_slots: id  0 | task 0 | prompt processing progress, n_tokens = 608, batch.n_tokens = 32, progress = 0.329182
slot update_slots: id  0 | task 0 | n_tokens = 608, memory_seq_rm [608, end)
slot update_slots: id  0 | task 0 | prompt processing progress, n_tokens = 640, batch.n_tokens = 32, progress = 0.346508
slot update_slots: id  0 | task 0 | n_tokens = 640, memory_seq_rm [640, end)
slot update_slots: id  0 | task 0 | prompt processing progress, n_tokens = 672, batch.n_tokens = 32, progress = 0.363833
slot update_slots: id  0 | task 0 | n_tokens = 672, memory_seq_rm [672, end)
slot update_slots: id  0 | task 0 | prompt processing progress, n_tokens = 704, batch.n_tokens = 32, progress = 0.381159
slot update_slots: id  0 | task 0 | n_tokens = 704, memory_seq_rm [704, end)
slot update_slots: id  0 | task 0 | prompt processing progress, n_tokens = 736, batch.n_tokens = 32, progress = 0.398484
slot update_slots: id  0 | task 0 | n_tokens = 736, memory_seq_rm [736, end)
slot update_slots: id  0 | task 0 | prompt processing progress, n_tokens = 768, batch.n_tokens = 32, progress = 0.415809
slot update_slots: id  0 | task 0 | n_tokens = 768, memory_seq_rm [768, end)
slot update_slots: id  0 | task 0 | prompt processing progress, n_tokens = 800, batch.n_tokens = 32, progress = 0.433135
slot update_slots: id  0 | task 0 | n_tokens = 800, memory_seq_rm [800, end)
slot update_slots: id  0 | task 0 | prompt processing progress, n_tokens = 832, batch.n_tokens = 32, progress = 0.450460
slot update_slots: id  0 | task 0 | n_tokens = 832, memory_seq_rm [832, end)
slot update_slots: id  0 | task 0 | prompt processing progress, n_tokens = 864, batch.n_tokens = 32, progress = 0.467786
slot update_slots: id  0 | task 0 | n_tokens = 864, memory_seq_rm [864, end)
slot update_slots: id  0 | task 0 | prompt processing progress, n_tokens = 896, batch.n_tokens = 32, progress = 0.485111
slot update_slots: id  0 | task 0 | n_tokens = 896, memory_seq_rm [896, end)
slot update_slots: id  0 | task 0 | prompt processing progress, n_tokens = 928, batch.n_tokens = 32, progress = 0.502436
slot update_slots: id  0 | task 0 | n_tokens = 928, memory_seq_rm [928, end)
slot update_slots: id  0 | task 0 | prompt processing progress, n_tokens = 960, batch.n_tokens = 32, progress = 0.519762
slot update_slots: id  0 | task 0 | n_tokens = 960, memory_seq_rm [960, end)
slot update_slots: id  0 | task 0 | prompt processing progress, n_tokens = 992, batch.n_tokens = 32, progress = 0.537087
slot update_slots: id  0 | task 0 | n_tokens = 992, memory_seq_rm [992, end)
slot update_slots: id  0 | task 0 | prompt processing progress, n_tokens = 1024, batch.n_tokens = 32, progress = 0.554413
slot update_slots: id  0 | task 0 | n_tokens = 1024, memory_seq_rm [1024, end)
slot update_slots: id  0 | task 0 | prompt processing progress, n_tokens = 1056, batch.n_tokens = 32, progress = 0.571738
slot update_slots: id  0 | task 0 | n_tokens = 1056, memory_seq_rm [1056, end)
slot update_slots: id  0 | task 0 | prompt processing progress, n_tokens = 1088, batch.n_tokens = 32, progress = 0.589063
slot update_slots: id  0 | task 0 | n_tokens = 1088, memory_seq_rm [1088, end)
slot update_slots: id  0 | task 0 | prompt processing progress, n_tokens = 1120, batch.n_tokens = 32, progress = 0.606389
slot update_slots: id  0 | task 0 | n_tokens = 1120, memory_seq_rm [1120, end)
slot update_slots: id  0 | task 0 | prompt processing progress, n_tokens = 1152, batch.n_tokens = 32, progress = 0.623714
slot update_slots: id  0 | task 0 | n_tokens = 1152, memory_seq_rm [1152, end)
slot update_slots: id  0 | task 0 | prompt processing progress, n_tokens = 1184, batch.n_tokens = 32, progress = 0.641040
slot update_slots: id  0 | task 0 | n_tokens = 1184, memory_seq_rm [1184, end)
slot update_slots: id  0 | task 0 | prompt processing progress, n_tokens = 1216, batch.n_tokens = 32, progress = 0.658365
slot update_slots: id  0 | task 0 | n_tokens = 1216, memory_seq_rm [1216, end)
slot update_slots: id  0 | task 0 | prompt processing progress, n_tokens = 1248, batch.n_tokens = 32, progress = 0.675690
slot update_slots: id  0 | task 0 | n_tokens = 1248, memory_seq_rm [1248, end)
slot update_slots: id  0 | task 0 | prompt processing progress, n_tokens = 1280, batch.n_tokens = 32, progress = 0.693016
slot update_slots: id  0 | task 0 | n_tokens = 1280, memory_seq_rm [1280, end)
slot update_slots: id  0 | task 0 | prompt processing progress, n_tokens = 1312, batch.n_tokens = 32, progress = 0.710341
slot update_slots: id  0 | task 0 | n_tokens = 1312, memory_seq_rm [1312, end)
slot update_slots: id  0 | task 0 | prompt processing progress, n_tokens = 1344, batch.n_tokens = 32, progress = 0.727666
slot update_slots: id  0 | task 0 | n_tokens = 1344, memory_seq_rm [1344, end)
slot update_slots: id  0 | task 0 | prompt processing progress, n_tokens = 1376, batch.n_tokens = 32, progress = 0.744992
slot update_slots: id  0 | task 0 | n_tokens = 1376, memory_seq_rm [1376, end)
slot update_slots: id  0 | task 0 | prompt processing progress, n_tokens = 1408, batch.n_tokens = 32, progress = 0.762317
slot update_slots: id  0 | task 0 | n_tokens = 1408, memory_seq_rm [1408, end)
slot update_slots: id  0 | task 0 | prompt processing progress, n_tokens = 1440, batch.n_tokens = 32, progress = 0.779643
slot update_slots: id  0 | task 0 | n_tokens = 1440, memory_seq_rm [1440, end)
slot update_slots: id  0 | task 0 | prompt processing progress, n_tokens = 1472, batch.n_tokens = 32, progress = 0.796968
slot update_slots: id  0 | task 0 | n_tokens = 1472, memory_seq_rm [1472, end)
slot update_slots: id  0 | task 0 | prompt processing progress, n_tokens = 1504, batch.n_tokens = 32, progress = 0.814293
slot update_slots: id  0 | task 0 | n_tokens = 1504, memory_seq_rm [1504, end)
slot update_slots: id  0 | task 0 | prompt processing progress, n_tokens = 1536, batch.n_tokens = 32, progress = 0.831619
slot update_slots: id  0 | task 0 | n_tokens = 1536, memory_seq_rm [1536, end)
slot update_slots: id  0 | task 0 | prompt processing progress, n_tokens = 1568, batch.n_tokens = 32, progress = 0.848944
slot update_slots: id  0 | task 0 | n_tokens = 1568, memory_seq_rm [1568, end)
slot update_slots: id  0 | task 0 | prompt processing progress, n_tokens = 1600, batch.n_tokens = 32, progress = 0.866270
slot update_slots: id  0 | task 0 | n_tokens = 1600, memory_seq_rm [1600, end)
slot update_slots: id  0 | task 0 | prompt processing progress, n_tokens = 1632, batch.n_tokens = 32, progress = 0.883595
slot update_slots: id  0 | task 0 | n_tokens = 1632, memory_seq_rm [1632, end)
slot update_slots: id  0 | task 0 | prompt processing progress, n_tokens = 1664, batch.n_tokens = 32, progress = 0.900920
slot update_slots: id  0 | task 0 | n_tokens = 1664, memory_seq_rm [1664, end)
slot update_slots: id  0 | task 0 | prompt processing progress, n_tokens = 1696, batch.n_tokens = 32, progress = 0.918246
slot update_slots: id  0 | task 0 | n_tokens = 1696, memory_seq_rm [1696, end)
slot update_slots: id  0 | task 0 | prompt processing progress, n_tokens = 1728, batch.n_tokens = 32, progress = 0.935571
slot update_slots: id  0 | task 0 | n_tokens = 1728, memory_seq_rm [1728, end)
slot update_slots: id  0 | task 0 | prompt processing progress, n_tokens = 1760, batch.n_tokens = 32, progress = 0.952897
slot update_slots: id  0 | task 0 | n_tokens = 1760, memory_seq_rm [1760, end)
slot update_slots: id  0 | task 0 | prompt processing progress, n_tokens = 1792, batch.n_tokens = 32, progress = 0.970222
slot update_slots: id  0 | task 0 | n_tokens = 1792, memory_seq_rm [1792, end)
slot update_slots: id  0 | task 0 | prompt processing progress, n_tokens = 1824, batch.n_tokens = 32, progress = 0.987547
slot update_slots: id  0 | task 0 | n_tokens = 1824, memory_seq_rm [1824, end)
slot init_sampler: id  0 | task 0 | init sampler, took 0.26 ms, tokens: text = 1847, total = 1847
slot update_slots: id  0 | task 0 | prompt processing done, n_tokens = 1847, batch.n_tokens = 23
slot print_timing: id  0 | task 0 | 
prompt eval time =   56111.33 ms /  1847 tokens (   30.38 ms per token,    32.92 tokens per second)
       eval time =    1325.43 ms /    21 tokens (   63.12 ms per token,    15.84 tokens per second)
      total time =   57436.75 ms /  1868 tokens
slot      release: id  0 | task 0 | stop processing: n_tokens = 1867, truncated = 0
srv  update_slots: all slots are idle
srv  log_server_r: done request: POST /v1/chat/completions 127.0.0.1 200
load_backend: loaded RPC backend from D:\DATN\legal_ai_source\source_code\models\llama-b8644-bin-win-vulkan-x64\ggml-rpc.dll
load_backend: loaded Vulkan backend from D:\DATN\legal_ai_source\source_code\models\llama-b8644-bin-win-vulkan-x64\ggml-vulkan.dll
load_backend: loaded CPU backend from D:\DATN\legal_ai_source\source_code\models\llama-b8644-bin-win-vulkan-x64\ggml-cpu-icelake.dll
system info: n_threads = 4, n_threads_batch = 4, total_threads = 8

system_info: n_threads = 4 (n_threads_batch = 4) / 8 | CPU : SSE3 = 1 | SSSE3 = 1 | AVX = 1 | AVX2 = 1 | F16C = 1 | FMA = 1 | BMI2 = 1 | AVX512 = 1 | AVX512_VBMI = 1 | AVX512_VNNI = 1 | LLAMAFILE = 1 | OPENMP = 1 | REPACK = 1 | 

Running without SSL
init: using 7 threads for HTTP server
start: binding port with default address family
main: loading model
srv    load_model: loading model 'D:\DATN\legal_ai_source\source_code\models\qwen2.5-1.5b-instruct-q4_k_m.gguf'
common_init_result: fitting params to device memory, for bugs during this step try to reproduce them with -fit off, or provide --verbose logs if the bug only occurs with -fit on
llama_params_fit_impl: projected to use 213 MiB of device memory vs. 3525 MiB of free device memory
llama_params_fit_impl: will leave 3311 >= 1024 MiB of free device memory, no changes needed
llama_params_fit: successfully fit params to free device memory
llama_params_fit: fitting params to free memory took 0.79 seconds
llama_model_load_from_file_impl: using device Vulkan0 (Intel(R) Iris(R) Xe Graphics) (unknown id) - 3525 MiB free
llama_model_loader: loaded meta data with 26 key-value pairs and 339 tensors from D:\DATN\legal_ai_source\source_code\models\qwen2.5-1.5b-instruct-q4_k_m.gguf (version GGUF V3 (latest))
llama_model_loader: Dumping metadata keys/values. Note: KV overrides do not apply in this output.
llama_model_loader: - kv   0:                       general.architecture str              = qwen2
llama_model_loader: - kv   1:                               general.type str              = model
llama_model_loader: - kv   2:                               general.name str              = qwen2.5-1.5b-instruct
llama_model_loader: - kv   3:                            general.version str              = v0.1
llama_model_loader: - kv   4:                           general.finetune str              = qwen2.5-1.5b-instruct
llama_model_loader: - kv   5:                         general.size_label str              = 1.8B
llama_model_loader: - kv   6:                          qwen2.block_count u32              = 28
llama_model_loader: - kv   7:                       qwen2.context_length u32              = 32768
llama_model_loader: - kv   8:                     qwen2.embedding_length u32              = 1536
llama_model_loader: - kv   9:                  qwen2.feed_forward_length u32              = 8960
llama_model_loader: - kv  10:                 qwen2.attention.head_count u32              = 12
llama_model_loader: - kv  11:              qwen2.attention.head_count_kv u32              = 2
llama_model_loader: - kv  12:                       qwen2.rope.freq_base f32              = 1000000.000000
llama_model_loader: - kv  13:     qwen2.attention.layer_norm_rms_epsilon f32              = 0.000001
llama_model_loader: - kv  14:                          general.file_type u32              = 15
llama_model_loader: - kv  15:                       tokenizer.ggml.model str              = gpt2
llama_model_loader: - kv  16:                         tokenizer.ggml.pre str              = qwen2
llama_model_loader: - kv  17:                      tokenizer.ggml.tokens arr[str,151936]  = ["!", "\"", "#", "$", "%", "&", "'", ...
llama_model_loader: - kv  18:                  tokenizer.ggml.token_type arr[i32,151936]  = [1, 1, 1, 1, 1, 1, 1, 1, 1, 1, 1, 1, ...
llama_model_loader: - kv  19:                      tokenizer.ggml.merges arr[str,151387]  = ["Ġ Ġ", "ĠĠ ĠĠ", "i n", "Ġ t",...
llama_model_loader: - kv  20:                tokenizer.ggml.eos_token_id u32              = 151645
llama_model_loader: - kv  21:            tokenizer.ggml.padding_token_id u32              = 151643
llama_model_loader: - kv  22:                tokenizer.ggml.bos_token_id u32              = 151643
llama_model_loader: - kv  23:               tokenizer.ggml.add_bos_token bool             = false
llama_model_loader: - kv  24:                    tokenizer.chat_template str              = {%- if tools %}\n    {{- '<|im_start|>...
llama_model_loader: - kv  25:               general.quantization_version u32              = 2
llama_model_loader: - type  f32:  141 tensors
llama_model_loader: - type q4_K:  169 tensors
llama_model_loader: - type q6_K:   29 tensors
print_info: file format = GGUF V3 (latest)
print_info: file type   = Q4_K - Medium
print_info: file size   = 1.04 GiB (5.00 BPW) 
load: 0 unused tokens
load: control-looking token: 128247 '</s>' was not control-type; this is probably a bug in the model. its type will be overridden
load: printing all EOG tokens:
load:   - 128247 ('</s>')
load:   - 151643 ('<|endoftext|>')
load:   - 151645 ('<|im_end|>')
load:   - 151662 ('<|fim_pad|>')
load:   - 151663 ('<|repo_name|>')
load:   - 151664 ('<|file_sep|>')
load: special tokens cache size = 23
load: token to piece cache size = 0.9310 MB
print_info: arch                  = qwen2
print_info: vocab_only            = 0
print_info: no_alloc              = 0
print_info: n_ctx_train           = 32768
print_info: n_embd                = 1536
print_info: n_embd_inp            = 1536
print_info: n_layer               = 28
print_info: n_head                = 12
print_info: n_head_kv             = 2
print_info: n_rot                 = 128
print_info: n_swa                 = 0
print_info: is_swa_any            = 0
print_info: n_embd_head_k         = 128
print_info: n_embd_head_v         = 128
print_info: n_gqa                 = 6
print_info: n_embd_k_gqa          = 256
print_info: n_embd_v_gqa          = 256
print_info: f_norm_eps            = 0.0e+00
print_info: f_norm_rms_eps        = 1.0e-06
print_info: f_clamp_kqv           = 0.0e+00
print_info: f_max_alibi_bias      = 0.0e+00
print_info: f_logit_scale         = 0.0e+00
print_info: f_attn_scale          = 0.0e+00
print_info: n_ff                  = 8960
print_info: n_expert              = 0
print_info: n_expert_used         = 0
print_info: n_expert_groups       = 0
print_info: n_group_used          = 0
print_info: causal attn           = 1
print_info: pooling type          = -1
print_info: rope type             = 2
print_info: rope scaling          = linear
print_info: freq_base_train       = 1000000.0
print_info: freq_scale_train      = 1
print_info: n_ctx_orig_yarn       = 32768
print_info: rope_yarn_log_mul     = 0.0000
print_info: rope_finetuned        = unknown
print_info: model type            = 1.5B
print_info: model params          = 1.78 B
print_info: general.name          = qwen2.5-1.5b-instruct
print_info: vocab type            = BPE
print_info: n_vocab               = 151936
print_info: n_merges              = 151387
print_info: BOS token             = 151643 '<|endoftext|>'
print_info: EOS token             = 151645 '<|im_end|>'
print_info: EOT token             = 151645 '<|im_end|>'
print_info: PAD token             = 151643 '<|endoftext|>'
print_info: LF token              = 198 'Ċ'
print_info: FIM PRE token         = 151659 '<|fim_prefix|>'
print_info: FIM SUF token         = 151661 '<|fim_suffix|>'
print_info: FIM MID token         = 151660 '<|fim_middle|>'
print_info: FIM PAD token         = 151662 '<|fim_pad|>'
print_info: FIM REP token         = 151663 '<|repo_name|>'
print_info: FIM SEP token         = 151664 '<|file_sep|>'
print_info: EOG token             = 128247 '</s>'
print_info: EOG token             = 151643 '<|endoftext|>'
print_info: EOG token             = 151645 '<|im_end|>'
print_info: EOG token             = 151662 '<|fim_pad|>'
print_info: EOG token             = 151663 '<|repo_name|>'
print_info: EOG token             = 151664 '<|file_sep|>'
print_info: max token length      = 256
load_tensors: loading model tensors, this can take a while... (mmap = true, direct_io = false)
load_tensors: offloading 0 repeating layers to GPU
load_tensors: offloaded 0/29 layers to GPU
load_tensors:   CPU_Mapped model buffer size =  1059.89 MiB
.........................................................................
common_init_result: added </s> logit bias = -inf
common_init_result: added <|endoftext|> logit bias = -inf
common_init_result: added <|im_end|> logit bias = -inf
common_init_result: added <|fim_pad|> logit bias = -inf
common_init_result: added <|repo_name|> logit bias = -inf
common_init_result: added <|file_sep|> logit bias = -inf
llama_context: constructing llama_context
llama_context: n_seq_max     = 1
llama_context: n_ctx         = 2048
llama_context: n_ctx_seq     = 2048
llama_context: n_batch       = 32
llama_context: n_ubatch      = 32
llama_context: causal_attn   = 1
llama_context: flash_attn    = auto
llama_context: kv_unified    = false
llama_context: freq_base     = 1000000.0
llama_context: freq_scale    = 1
llama_context: n_ctx_seq (2048) < n_ctx_train (32768) -- the full capacity of the model will not be utilized
llama_context:        CPU  output buffer size =     0.58 MiB
llama_kv_cache:        CPU KV buffer size =    56.00 MiB
llama_kv_cache: size =   56.00 MiB (  2048 cells,  28 layers,  1/1 seqs), K (f16):   28.00 MiB, V (f16):   28.00 MiB
llama_kv_cache: attn_rot_k = 0
llama_kv_cache: attn_rot_v = 0
sched_reserve: reserving ...
sched_reserve: Flash Attention was auto, set to enabled
sched_reserve: resolving fused Gated Delta Net support:
sched_reserve: fused Gated Delta Net (autoregressive) enabled
sched_reserve: fused Gated Delta Net (chunked) enabled
sched_reserve:    Vulkan0 compute buffer size =   213.35 MiB
sched_reserve: Vulkan_Host compute buffer size =     0.63 MiB
sched_reserve: graph nodes  = 959
sched_reserve: graph splits = 396 (with bs=32), 1 (with bs=1)
sched_reserve: reserve took 243.72 ms, sched copies = 1
common_init_from_params: warming up the model with an empty run - please wait ... (--no-warmup to disable)
srv    load_model: initializing slots, n_slots = 1
no implementations specified for speculative decoding
slot   load_model: id  0 | task -1 | speculative decoding context not initialized
slot   load_model: id  0 | task -1 | new slot, n_ctx = 2048
srv    load_model: prompt cache is enabled, size limit: 8192 MiB
srv    load_model: use `--cache-ram 0` to disable the prompt cache
srv    load_model: for more info see https://github.com/ggml-org/llama.cpp/pull/16391
init: chat template, example_format: '<|im_start|>system
You are a helpful assistant<|im_end|>
<|im_start|>user
Hello<|im_end|>
<|im_start|>assistant
Hi there<|im_end|>
<|im_start|>user
How are you?<|im_end|>
<|im_start|>assistant
'
srv          init: init: chat template, thinking = 0
main: model loaded
main: server is listening on http://127.0.0.1:8080
main: starting the main loop...
srv  update_slots: all slots are idle
srv  params_from_: Chat format: peg-native
slot get_availabl: id  0 | task -1 | selected slot by LRU, t_last = -1
slot launch_slot_: id  0 | task -1 | sampler chain: logits -> ?penalties -> ?dry -> ?top-n-sigma -> top-k -> ?typical -> top-p -> ?min-p -> ?xtc -> temp-ext -> dist 
slot launch_slot_: id  0 | task 0 | processing task, is_child = 0
slot update_slots: id  0 | task 0 | new prompt, n_ctx_slot = 2048, n_keep = 0, task.n_tokens = 2365
srv    send_error: task id = 0, error: request (2365 tokens) exceeds the available context size (2048 tokens), try increasing it
slot      release: id  0 | task 0 | stop processing: n_tokens = 0, truncated = 0
srv  update_slots: no tokens to decode
srv          stop: cancel task, id_task = 0
srv  update_slots: all slots are idle
srv  update_slots: all slots are idle
srv  log_server_r: done request: POST /v1/chat/completions 127.0.0.1 400
srv  params_from_: Chat format: peg-native
slot get_availabl: id  0 | task -1 | selected slot by LRU, t_last = 112313614
slot launch_slot_: id  0 | task -1 | sampler chain: logits -> ?penalties -> ?dry -> ?top-n-sigma -> top-k -> ?typical -> top-p -> ?min-p -> ?xtc -> temp-ext -> dist 
slot launch_slot_: id  0 | task 3 | processing task, is_child = 0
slot update_slots: id  0 | task 3 | new prompt, n_ctx_slot = 2048, n_keep = 0, task.n_tokens = 2410
srv    send_error: task id = 3, error: request (2410 tokens) exceeds the available context size (2048 tokens), try increasing it
slot      release: id  0 | task 3 | stop processing: n_tokens = 0, truncated = 0
srv  update_slots: no tokens to decode
srv          stop: cancel task, id_task = 3
srv  update_slots: all slots are idle
srv  update_slots: all slots are idle
srv  log_server_r: done request: POST /v1/chat/completions 127.0.0.1 400
srv  params_from_: Chat format: peg-native
slot get_availabl: id  0 | task -1 | selected slot by LRU, t_last = 132551451
slot launch_slot_: id  0 | task -1 | sampler chain: logits -> ?penalties -> ?dry -> ?top-n-sigma -> top-k -> ?typical -> top-p -> ?min-p -> ?xtc -> temp-ext -> dist 
slot launch_slot_: id  0 | task 6 | processing task, is_child = 0
slot update_slots: id  0 | task 6 | new prompt, n_ctx_slot = 2048, n_keep = 0, task.n_tokens = 2500
srv    send_error: task id = 6, error: request (2500 tokens) exceeds the available context size (2048 tokens), try increasing it
slot      release: id  0 | task 6 | stop processing: n_tokens = 0, truncated = 0
srv          stop: cancel task, id_task = 6
srv  update_slots: no tokens to decode
srv  update_slots: all slots are idle
srv  update_slots: all slots are idle
srv  log_server_r: done request: POST /v1/chat/completions 127.0.0.1 400
srv  params_from_: Chat format: peg-native
slot get_availabl: id  0 | task -1 | selected slot by LRU, t_last = 149326306
slot launch_slot_: id  0 | task -1 | sampler chain: logits -> ?penalties -> ?dry -> ?top-n-sigma -> top-k -> ?typical -> top-p -> ?min-p -> ?xtc -> temp-ext -> dist 
slot launch_slot_: id  0 | task 9 | processing task, is_child = 0
slot update_slots: id  0 | task 9 | new prompt, n_ctx_slot = 2048, n_keep = 0, task.n_tokens = 2489
srv    send_error: task id = 9, error: request (2489 tokens) exceeds the available context size (2048 tokens), try increasing it
slot      release: id  0 | task 9 | stop processing: n_tokens = 0, truncated = 0
srv          stop: cancel task, id_task = 9
srv  update_slots: no tokens to decode
srv  update_slots: all slots are idle
srv  update_slots: all slots are idle
srv  log_server_r: done request: POST /v1/chat/completions 127.0.0.1 400
load_backend: loaded RPC backend from D:\DATN\legal_ai_source\source_code\models\llama-b8644-bin-win-vulkan-x64\ggml-rpc.dll
load_backend: loaded Vulkan backend from D:\DATN\legal_ai_source\source_code\models\llama-b8644-bin-win-vulkan-x64\ggml-vulkan.dll
load_backend: loaded CPU backend from D:\DATN\legal_ai_source\source_code\models\llama-b8644-bin-win-vulkan-x64\ggml-cpu-icelake.dll
system info: n_threads = 4, n_threads_batch = 4, total_threads = 8

system_info: n_threads = 4 (n_threads_batch = 4) / 8 | CPU : SSE3 = 1 | SSSE3 = 1 | AVX = 1 | AVX2 = 1 | F16C = 1 | FMA = 1 | BMI2 = 1 | AVX512 = 1 | AVX512_VBMI = 1 | AVX512_VNNI = 1 | LLAMAFILE = 1 | OPENMP = 1 | REPACK = 1 | 

Running without SSL
init: using 7 threads for HTTP server
start: binding port with default address family
main: loading model
srv    load_model: loading model 'D:\DATN\legal_ai_source\source_code\models\qwen2.5-1.5b-instruct-q4_k_m.gguf'
common_init_result: fitting params to device memory, for bugs during this step try to reproduce them with -fit off, or provide --verbose logs if the bug only occurs with -fit on
llama_params_fit_impl: projected to use 213 MiB of device memory vs. 3525 MiB of free device memory
llama_params_fit_impl: will leave 3311 >= 1024 MiB of free device memory, no changes needed
llama_params_fit: successfully fit params to free device memory
llama_params_fit: fitting params to free memory took 0.67 seconds
llama_model_load_from_file_impl: using device Vulkan0 (Intel(R) Iris(R) Xe Graphics) (unknown id) - 3525 MiB free
llama_model_loader: loaded meta data with 26 key-value pairs and 339 tensors from D:\DATN\legal_ai_source\source_code\models\qwen2.5-1.5b-instruct-q4_k_m.gguf (version GGUF V3 (latest))
llama_model_loader: Dumping metadata keys/values. Note: KV overrides do not apply in this output.
llama_model_loader: - kv   0:                       general.architecture str              = qwen2
llama_model_loader: - kv   1:                               general.type str              = model
llama_model_loader: - kv   2:                               general.name str              = qwen2.5-1.5b-instruct
llama_model_loader: - kv   3:                            general.version str              = v0.1
llama_model_loader: - kv   4:                           general.finetune str              = qwen2.5-1.5b-instruct
llama_model_loader: - kv   5:                         general.size_label str              = 1.8B
llama_model_loader: - kv   6:                          qwen2.block_count u32              = 28
llama_model_loader: - kv   7:                       qwen2.context_length u32              = 32768
llama_model_loader: - kv   8:                     qwen2.embedding_length u32              = 1536
llama_model_loader: - kv   9:                  qwen2.feed_forward_length u32              = 8960
llama_model_loader: - kv  10:                 qwen2.attention.head_count u32              = 12
llama_model_loader: - kv  11:              qwen2.attention.head_count_kv u32              = 2
llama_model_loader: - kv  12:                       qwen2.rope.freq_base f32              = 1000000.000000
llama_model_loader: - kv  13:     qwen2.attention.layer_norm_rms_epsilon f32              = 0.000001
llama_model_loader: - kv  14:                          general.file_type u32              = 15
llama_model_loader: - kv  15:                       tokenizer.ggml.model str              = gpt2
llama_model_loader: - kv  16:                         tokenizer.ggml.pre str              = qwen2
llama_model_loader: - kv  17:                      tokenizer.ggml.tokens arr[str,151936]  = ["!", "\"", "#", "$", "%", "&", "'", ...
llama_model_loader: - kv  18:                  tokenizer.ggml.token_type arr[i32,151936]  = [1, 1, 1, 1, 1, 1, 1, 1, 1, 1, 1, 1, ...
llama_model_loader: - kv  19:                      tokenizer.ggml.merges arr[str,151387]  = ["Ġ Ġ", "ĠĠ ĠĠ", "i n", "Ġ t",...
llama_model_loader: - kv  20:                tokenizer.ggml.eos_token_id u32              = 151645
llama_model_loader: - kv  21:            tokenizer.ggml.padding_token_id u32              = 151643
llama_model_loader: - kv  22:                tokenizer.ggml.bos_token_id u32              = 151643
llama_model_loader: - kv  23:               tokenizer.ggml.add_bos_token bool             = false
llama_model_loader: - kv  24:                    tokenizer.chat_template str              = {%- if tools %}\n    {{- '<|im_start|>...
llama_model_loader: - kv  25:               general.quantization_version u32              = 2
llama_model_loader: - type  f32:  141 tensors
llama_model_loader: - type q4_K:  169 tensors
llama_model_loader: - type q6_K:   29 tensors
print_info: file format = GGUF V3 (latest)
print_info: file type   = Q4_K - Medium
print_info: file size   = 1.04 GiB (5.00 BPW) 
load: 0 unused tokens
load: control-looking token: 128247 '</s>' was not control-type; this is probably a bug in the model. its type will be overridden
load: printing all EOG tokens:
load:   - 128247 ('</s>')
load:   - 151643 ('<|endoftext|>')
load:   - 151645 ('<|im_end|>')
load:   - 151662 ('<|fim_pad|>')
load:   - 151663 ('<|repo_name|>')
load:   - 151664 ('<|file_sep|>')
load: special tokens cache size = 23
load: token to piece cache size = 0.9310 MB
print_info: arch                  = qwen2
print_info: vocab_only            = 0
print_info: no_alloc              = 0
print_info: n_ctx_train           = 32768
print_info: n_embd                = 1536
print_info: n_embd_inp            = 1536
print_info: n_layer               = 28
print_info: n_head                = 12
print_info: n_head_kv             = 2
print_info: n_rot                 = 128
print_info: n_swa                 = 0
print_info: is_swa_any            = 0
print_info: n_embd_head_k         = 128
print_info: n_embd_head_v         = 128
print_info: n_gqa                 = 6
print_info: n_embd_k_gqa          = 256
print_info: n_embd_v_gqa          = 256
print_info: f_norm_eps            = 0.0e+00
print_info: f_norm_rms_eps        = 1.0e-06
print_info: f_clamp_kqv           = 0.0e+00
print_info: f_max_alibi_bias      = 0.0e+00
print_info: f_logit_scale         = 0.0e+00
print_info: f_attn_scale          = 0.0e+00
print_info: n_ff                  = 8960
print_info: n_expert              = 0
print_info: n_expert_used         = 0
print_info: n_expert_groups       = 0
print_info: n_group_used          = 0
print_info: causal attn           = 1
print_info: pooling type          = -1
print_info: rope type             = 2
print_info: rope scaling          = linear
print_info: freq_base_train       = 1000000.0
print_info: freq_scale_train      = 1
print_info: n_ctx_orig_yarn       = 32768
print_info: rope_yarn_log_mul     = 0.0000
print_info: rope_finetuned        = unknown
print_info: model type            = 1.5B
print_info: model params          = 1.78 B
print_info: general.name          = qwen2.5-1.5b-instruct
print_info: vocab type            = BPE
print_info: n_vocab               = 151936
print_info: n_merges              = 151387
print_info: BOS token             = 151643 '<|endoftext|>'
print_info: EOS token             = 151645 '<|im_end|>'
print_info: EOT token             = 151645 '<|im_end|>'
print_info: PAD token             = 151643 '<|endoftext|>'
print_info: LF token              = 198 'Ċ'
print_info: FIM PRE token         = 151659 '<|fim_prefix|>'
print_info: FIM SUF token         = 151661 '<|fim_suffix|>'
print_info: FIM MID token         = 151660 '<|fim_middle|>'
print_info: FIM PAD token         = 151662 '<|fim_pad|>'
print_info: FIM REP token         = 151663 '<|repo_name|>'
print_info: FIM SEP token         = 151664 '<|file_sep|>'
print_info: EOG token             = 128247 '</s>'
print_info: EOG token             = 151643 '<|endoftext|>'
print_info: EOG token             = 151645 '<|im_end|>'
print_info: EOG token             = 151662 '<|fim_pad|>'
print_info: EOG token             = 151663 '<|repo_name|>'
print_info: EOG token             = 151664 '<|file_sep|>'
print_info: max token length      = 256
load_tensors: loading model tensors, this can take a while... (mmap = true, direct_io = false)
load_tensors: offloading 0 repeating layers to GPU
load_tensors: offloaded 0/29 layers to GPU
load_tensors:   CPU_Mapped model buffer size =  1059.89 MiB
.........................................................................
common_init_result: added </s> logit bias = -inf
common_init_result: added <|endoftext|> logit bias = -inf
common_init_result: added <|im_end|> logit bias = -inf
common_init_result: added <|fim_pad|> logit bias = -inf
common_init_result: added <|repo_name|> logit bias = -inf
common_init_result: added <|file_sep|> logit bias = -inf
llama_context: constructing llama_context
llama_context: n_seq_max     = 1
llama_context: n_ctx         = 2048
llama_context: n_ctx_seq     = 2048
llama_context: n_batch       = 32
llama_context: n_ubatch      = 32
llama_context: causal_attn   = 1
llama_context: flash_attn    = auto
llama_context: kv_unified    = false
llama_context: freq_base     = 1000000.0
llama_context: freq_scale    = 1
llama_context: n_ctx_seq (2048) < n_ctx_train (32768) -- the full capacity of the model will not be utilized
llama_context:        CPU  output buffer size =     0.58 MiB
llama_kv_cache:        CPU KV buffer size =    56.00 MiB
llama_kv_cache: size =   56.00 MiB (  2048 cells,  28 layers,  1/1 seqs), K (f16):   28.00 MiB, V (f16):   28.00 MiB
llama_kv_cache: attn_rot_k = 0
llama_kv_cache: attn_rot_v = 0
sched_reserve: reserving ...
sched_reserve: Flash Attention was auto, set to enabled
sched_reserve: resolving fused Gated Delta Net support:
sched_reserve: fused Gated Delta Net (autoregressive) enabled
sched_reserve: fused Gated Delta Net (chunked) enabled
sched_reserve:    Vulkan0 compute buffer size =   213.35 MiB
sched_reserve: Vulkan_Host compute buffer size =     0.63 MiB
sched_reserve: graph nodes  = 959
sched_reserve: graph splits = 396 (with bs=32), 1 (with bs=1)
sched_reserve: reserve took 368.76 ms, sched copies = 1
common_init_from_params: warming up the model with an empty run - please wait ... (--no-warmup to disable)
srv    load_model: initializing slots, n_slots = 1
no implementations specified for speculative decoding
slot   load_model: id  0 | task -1 | speculative decoding context not initialized
slot   load_model: id  0 | task -1 | new slot, n_ctx = 2048
srv    load_model: prompt cache is enabled, size limit: 8192 MiB
srv    load_model: use `--cache-ram 0` to disable the prompt cache
srv    load_model: for more info see https://github.com/ggml-org/llama.cpp/pull/16391
init: chat template, example_format: '<|im_start|>system
You are a helpful assistant<|im_end|>
<|im_start|>user
Hello<|im_end|>
<|im_start|>assistant
Hi there<|im_end|>
<|im_start|>user
How are you?<|im_end|>
<|im_start|>assistant
'
srv          init: init: chat template, thinking = 0
main: model loaded
main: server is listening on http://127.0.0.1:8080
main: starting the main loop...
srv  update_slots: all slots are idle
srv  params_from_: Chat format: peg-native
slot get_availabl: id  0 | task -1 | selected slot by LRU, t_last = -1
slot launch_slot_: id  0 | task -1 | sampler chain: logits -> ?penalties -> ?dry -> ?top-n-sigma -> top-k -> ?typical -> top-p -> ?min-p -> ?xtc -> temp-ext -> dist 
slot launch_slot_: id  0 | task 0 | processing task, is_child = 0
slot update_slots: id  0 | task 0 | new prompt, n_ctx_slot = 2048, n_keep = 0, task.n_tokens = 2383
srv    send_error: task id = 0, error: request (2383 tokens) exceeds the available context size (2048 tokens), try increasing it
slot      release: id  0 | task 0 | stop processing: n_tokens = 0, truncated = 0
srv  update_slots: no tokens to decode
srv  update_slots: all slots are idle
srv          stop: cancel task, id_task = 0
srv  update_slots: all slots are idle
srv  log_server_r: done request: POST /v1/chat/completions 127.0.0.1 400
srv  params_from_: Chat format: peg-native
slot get_availabl: id  0 | task -1 | selected slot by LRU, t_last = 58203631
slot launch_slot_: id  0 | task -1 | sampler chain: logits -> ?penalties -> ?dry -> ?top-n-sigma -> top-k -> ?typical -> top-p -> ?min-p -> ?xtc -> temp-ext -> dist 
slot launch_slot_: id  0 | task 3 | processing task, is_child = 0
slot update_slots: id  0 | task 3 | new prompt, n_ctx_slot = 2048, n_keep = 0, task.n_tokens = 2635
srv    send_error: task id = 3, error: request (2635 tokens) exceeds the available context size (2048 tokens), try increasing it
slot      release: id  0 | task 3 | stop processing: n_tokens = 0, truncated = 0
srv  update_slots: no tokens to decode
srv          stop: cancel task, id_task = 3
srv  update_slots: all slots are idle
srv  update_slots: all slots are idle
srv  log_server_r: done request: POST /v1/chat/completions 127.0.0.1 400
srv  params_from_: Chat format: peg-native
slot get_availabl: id  0 | task -1 | selected slot by LRU, t_last = 71700308
slot launch_slot_: id  0 | task -1 | sampler chain: logits -> ?penalties -> ?dry -> ?top-n-sigma -> top-k -> ?typical -> top-p -> ?min-p -> ?xtc -> temp-ext -> dist 
slot launch_slot_: id  0 | task 6 | processing task, is_child = 0
slot update_slots: id  0 | task 6 | new prompt, n_ctx_slot = 2048, n_keep = 0, task.n_tokens = 2795
srv    send_error: task id = 6, error: request (2795 tokens) exceeds the available context size (2048 tokens), try increasing it
slot      release: id  0 | task 6 | stop processing: n_tokens = 0, truncated = 0
srv          stop: cancel task, id_task = 6
srv  update_slots: no tokens to decode
srv  update_slots: all slots are idle
srv  update_slots: all slots are idle
srv  log_server_r: done request: POST /v1/chat/completions 127.0.0.1 400
srv  params_from_: Chat format: peg-native
slot get_availabl: id  0 | task -1 | selected slot by LRU, t_last = 112995529
slot launch_slot_: id  0 | task -1 | sampler chain: logits -> ?penalties -> ?dry -> ?top-n-sigma -> top-k -> ?typical -> top-p -> ?min-p -> ?xtc -> temp-ext -> dist 
slot launch_slot_: id  0 | task 9 | processing task, is_child = 0
slot update_slots: id  0 | task 9 | new prompt, n_ctx_slot = 2048, n_keep = 0, task.n_tokens = 2942
srv    send_error: task id = 9, error: request (2942 tokens) exceeds the available context size (2048 tokens), try increasing it
slot      release: id  0 | task 9 | stop processing: n_tokens = 0, truncated = 0
srv  update_slots: no tokens to decode
srv          stop: cancel task, id_task = 9
srv  update_slots: all slots are idle
srv  update_slots: all slots are idle
srv  log_server_r: done request: POST /v1/chat/completions 127.0.0.1 400
load_backend: loaded RPC backend from D:\DATN\legal_ai_source\source_code\models\llama-b8644-bin-win-vulkan-x64\ggml-rpc.dll
load_backend: loaded Vulkan backend from D:\DATN\legal_ai_source\source_code\models\llama-b8644-bin-win-vulkan-x64\ggml-vulkan.dll
load_backend: loaded CPU backend from D:\DATN\legal_ai_source\source_code\models\llama-b8644-bin-win-vulkan-x64\ggml-cpu-icelake.dll
system info: n_threads = 4, n_threads_batch = 4, total_threads = 8

system_info: n_threads = 4 (n_threads_batch = 4) / 8 | CPU : SSE3 = 1 | SSSE3 = 1 | AVX = 1 | AVX2 = 1 | F16C = 1 | FMA = 1 | BMI2 = 1 | AVX512 = 1 | AVX512_VBMI = 1 | AVX512_VNNI = 1 | LLAMAFILE = 1 | OPENMP = 1 | REPACK = 1 | 

Running without SSL
init: using 7 threads for HTTP server
start: binding port with default address family
main: loading model
srv    load_model: loading model 'D:\DATN\legal_ai_source\source_code\models\qwen2.5-1.5b-instruct-q4_k_m.gguf'
common_init_result: fitting params to device memory, for bugs during this step try to reproduce them with -fit off, or provide --verbose logs if the bug only occurs with -fit on
llama_params_fit_impl: projected to use 213 MiB of device memory vs. 3525 MiB of free device memory
llama_params_fit_impl: will leave 3311 >= 1024 MiB of free device memory, no changes needed
llama_params_fit: successfully fit params to free device memory
llama_params_fit: fitting params to free memory took 0.57 seconds
llama_model_load_from_file_impl: using device Vulkan0 (Intel(R) Iris(R) Xe Graphics) (unknown id) - 3525 MiB free
llama_model_loader: loaded meta data with 26 key-value pairs and 339 tensors from D:\DATN\legal_ai_source\source_code\models\qwen2.5-1.5b-instruct-q4_k_m.gguf (version GGUF V3 (latest))
llama_model_loader: Dumping metadata keys/values. Note: KV overrides do not apply in this output.
llama_model_loader: - kv   0:                       general.architecture str              = qwen2
llama_model_loader: - kv   1:                               general.type str              = model
llama_model_loader: - kv   2:                               general.name str              = qwen2.5-1.5b-instruct
llama_model_loader: - kv   3:                            general.version str              = v0.1
llama_model_loader: - kv   4:                           general.finetune str              = qwen2.5-1.5b-instruct
llama_model_loader: - kv   5:                         general.size_label str              = 1.8B
llama_model_loader: - kv   6:                          qwen2.block_count u32              = 28
llama_model_loader: - kv   7:                       qwen2.context_length u32              = 32768
llama_model_loader: - kv   8:                     qwen2.embedding_length u32              = 1536
llama_model_loader: - kv   9:                  qwen2.feed_forward_length u32              = 8960
llama_model_loader: - kv  10:                 qwen2.attention.head_count u32              = 12
llama_model_loader: - kv  11:              qwen2.attention.head_count_kv u32              = 2
llama_model_loader: - kv  12:                       qwen2.rope.freq_base f32              = 1000000.000000
llama_model_loader: - kv  13:     qwen2.attention.layer_norm_rms_epsilon f32              = 0.000001
llama_model_loader: - kv  14:                          general.file_type u32              = 15
llama_model_loader: - kv  15:                       tokenizer.ggml.model str              = gpt2
llama_model_loader: - kv  16:                         tokenizer.ggml.pre str              = qwen2
llama_model_loader: - kv  17:                      tokenizer.ggml.tokens arr[str,151936]  = ["!", "\"", "#", "$", "%", "&", "'", ...
llama_model_loader: - kv  18:                  tokenizer.ggml.token_type arr[i32,151936]  = [1, 1, 1, 1, 1, 1, 1, 1, 1, 1, 1, 1, ...
llama_model_loader: - kv  19:                      tokenizer.ggml.merges arr[str,151387]  = ["Ġ Ġ", "ĠĠ ĠĠ", "i n", "Ġ t",...
llama_model_loader: - kv  20:                tokenizer.ggml.eos_token_id u32              = 151645
llama_model_loader: - kv  21:            tokenizer.ggml.padding_token_id u32              = 151643
llama_model_loader: - kv  22:                tokenizer.ggml.bos_token_id u32              = 151643
llama_model_loader: - kv  23:               tokenizer.ggml.add_bos_token bool             = false
llama_model_loader: - kv  24:                    tokenizer.chat_template str              = {%- if tools %}\n    {{- '<|im_start|>...
llama_model_loader: - kv  25:               general.quantization_version u32              = 2
llama_model_loader: - type  f32:  141 tensors
llama_model_loader: - type q4_K:  169 tensors
llama_model_loader: - type q6_K:   29 tensors
print_info: file format = GGUF V3 (latest)
print_info: file type   = Q4_K - Medium
print_info: file size   = 1.04 GiB (5.00 BPW) 
load: 0 unused tokens
load: control-looking token: 128247 '</s>' was not control-type; this is probably a bug in the model. its type will be overridden
load: printing all EOG tokens:
load:   - 128247 ('</s>')
load:   - 151643 ('<|endoftext|>')
load:   - 151645 ('<|im_end|>')
load:   - 151662 ('<|fim_pad|>')
load:   - 151663 ('<|repo_name|>')
load:   - 151664 ('<|file_sep|>')
load: special tokens cache size = 23
load: token to piece cache size = 0.9310 MB
print_info: arch                  = qwen2
print_info: vocab_only            = 0
print_info: no_alloc              = 0
print_info: n_ctx_train           = 32768
print_info: n_embd                = 1536
print_info: n_embd_inp            = 1536
print_info: n_layer               = 28
print_info: n_head                = 12
print_info: n_head_kv             = 2
print_info: n_rot                 = 128
print_info: n_swa                 = 0
print_info: is_swa_any            = 0
print_info: n_embd_head_k         = 128
print_info: n_embd_head_v         = 128
print_info: n_gqa                 = 6
print_info: n_embd_k_gqa          = 256
print_info: n_embd_v_gqa          = 256
print_info: f_norm_eps            = 0.0e+00
print_info: f_norm_rms_eps        = 1.0e-06
print_info: f_clamp_kqv           = 0.0e+00
print_info: f_max_alibi_bias      = 0.0e+00
print_info: f_logit_scale         = 0.0e+00
print_info: f_attn_scale          = 0.0e+00
print_info: n_ff                  = 8960
print_info: n_expert              = 0
print_info: n_expert_used         = 0
print_info: n_expert_groups       = 0
print_info: n_group_used          = 0
print_info: causal attn           = 1
print_info: pooling type          = -1
print_info: rope type             = 2
print_info: rope scaling          = linear
print_info: freq_base_train       = 1000000.0
print_info: freq_scale_train      = 1
print_info: n_ctx_orig_yarn       = 32768
print_info: rope_yarn_log_mul     = 0.0000
print_info: rope_finetuned        = unknown
print_info: model type            = 1.5B
print_info: model params          = 1.78 B
print_info: general.name          = qwen2.5-1.5b-instruct
print_info: vocab type            = BPE
print_info: n_vocab               = 151936
print_info: n_merges              = 151387
print_info: BOS token             = 151643 '<|endoftext|>'
print_info: EOS token             = 151645 '<|im_end|>'
print_info: EOT token             = 151645 '<|im_end|>'
print_info: PAD token             = 151643 '<|endoftext|>'
print_info: LF token              = 198 'Ċ'
print_info: FIM PRE token         = 151659 '<|fim_prefix|>'
print_info: FIM SUF token         = 151661 '<|fim_suffix|>'
print_info: FIM MID token         = 151660 '<|fim_middle|>'
print_info: FIM PAD token         = 151662 '<|fim_pad|>'
print_info: FIM REP token         = 151663 '<|repo_name|>'
print_info: FIM SEP token         = 151664 '<|file_sep|>'
print_info: EOG token             = 128247 '</s>'
print_info: EOG token             = 151643 '<|endoftext|>'
print_info: EOG token             = 151645 '<|im_end|>'
print_info: EOG token             = 151662 '<|fim_pad|>'
print_info: EOG token             = 151663 '<|repo_name|>'
print_info: EOG token             = 151664 '<|file_sep|>'
print_info: max token length      = 256
load_tensors: loading model tensors, this can take a while... (mmap = true, direct_io = false)
load_tensors: offloading 0 repeating layers to GPU
load_tensors: offloaded 0/29 layers to GPU
load_tensors:   CPU_Mapped model buffer size =  1059.89 MiB
.........................................................................
common_init_result: added </s> logit bias = -inf
common_init_result: added <|endoftext|> logit bias = -inf
common_init_result: added <|im_end|> logit bias = -inf
common_init_result: added <|fim_pad|> logit bias = -inf
common_init_result: added <|repo_name|> logit bias = -inf
common_init_result: added <|file_sep|> logit bias = -inf
llama_context: constructing llama_context
llama_context: n_seq_max     = 1
llama_context: n_ctx         = 2048
llama_context: n_ctx_seq     = 2048
llama_context: n_batch       = 32
llama_context: n_ubatch      = 32
llama_context: causal_attn   = 1
llama_context: flash_attn    = auto
llama_context: kv_unified    = false
llama_context: freq_base     = 1000000.0
llama_context: freq_scale    = 1
llama_context: n_ctx_seq (2048) < n_ctx_train (32768) -- the full capacity of the model will not be utilized
llama_context:        CPU  output buffer size =     0.58 MiB
llama_kv_cache:        CPU KV buffer size =    56.00 MiB
llama_kv_cache: size =   56.00 MiB (  2048 cells,  28 layers,  1/1 seqs), K (f16):   28.00 MiB, V (f16):   28.00 MiB
llama_kv_cache: attn_rot_k = 0
llama_kv_cache: attn_rot_v = 0
sched_reserve: reserving ...
sched_reserve: Flash Attention was auto, set to enabled
sched_reserve: resolving fused Gated Delta Net support:
sched_reserve: fused Gated Delta Net (autoregressive) enabled
sched_reserve: fused Gated Delta Net (chunked) enabled
sched_reserve:    Vulkan0 compute buffer size =   213.35 MiB
sched_reserve: Vulkan_Host compute buffer size =     0.63 MiB
sched_reserve: graph nodes  = 959
sched_reserve: graph splits = 396 (with bs=32), 1 (with bs=1)
sched_reserve: reserve took 210.81 ms, sched copies = 1
common_init_from_params: warming up the model with an empty run - please wait ... (--no-warmup to disable)
srv    load_model: initializing slots, n_slots = 1
no implementations specified for speculative decoding
slot   load_model: id  0 | task -1 | speculative decoding context not initialized
slot   load_model: id  0 | task -1 | new slot, n_ctx = 2048
srv    load_model: prompt cache is enabled, size limit: 8192 MiB
srv    load_model: use `--cache-ram 0` to disable the prompt cache
srv    load_model: for more info see https://github.com/ggml-org/llama.cpp/pull/16391
init: chat template, example_format: '<|im_start|>system
You are a helpful assistant<|im_end|>
<|im_start|>user
Hello<|im_end|>
<|im_start|>assistant
Hi there<|im_end|>
<|im_start|>user
How are you?<|im_end|>
<|im_start|>assistant
'
srv          init: init: chat template, thinking = 0
main: model loaded
main: server is listening on http://127.0.0.1:8080
main: starting the main loop...
srv  update_slots: all slots are idle
srv  params_from_: Chat format: peg-native
slot get_availabl: id  0 | task -1 | selected slot by LRU, t_last = -1
slot launch_slot_: id  0 | task -1 | sampler chain: logits -> ?penalties -> ?dry -> ?top-n-sigma -> top-k -> ?typical -> top-p -> ?min-p -> ?xtc -> temp-ext -> dist 
slot launch_slot_: id  0 | task 0 | processing task, is_child = 0
slot update_slots: id  0 | task 0 | new prompt, n_ctx_slot = 2048, n_keep = 0, task.n_tokens = 340
slot update_slots: id  0 | task 0 | n_tokens = 0, memory_seq_rm [0, end)
slot update_slots: id  0 | task 0 | prompt processing progress, n_tokens = 32, batch.n_tokens = 32, progress = 0.094118
slot update_slots: id  0 | task 0 | n_tokens = 32, memory_seq_rm [32, end)
slot update_slots: id  0 | task 0 | prompt processing progress, n_tokens = 64, batch.n_tokens = 32, progress = 0.188235
slot update_slots: id  0 | task 0 | n_tokens = 64, memory_seq_rm [64, end)
slot update_slots: id  0 | task 0 | prompt processing progress, n_tokens = 96, batch.n_tokens = 32, progress = 0.282353
slot update_slots: id  0 | task 0 | n_tokens = 96, memory_seq_rm [96, end)
slot update_slots: id  0 | task 0 | prompt processing progress, n_tokens = 128, batch.n_tokens = 32, progress = 0.376471
slot update_slots: id  0 | task 0 | n_tokens = 128, memory_seq_rm [128, end)
slot update_slots: id  0 | task 0 | prompt processing progress, n_tokens = 160, batch.n_tokens = 32, progress = 0.470588
slot update_slots: id  0 | task 0 | n_tokens = 160, memory_seq_rm [160, end)
slot update_slots: id  0 | task 0 | prompt processing progress, n_tokens = 192, batch.n_tokens = 32, progress = 0.564706
slot update_slots: id  0 | task 0 | n_tokens = 192, memory_seq_rm [192, end)
slot update_slots: id  0 | task 0 | prompt processing progress, n_tokens = 224, batch.n_tokens = 32, progress = 0.658824
slot update_slots: id  0 | task 0 | n_tokens = 224, memory_seq_rm [224, end)
slot update_slots: id  0 | task 0 | prompt processing progress, n_tokens = 256, batch.n_tokens = 32, progress = 0.752941
slot update_slots: id  0 | task 0 | n_tokens = 256, memory_seq_rm [256, end)
slot update_slots: id  0 | task 0 | prompt processing progress, n_tokens = 288, batch.n_tokens = 32, progress = 0.847059
slot update_slots: id  0 | task 0 | n_tokens = 288, memory_seq_rm [288, end)
slot update_slots: id  0 | task 0 | prompt processing progress, n_tokens = 320, batch.n_tokens = 32, progress = 0.941176
slot update_slots: id  0 | task 0 | n_tokens = 320, memory_seq_rm [320, end)
slot init_sampler: id  0 | task 0 | init sampler, took 3.04 ms, tokens: text = 340, total = 340
slot update_slots: id  0 | task 0 | prompt processing done, n_tokens = 340, batch.n_tokens = 20
slot print_timing: id  0 | task 0 | 
prompt eval time =   11591.23 ms /   340 tokens (   34.09 ms per token,    29.33 tokens per second)
       eval time =     727.28 ms /    15 tokens (   48.49 ms per token,    20.62 tokens per second)
      total time =   12318.51 ms /   355 tokens
slot      release: id  0 | task 0 | stop processing: n_tokens = 354, truncated = 0
srv  update_slots: all slots are idle
srv  log_server_r: done request: POST /v1/chat/completions 127.0.0.1 200
srv  params_from_: Chat format: peg-native
slot get_availabl: id  0 | task -1 | selected slot by LRU, t_last = 157241095
srv  get_availabl: updating prompt cache
srv   prompt_save:  - saving prompt with length 354, total state size = 9.684 MiB
srv          load:  - looking for better prompt, base f_keep = 0.008, sim = 0.001
srv        update:  - cache state: 1 prompts, 9.684 MiB (limits: 8192.000 MiB, 2048 tokens, 299447 est)
srv        update:    - prompt 0000025BD2068710:     354 tokens, checkpoints:  0,     9.684 MiB
srv  get_availabl: prompt cache update took 3.88 ms
slot launch_slot_: id  0 | task -1 | sampler chain: logits -> ?penalties -> ?dry -> ?top-n-sigma -> top-k -> ?typical -> top-p -> ?min-p -> ?xtc -> temp-ext -> dist 
slot launch_slot_: id  0 | task 26 | processing task, is_child = 0
slot update_slots: id  0 | task 26 | new prompt, n_ctx_slot = 2048, n_keep = 0, task.n_tokens = 2158
srv    send_error: task id = 26, error: request (2158 tokens) exceeds the available context size (2048 tokens), try increasing it
slot      release: id  0 | task 26 | stop processing: n_tokens = 354, truncated = 0
srv          stop: cancel task, id_task = 26
srv  update_slots: no tokens to decode
srv  update_slots: all slots are idle
srv  log_server_r: done request: POST /v1/chat/completions 127.0.0.1 400
srv  params_from_: Chat format: peg-native
slot get_availabl: id  0 | task -1 | selected slot by LRU, t_last = 161068675
srv  get_availabl: updating prompt cache
srv   prompt_save:  - saving prompt with length 354, total state size = 9.684 MiB
srv         alloc:  - prompt is already in the cache, skipping
srv          load:  - looking for better prompt, base f_keep = 0.008, sim = 0.001
srv        update:  - cache state: 1 prompts, 9.684 MiB (limits: 8192.000 MiB, 2048 tokens, 299447 est)
srv        update:    - prompt 0000025BD2068710:     354 tokens, checkpoints:  0,     9.684 MiB
srv  get_availabl: prompt cache update took 0.06 ms
slot launch_slot_: id  0 | task -1 | sampler chain: logits -> ?penalties -> ?dry -> ?top-n-sigma -> top-k -> ?typical -> top-p -> ?min-p -> ?xtc -> temp-ext -> dist 
slot launch_slot_: id  0 | task 29 | processing task, is_child = 0
slot update_slots: id  0 | task 29 | new prompt, n_ctx_slot = 2048, n_keep = 0, task.n_tokens = 2615
srv    send_error: task id = 29, error: request (2615 tokens) exceeds the available context size (2048 tokens), try increasing it
slot      release: id  0 | task 29 | stop processing: n_tokens = 354, truncated = 0
srv          stop: cancel task, id_task = 29
srv  update_slots: no tokens to decode
srv  update_slots: all slots are idle
srv  log_server_r: done request: POST /v1/chat/completions 127.0.0.1 400
srv  params_from_: Chat format: peg-native
slot get_availabl: id  0 | task -1 | selected slot by LRU, t_last = 207895765
srv  get_availabl: updating prompt cache
srv   prompt_save:  - saving prompt with length 354, total state size = 9.684 MiB
srv         alloc:  - prompt is already in the cache, skipping
srv          load:  - looking for better prompt, base f_keep = 0.008, sim = 0.001
srv        update:  - cache state: 1 prompts, 9.684 MiB (limits: 8192.000 MiB, 2048 tokens, 299447 est)
srv        update:    - prompt 0000025BD2068710:     354 tokens, checkpoints:  0,     9.684 MiB
srv  get_availabl: prompt cache update took 0.09 ms
slot launch_slot_: id  0 | task -1 | sampler chain: logits -> ?penalties -> ?dry -> ?top-n-sigma -> top-k -> ?typical -> top-p -> ?min-p -> ?xtc -> temp-ext -> dist 
slot launch_slot_: id  0 | task 32 | processing task, is_child = 0
slot update_slots: id  0 | task 32 | new prompt, n_ctx_slot = 2048, n_keep = 0, task.n_tokens = 2750
srv    send_error: task id = 32, error: request (2750 tokens) exceeds the available context size (2048 tokens), try increasing it
slot      release: id  0 | task 32 | stop processing: n_tokens = 354, truncated = 0
srv  update_slots: no tokens to decode
srv  update_slots: all slots are idle
srv          stop: cancel task, id_task = 32
srv  update_slots: all slots are idle
srv  log_server_r: done request: POST /v1/chat/completions 127.0.0.1 400
load_backend: loaded RPC backend from D:\DATN\legal_ai_source\source_code\models\llama-b8644-bin-win-vulkan-x64\ggml-rpc.dll
load_backend: loaded Vulkan backend from D:\DATN\legal_ai_source\source_code\models\llama-b8644-bin-win-vulkan-x64\ggml-vulkan.dll
load_backend: loaded CPU backend from D:\DATN\legal_ai_source\source_code\models\llama-b8644-bin-win-vulkan-x64\ggml-cpu-icelake.dll
system info: n_threads = 4, n_threads_batch = 4, total_threads = 8

system_info: n_threads = 4 (n_threads_batch = 4) / 8 | CPU : SSE3 = 1 | SSSE3 = 1 | AVX = 1 | AVX2 = 1 | F16C = 1 | FMA = 1 | BMI2 = 1 | AVX512 = 1 | AVX512_VBMI = 1 | AVX512_VNNI = 1 | LLAMAFILE = 1 | OPENMP = 1 | REPACK = 1 | 

Running without SSL
init: using 7 threads for HTTP server
start: binding port with default address family
main: loading model
srv    load_model: loading model 'D:\DATN\legal_ai_source\source_code\models\qwen2.5-1.5b-instruct-q4_k_m.gguf'
common_init_result: fitting params to device memory, for bugs during this step try to reproduce them with -fit off, or provide --verbose logs if the bug only occurs with -fit on
llama_params_fit_impl: projected to use 213 MiB of device memory vs. 3525 MiB of free device memory
llama_params_fit_impl: will leave 3311 >= 1024 MiB of free device memory, no changes needed
llama_params_fit: successfully fit params to free device memory
llama_params_fit: fitting params to free memory took 0.87 seconds
llama_model_load_from_file_impl: using device Vulkan0 (Intel(R) Iris(R) Xe Graphics) (unknown id) - 3525 MiB free
llama_model_loader: loaded meta data with 26 key-value pairs and 339 tensors from D:\DATN\legal_ai_source\source_code\models\qwen2.5-1.5b-instruct-q4_k_m.gguf (version GGUF V3 (latest))
llama_model_loader: Dumping metadata keys/values. Note: KV overrides do not apply in this output.
llama_model_loader: - kv   0:                       general.architecture str              = qwen2
llama_model_loader: - kv   1:                               general.type str              = model
llama_model_loader: - kv   2:                               general.name str              = qwen2.5-1.5b-instruct
llama_model_loader: - kv   3:                            general.version str              = v0.1
llama_model_loader: - kv   4:                           general.finetune str              = qwen2.5-1.5b-instruct
llama_model_loader: - kv   5:                         general.size_label str              = 1.8B
llama_model_loader: - kv   6:                          qwen2.block_count u32              = 28
llama_model_loader: - kv   7:                       qwen2.context_length u32              = 32768
llama_model_loader: - kv   8:                     qwen2.embedding_length u32              = 1536
llama_model_loader: - kv   9:                  qwen2.feed_forward_length u32              = 8960
llama_model_loader: - kv  10:                 qwen2.attention.head_count u32              = 12
llama_model_loader: - kv  11:              qwen2.attention.head_count_kv u32              = 2
llama_model_loader: - kv  12:                       qwen2.rope.freq_base f32              = 1000000.000000
llama_model_loader: - kv  13:     qwen2.attention.layer_norm_rms_epsilon f32              = 0.000001
llama_model_loader: - kv  14:                          general.file_type u32              = 15
llama_model_loader: - kv  15:                       tokenizer.ggml.model str              = gpt2
llama_model_loader: - kv  16:                         tokenizer.ggml.pre str              = qwen2
llama_model_loader: - kv  17:                      tokenizer.ggml.tokens arr[str,151936]  = ["!", "\"", "#", "$", "%", "&", "'", ...
llama_model_loader: - kv  18:                  tokenizer.ggml.token_type arr[i32,151936]  = [1, 1, 1, 1, 1, 1, 1, 1, 1, 1, 1, 1, ...
llama_model_loader: - kv  19:                      tokenizer.ggml.merges arr[str,151387]  = ["Ġ Ġ", "ĠĠ ĠĠ", "i n", "Ġ t",...
llama_model_loader: - kv  20:                tokenizer.ggml.eos_token_id u32              = 151645
llama_model_loader: - kv  21:            tokenizer.ggml.padding_token_id u32              = 151643
llama_model_loader: - kv  22:                tokenizer.ggml.bos_token_id u32              = 151643
llama_model_loader: - kv  23:               tokenizer.ggml.add_bos_token bool             = false
llama_model_loader: - kv  24:                    tokenizer.chat_template str              = {%- if tools %}\n    {{- '<|im_start|>...
llama_model_loader: - kv  25:               general.quantization_version u32              = 2
llama_model_loader: - type  f32:  141 tensors
llama_model_loader: - type q4_K:  169 tensors
llama_model_loader: - type q6_K:   29 tensors
print_info: file format = GGUF V3 (latest)
print_info: file type   = Q4_K - Medium
print_info: file size   = 1.04 GiB (5.00 BPW) 
load: 0 unused tokens
load: control-looking token: 128247 '</s>' was not control-type; this is probably a bug in the model. its type will be overridden
load: printing all EOG tokens:
load:   - 128247 ('</s>')
load:   - 151643 ('<|endoftext|>')
load:   - 151645 ('<|im_end|>')
load:   - 151662 ('<|fim_pad|>')
load:   - 151663 ('<|repo_name|>')
load:   - 151664 ('<|file_sep|>')
load: special tokens cache size = 23
load: token to piece cache size = 0.9310 MB
print_info: arch                  = qwen2
print_info: vocab_only            = 0
print_info: no_alloc              = 0
print_info: n_ctx_train           = 32768
print_info: n_embd                = 1536
print_info: n_embd_inp            = 1536
print_info: n_layer               = 28
print_info: n_head                = 12
print_info: n_head_kv             = 2
print_info: n_rot                 = 128
print_info: n_swa                 = 0
print_info: is_swa_any            = 0
print_info: n_embd_head_k         = 128
print_info: n_embd_head_v         = 128
print_info: n_gqa                 = 6
print_info: n_embd_k_gqa          = 256
print_info: n_embd_v_gqa          = 256
print_info: f_norm_eps            = 0.0e+00
print_info: f_norm_rms_eps        = 1.0e-06
print_info: f_clamp_kqv           = 0.0e+00
print_info: f_max_alibi_bias      = 0.0e+00
print_info: f_logit_scale         = 0.0e+00
print_info: f_attn_scale          = 0.0e+00
print_info: n_ff                  = 8960
print_info: n_expert              = 0
print_info: n_expert_used         = 0
print_info: n_expert_groups       = 0
print_info: n_group_used          = 0
print_info: causal attn           = 1
print_info: pooling type          = -1
print_info: rope type             = 2
print_info: rope scaling          = linear
print_info: freq_base_train       = 1000000.0
print_info: freq_scale_train      = 1
print_info: n_ctx_orig_yarn       = 32768
print_info: rope_yarn_log_mul     = 0.0000
print_info: rope_finetuned        = unknown
print_info: model type            = 1.5B
print_info: model params          = 1.78 B
print_info: general.name          = qwen2.5-1.5b-instruct
print_info: vocab type            = BPE
print_info: n_vocab               = 151936
print_info: n_merges              = 151387
print_info: BOS token             = 151643 '<|endoftext|>'
print_info: EOS token             = 151645 '<|im_end|>'
print_info: EOT token             = 151645 '<|im_end|>'
print_info: PAD token             = 151643 '<|endoftext|>'
print_info: LF token              = 198 'Ċ'
print_info: FIM PRE token         = 151659 '<|fim_prefix|>'
print_info: FIM SUF token         = 151661 '<|fim_suffix|>'
print_info: FIM MID token         = 151660 '<|fim_middle|>'
print_info: FIM PAD token         = 151662 '<|fim_pad|>'
print_info: FIM REP token         = 151663 '<|repo_name|>'
print_info: FIM SEP token         = 151664 '<|file_sep|>'
print_info: EOG token             = 128247 '</s>'
print_info: EOG token             = 151643 '<|endoftext|>'
print_info: EOG token             = 151645 '<|im_end|>'
print_info: EOG token             = 151662 '<|fim_pad|>'
print_info: EOG token             = 151663 '<|repo_name|>'
print_info: EOG token             = 151664 '<|file_sep|>'
print_info: max token length      = 256
load_tensors: loading model tensors, this can take a while... (mmap = true, direct_io = false)
load_tensors: offloading 0 repeating layers to GPU
load_tensors: offloaded 0/29 layers to GPU
load_tensors:   CPU_Mapped model buffer size =  1059.89 MiB
.........................................................................
common_init_result: added </s> logit bias = -inf
common_init_result: added <|endoftext|> logit bias = -inf
common_init_result: added <|im_end|> logit bias = -inf
common_init_result: added <|fim_pad|> logit bias = -inf
common_init_result: added <|repo_name|> logit bias = -inf
common_init_result: added <|file_sep|> logit bias = -inf
llama_context: constructing llama_context
llama_context: n_seq_max     = 1
llama_context: n_ctx         = 3072
llama_context: n_ctx_seq     = 3072
llama_context: n_batch       = 32
llama_context: n_ubatch      = 32
llama_context: causal_attn   = 1
llama_context: flash_attn    = auto
llama_context: kv_unified    = false
llama_context: freq_base     = 1000000.0
llama_context: freq_scale    = 1
llama_context: n_ctx_seq (3072) < n_ctx_train (32768) -- the full capacity of the model will not be utilized
llama_context:        CPU  output buffer size =     0.58 MiB
llama_kv_cache:        CPU KV buffer size =    84.00 MiB
llama_kv_cache: size =   84.00 MiB (  3072 cells,  28 layers,  1/1 seqs), K (f16):   42.00 MiB, V (f16):   42.00 MiB
llama_kv_cache: attn_rot_k = 0
llama_kv_cache: attn_rot_v = 0
sched_reserve: reserving ...
sched_reserve: Flash Attention was auto, set to enabled
sched_reserve: resolving fused Gated Delta Net support:
sched_reserve: fused Gated Delta Net (autoregressive) enabled
sched_reserve: fused Gated Delta Net (chunked) enabled
sched_reserve:    Vulkan0 compute buffer size =   213.35 MiB
sched_reserve: Vulkan_Host compute buffer size =     0.75 MiB
sched_reserve: graph nodes  = 959
sched_reserve: graph splits = 396 (with bs=32), 1 (with bs=1)
sched_reserve: reserve took 208.65 ms, sched copies = 1
common_init_from_params: warming up the model with an empty run - please wait ... (--no-warmup to disable)
srv    load_model: initializing slots, n_slots = 1
no implementations specified for speculative decoding
slot   load_model: id  0 | task -1 | speculative decoding context not initialized
slot   load_model: id  0 | task -1 | new slot, n_ctx = 3072
srv    load_model: prompt cache is enabled, size limit: 8192 MiB
srv    load_model: use `--cache-ram 0` to disable the prompt cache
srv    load_model: for more info see https://github.com/ggml-org/llama.cpp/pull/16391
init: chat template, example_format: '<|im_start|>system
You are a helpful assistant<|im_end|>
<|im_start|>user
Hello<|im_end|>
<|im_start|>assistant
Hi there<|im_end|>
<|im_start|>user
How are you?<|im_end|>
<|im_start|>assistant
'
srv          init: init: chat template, thinking = 0
main: model loaded
main: server is listening on http://127.0.0.1:8080
main: starting the main loop...
srv  update_slots: all slots are idle
srv  params_from_: Chat format: peg-native
slot get_availabl: id  0 | task -1 | selected slot by LRU, t_last = -1
slot launch_slot_: id  0 | task -1 | sampler chain: logits -> ?penalties -> ?dry -> ?top-n-sigma -> top-k -> ?typical -> top-p -> ?min-p -> ?xtc -> temp-ext -> dist 
slot launch_slot_: id  0 | task 0 | processing task, is_child = 0
slot update_slots: id  0 | task 0 | new prompt, n_ctx_slot = 3072, n_keep = 0, task.n_tokens = 3116
srv    send_error: task id = 0, error: request (3116 tokens) exceeds the available context size (3072 tokens), try increasing it
slot      release: id  0 | task 0 | stop processing: n_tokens = 0, truncated = 0
srv  update_slots: no tokens to decode
srv  update_slots: all slots are idle
srv          stop: cancel task, id_task = 0
srv  update_slots: all slots are idle
srv  log_server_r: done request: POST /v1/chat/completions 127.0.0.1 400
srv  params_from_: Chat format: peg-native
slot get_availabl: id  0 | task -1 | selected slot by LRU, t_last = 213236533
slot launch_slot_: id  0 | task -1 | sampler chain: logits -> ?penalties -> ?dry -> ?top-n-sigma -> top-k -> ?typical -> top-p -> ?min-p -> ?xtc -> temp-ext -> dist 
slot launch_slot_: id  0 | task 3 | processing task, is_child = 0
slot update_slots: id  0 | task 3 | new prompt, n_ctx_slot = 3072, n_keep = 0, task.n_tokens = 2832
slot update_slots: id  0 | task 3 | n_tokens = 0, memory_seq_rm [0, end)
slot update_slots: id  0 | task 3 | prompt processing progress, n_tokens = 32, batch.n_tokens = 32, progress = 0.011299
slot update_slots: id  0 | task 3 | n_tokens = 32, memory_seq_rm [32, end)
slot update_slots: id  0 | task 3 | prompt processing progress, n_tokens = 64, batch.n_tokens = 32, progress = 0.022599
slot update_slots: id  0 | task 3 | n_tokens = 64, memory_seq_rm [64, end)
slot update_slots: id  0 | task 3 | prompt processing progress, n_tokens = 96, batch.n_tokens = 32, progress = 0.033898
slot update_slots: id  0 | task 3 | n_tokens = 96, memory_seq_rm [96, end)
slot update_slots: id  0 | task 3 | prompt processing progress, n_tokens = 128, batch.n_tokens = 32, progress = 0.045198
slot update_slots: id  0 | task 3 | n_tokens = 128, memory_seq_rm [128, end)
slot update_slots: id  0 | task 3 | prompt processing progress, n_tokens = 160, batch.n_tokens = 32, progress = 0.056497
slot update_slots: id  0 | task 3 | n_tokens = 160, memory_seq_rm [160, end)
slot update_slots: id  0 | task 3 | prompt processing progress, n_tokens = 192, batch.n_tokens = 32, progress = 0.067797
slot update_slots: id  0 | task 3 | n_tokens = 192, memory_seq_rm [192, end)
slot update_slots: id  0 | task 3 | prompt processing progress, n_tokens = 224, batch.n_tokens = 32, progress = 0.079096
slot update_slots: id  0 | task 3 | n_tokens = 224, memory_seq_rm [224, end)
slot update_slots: id  0 | task 3 | prompt processing progress, n_tokens = 256, batch.n_tokens = 32, progress = 0.090395
slot update_slots: id  0 | task 3 | n_tokens = 256, memory_seq_rm [256, end)
slot update_slots: id  0 | task 3 | prompt processing progress, n_tokens = 288, batch.n_tokens = 32, progress = 0.101695
slot update_slots: id  0 | task 3 | n_tokens = 288, memory_seq_rm [288, end)
slot update_slots: id  0 | task 3 | prompt processing progress, n_tokens = 320, batch.n_tokens = 32, progress = 0.112994
slot update_slots: id  0 | task 3 | n_tokens = 320, memory_seq_rm [320, end)
slot update_slots: id  0 | task 3 | prompt processing progress, n_tokens = 352, batch.n_tokens = 32, progress = 0.124294
slot update_slots: id  0 | task 3 | n_tokens = 352, memory_seq_rm [352, end)
slot update_slots: id  0 | task 3 | prompt processing progress, n_tokens = 384, batch.n_tokens = 32, progress = 0.135593
slot update_slots: id  0 | task 3 | n_tokens = 384, memory_seq_rm [384, end)
slot update_slots: id  0 | task 3 | prompt processing progress, n_tokens = 416, batch.n_tokens = 32, progress = 0.146893
slot update_slots: id  0 | task 3 | n_tokens = 416, memory_seq_rm [416, end)
slot update_slots: id  0 | task 3 | prompt processing progress, n_tokens = 448, batch.n_tokens = 32, progress = 0.158192
slot update_slots: id  0 | task 3 | n_tokens = 448, memory_seq_rm [448, end)
slot update_slots: id  0 | task 3 | prompt processing progress, n_tokens = 480, batch.n_tokens = 32, progress = 0.169492
slot update_slots: id  0 | task 3 | n_tokens = 480, memory_seq_rm [480, end)
slot update_slots: id  0 | task 3 | prompt processing progress, n_tokens = 512, batch.n_tokens = 32, progress = 0.180791
slot update_slots: id  0 | task 3 | n_tokens = 512, memory_seq_rm [512, end)
slot update_slots: id  0 | task 3 | prompt processing progress, n_tokens = 544, batch.n_tokens = 32, progress = 0.192090
slot update_slots: id  0 | task 3 | n_tokens = 544, memory_seq_rm [544, end)
slot update_slots: id  0 | task 3 | prompt processing progress, n_tokens = 576, batch.n_tokens = 32, progress = 0.203390
slot update_slots: id  0 | task 3 | n_tokens = 576, memory_seq_rm [576, end)
slot update_slots: id  0 | task 3 | prompt processing progress, n_tokens = 608, batch.n_tokens = 32, progress = 0.214689
slot update_slots: id  0 | task 3 | n_tokens = 608, memory_seq_rm [608, end)
slot update_slots: id  0 | task 3 | prompt processing progress, n_tokens = 640, batch.n_tokens = 32, progress = 0.225989
slot update_slots: id  0 | task 3 | n_tokens = 640, memory_seq_rm [640, end)
slot update_slots: id  0 | task 3 | prompt processing progress, n_tokens = 672, batch.n_tokens = 32, progress = 0.237288
slot update_slots: id  0 | task 3 | n_tokens = 672, memory_seq_rm [672, end)
slot update_slots: id  0 | task 3 | prompt processing progress, n_tokens = 704, batch.n_tokens = 32, progress = 0.248588
slot update_slots: id  0 | task 3 | n_tokens = 704, memory_seq_rm [704, end)
slot update_slots: id  0 | task 3 | prompt processing progress, n_tokens = 736, batch.n_tokens = 32, progress = 0.259887
slot update_slots: id  0 | task 3 | n_tokens = 736, memory_seq_rm [736, end)
slot update_slots: id  0 | task 3 | prompt processing progress, n_tokens = 768, batch.n_tokens = 32, progress = 0.271186
slot update_slots: id  0 | task 3 | n_tokens = 768, memory_seq_rm [768, end)
slot update_slots: id  0 | task 3 | prompt processing progress, n_tokens = 800, batch.n_tokens = 32, progress = 0.282486
slot update_slots: id  0 | task 3 | n_tokens = 800, memory_seq_rm [800, end)
slot update_slots: id  0 | task 3 | prompt processing progress, n_tokens = 832, batch.n_tokens = 32, progress = 0.293785
slot update_slots: id  0 | task 3 | n_tokens = 832, memory_seq_rm [832, end)
slot update_slots: id  0 | task 3 | prompt processing progress, n_tokens = 864, batch.n_tokens = 32, progress = 0.305085
slot update_slots: id  0 | task 3 | n_tokens = 864, memory_seq_rm [864, end)
slot update_slots: id  0 | task 3 | prompt processing progress, n_tokens = 896, batch.n_tokens = 32, progress = 0.316384
slot update_slots: id  0 | task 3 | n_tokens = 896, memory_seq_rm [896, end)
slot update_slots: id  0 | task 3 | prompt processing progress, n_tokens = 928, batch.n_tokens = 32, progress = 0.327684
slot update_slots: id  0 | task 3 | n_tokens = 928, memory_seq_rm [928, end)
slot update_slots: id  0 | task 3 | prompt processing progress, n_tokens = 960, batch.n_tokens = 32, progress = 0.338983
slot update_slots: id  0 | task 3 | n_tokens = 960, memory_seq_rm [960, end)
slot update_slots: id  0 | task 3 | prompt processing progress, n_tokens = 992, batch.n_tokens = 32, progress = 0.350282
slot update_slots: id  0 | task 3 | n_tokens = 992, memory_seq_rm [992, end)
slot update_slots: id  0 | task 3 | prompt processing progress, n_tokens = 1024, batch.n_tokens = 32, progress = 0.361582
slot update_slots: id  0 | task 3 | n_tokens = 1024, memory_seq_rm [1024, end)
slot update_slots: id  0 | task 3 | prompt processing progress, n_tokens = 1056, batch.n_tokens = 32, progress = 0.372881
slot update_slots: id  0 | task 3 | n_tokens = 1056, memory_seq_rm [1056, end)
slot update_slots: id  0 | task 3 | prompt processing progress, n_tokens = 1088, batch.n_tokens = 32, progress = 0.384181
slot update_slots: id  0 | task 3 | n_tokens = 1088, memory_seq_rm [1088, end)
slot update_slots: id  0 | task 3 | prompt processing progress, n_tokens = 1120, batch.n_tokens = 32, progress = 0.395480
slot update_slots: id  0 | task 3 | n_tokens = 1120, memory_seq_rm [1120, end)
slot update_slots: id  0 | task 3 | prompt processing progress, n_tokens = 1152, batch.n_tokens = 32, progress = 0.406780
slot update_slots: id  0 | task 3 | n_tokens = 1152, memory_seq_rm [1152, end)
slot update_slots: id  0 | task 3 | prompt processing progress, n_tokens = 1184, batch.n_tokens = 32, progress = 0.418079
slot update_slots: id  0 | task 3 | n_tokens = 1184, memory_seq_rm [1184, end)
slot update_slots: id  0 | task 3 | prompt processing progress, n_tokens = 1216, batch.n_tokens = 32, progress = 0.429379
slot update_slots: id  0 | task 3 | n_tokens = 1216, memory_seq_rm [1216, end)
slot update_slots: id  0 | task 3 | prompt processing progress, n_tokens = 1248, batch.n_tokens = 32, progress = 0.440678
slot update_slots: id  0 | task 3 | n_tokens = 1248, memory_seq_rm [1248, end)
slot update_slots: id  0 | task 3 | prompt processing progress, n_tokens = 1280, batch.n_tokens = 32, progress = 0.451977
slot update_slots: id  0 | task 3 | n_tokens = 1280, memory_seq_rm [1280, end)
slot update_slots: id  0 | task 3 | prompt processing progress, n_tokens = 1312, batch.n_tokens = 32, progress = 0.463277
slot update_slots: id  0 | task 3 | n_tokens = 1312, memory_seq_rm [1312, end)
slot update_slots: id  0 | task 3 | prompt processing progress, n_tokens = 1344, batch.n_tokens = 32, progress = 0.474576
slot update_slots: id  0 | task 3 | n_tokens = 1344, memory_seq_rm [1344, end)
slot update_slots: id  0 | task 3 | prompt processing progress, n_tokens = 1376, batch.n_tokens = 32, progress = 0.485876
slot update_slots: id  0 | task 3 | n_tokens = 1376, memory_seq_rm [1376, end)
slot update_slots: id  0 | task 3 | prompt processing progress, n_tokens = 1408, batch.n_tokens = 32, progress = 0.497175
slot update_slots: id  0 | task 3 | n_tokens = 1408, memory_seq_rm [1408, end)
slot update_slots: id  0 | task 3 | prompt processing progress, n_tokens = 1440, batch.n_tokens = 32, progress = 0.508475
slot update_slots: id  0 | task 3 | n_tokens = 1440, memory_seq_rm [1440, end)
slot update_slots: id  0 | task 3 | prompt processing progress, n_tokens = 1472, batch.n_tokens = 32, progress = 0.519774
slot update_slots: id  0 | task 3 | n_tokens = 1472, memory_seq_rm [1472, end)
slot update_slots: id  0 | task 3 | prompt processing progress, n_tokens = 1504, batch.n_tokens = 32, progress = 0.531073
slot update_slots: id  0 | task 3 | n_tokens = 1504, memory_seq_rm [1504, end)
slot update_slots: id  0 | task 3 | prompt processing progress, n_tokens = 1536, batch.n_tokens = 32, progress = 0.542373
slot update_slots: id  0 | task 3 | n_tokens = 1536, memory_seq_rm [1536, end)
slot update_slots: id  0 | task 3 | prompt processing progress, n_tokens = 1568, batch.n_tokens = 32, progress = 0.553672
slot update_slots: id  0 | task 3 | n_tokens = 1568, memory_seq_rm [1568, end)
slot update_slots: id  0 | task 3 | prompt processing progress, n_tokens = 1600, batch.n_tokens = 32, progress = 0.564972
slot update_slots: id  0 | task 3 | n_tokens = 1600, memory_seq_rm [1600, end)
slot update_slots: id  0 | task 3 | prompt processing progress, n_tokens = 1632, batch.n_tokens = 32, progress = 0.576271
slot update_slots: id  0 | task 3 | n_tokens = 1632, memory_seq_rm [1632, end)
slot update_slots: id  0 | task 3 | prompt processing progress, n_tokens = 1664, batch.n_tokens = 32, progress = 0.587571
slot update_slots: id  0 | task 3 | n_tokens = 1664, memory_seq_rm [1664, end)
slot update_slots: id  0 | task 3 | prompt processing progress, n_tokens = 1696, batch.n_tokens = 32, progress = 0.598870
slot update_slots: id  0 | task 3 | n_tokens = 1696, memory_seq_rm [1696, end)
slot update_slots: id  0 | task 3 | prompt processing progress, n_tokens = 1728, batch.n_tokens = 32, progress = 0.610169
slot update_slots: id  0 | task 3 | n_tokens = 1728, memory_seq_rm [1728, end)
slot update_slots: id  0 | task 3 | prompt processing progress, n_tokens = 1760, batch.n_tokens = 32, progress = 0.621469
slot update_slots: id  0 | task 3 | n_tokens = 1760, memory_seq_rm [1760, end)
slot update_slots: id  0 | task 3 | prompt processing progress, n_tokens = 1792, batch.n_tokens = 32, progress = 0.632768
slot update_slots: id  0 | task 3 | n_tokens = 1792, memory_seq_rm [1792, end)
slot update_slots: id  0 | task 3 | prompt processing progress, n_tokens = 1824, batch.n_tokens = 32, progress = 0.644068
slot update_slots: id  0 | task 3 | n_tokens = 1824, memory_seq_rm [1824, end)
slot update_slots: id  0 | task 3 | prompt processing progress, n_tokens = 1856, batch.n_tokens = 32, progress = 0.655367
slot update_slots: id  0 | task 3 | n_tokens = 1856, memory_seq_rm [1856, end)
slot update_slots: id  0 | task 3 | prompt processing progress, n_tokens = 1888, batch.n_tokens = 32, progress = 0.666667
slot update_slots: id  0 | task 3 | n_tokens = 1888, memory_seq_rm [1888, end)
slot update_slots: id  0 | task 3 | prompt processing progress, n_tokens = 1920, batch.n_tokens = 32, progress = 0.677966
slot update_slots: id  0 | task 3 | n_tokens = 1920, memory_seq_rm [1920, end)
slot update_slots: id  0 | task 3 | prompt processing progress, n_tokens = 1952, batch.n_tokens = 32, progress = 0.689266
slot update_slots: id  0 | task 3 | n_tokens = 1952, memory_seq_rm [1952, end)
slot update_slots: id  0 | task 3 | prompt processing progress, n_tokens = 1984, batch.n_tokens = 32, progress = 0.700565
slot update_slots: id  0 | task 3 | n_tokens = 1984, memory_seq_rm [1984, end)
slot update_slots: id  0 | task 3 | prompt processing progress, n_tokens = 2016, batch.n_tokens = 32, progress = 0.711864
slot update_slots: id  0 | task 3 | n_tokens = 2016, memory_seq_rm [2016, end)
slot update_slots: id  0 | task 3 | prompt processing progress, n_tokens = 2048, batch.n_tokens = 32, progress = 0.723164
slot update_slots: id  0 | task 3 | n_tokens = 2048, memory_seq_rm [2048, end)
slot update_slots: id  0 | task 3 | prompt processing progress, n_tokens = 2080, batch.n_tokens = 32, progress = 0.734463
slot update_slots: id  0 | task 3 | n_tokens = 2080, memory_seq_rm [2080, end)
slot update_slots: id  0 | task 3 | prompt processing progress, n_tokens = 2112, batch.n_tokens = 32, progress = 0.745763
slot update_slots: id  0 | task 3 | n_tokens = 2112, memory_seq_rm [2112, end)
slot update_slots: id  0 | task 3 | prompt processing progress, n_tokens = 2144, batch.n_tokens = 32, progress = 0.757062
slot update_slots: id  0 | task 3 | n_tokens = 2144, memory_seq_rm [2144, end)
slot update_slots: id  0 | task 3 | prompt processing progress, n_tokens = 2176, batch.n_tokens = 32, progress = 0.768362
slot update_slots: id  0 | task 3 | n_tokens = 2176, memory_seq_rm [2176, end)
slot update_slots: id  0 | task 3 | prompt processing progress, n_tokens = 2208, batch.n_tokens = 32, progress = 0.779661
slot update_slots: id  0 | task 3 | n_tokens = 2208, memory_seq_rm [2208, end)
slot update_slots: id  0 | task 3 | prompt processing progress, n_tokens = 2240, batch.n_tokens = 32, progress = 0.790960
slot update_slots: id  0 | task 3 | n_tokens = 2240, memory_seq_rm [2240, end)
slot update_slots: id  0 | task 3 | prompt processing progress, n_tokens = 2272, batch.n_tokens = 32, progress = 0.802260
slot update_slots: id  0 | task 3 | n_tokens = 2272, memory_seq_rm [2272, end)
slot update_slots: id  0 | task 3 | prompt processing progress, n_tokens = 2304, batch.n_tokens = 32, progress = 0.813559
slot update_slots: id  0 | task 3 | n_tokens = 2304, memory_seq_rm [2304, end)
slot update_slots: id  0 | task 3 | prompt processing progress, n_tokens = 2336, batch.n_tokens = 32, progress = 0.824859
slot update_slots: id  0 | task 3 | n_tokens = 2336, memory_seq_rm [2336, end)
slot update_slots: id  0 | task 3 | prompt processing progress, n_tokens = 2368, batch.n_tokens = 32, progress = 0.836158
slot update_slots: id  0 | task 3 | n_tokens = 2368, memory_seq_rm [2368, end)
slot update_slots: id  0 | task 3 | prompt processing progress, n_tokens = 2400, batch.n_tokens = 32, progress = 0.847458
slot update_slots: id  0 | task 3 | n_tokens = 2400, memory_seq_rm [2400, end)
slot update_slots: id  0 | task 3 | prompt processing progress, n_tokens = 2432, batch.n_tokens = 32, progress = 0.858757
slot update_slots: id  0 | task 3 | n_tokens = 2432, memory_seq_rm [2432, end)
slot update_slots: id  0 | task 3 | prompt processing progress, n_tokens = 2464, batch.n_tokens = 32, progress = 0.870057
slot update_slots: id  0 | task 3 | n_tokens = 2464, memory_seq_rm [2464, end)
slot update_slots: id  0 | task 3 | prompt processing progress, n_tokens = 2496, batch.n_tokens = 32, progress = 0.881356
slot update_slots: id  0 | task 3 | n_tokens = 2496, memory_seq_rm [2496, end)
slot update_slots: id  0 | task 3 | prompt processing progress, n_tokens = 2528, batch.n_tokens = 32, progress = 0.892655
slot update_slots: id  0 | task 3 | n_tokens = 2528, memory_seq_rm [2528, end)
slot update_slots: id  0 | task 3 | prompt processing progress, n_tokens = 2560, batch.n_tokens = 32, progress = 0.903955
slot update_slots: id  0 | task 3 | n_tokens = 2560, memory_seq_rm [2560, end)
slot update_slots: id  0 | task 3 | prompt processing progress, n_tokens = 2592, batch.n_tokens = 32, progress = 0.915254
slot update_slots: id  0 | task 3 | n_tokens = 2592, memory_seq_rm [2592, end)
slot update_slots: id  0 | task 3 | prompt processing progress, n_tokens = 2624, batch.n_tokens = 32, progress = 0.926554
slot update_slots: id  0 | task 3 | n_tokens = 2624, memory_seq_rm [2624, end)
slot update_slots: id  0 | task 3 | prompt processing progress, n_tokens = 2656, batch.n_tokens = 32, progress = 0.937853
slot update_slots: id  0 | task 3 | n_tokens = 2656, memory_seq_rm [2656, end)
slot update_slots: id  0 | task 3 | prompt processing progress, n_tokens = 2688, batch.n_tokens = 32, progress = 0.949153
slot update_slots: id  0 | task 3 | n_tokens = 2688, memory_seq_rm [2688, end)
slot update_slots: id  0 | task 3 | prompt processing progress, n_tokens = 2720, batch.n_tokens = 32, progress = 0.960452
slot update_slots: id  0 | task 3 | n_tokens = 2720, memory_seq_rm [2720, end)
slot update_slots: id  0 | task 3 | prompt processing progress, n_tokens = 2752, batch.n_tokens = 32, progress = 0.971751
slot update_slots: id  0 | task 3 | n_tokens = 2752, memory_seq_rm [2752, end)
slot update_slots: id  0 | task 3 | prompt processing progress, n_tokens = 2784, batch.n_tokens = 32, progress = 0.983051
slot update_slots: id  0 | task 3 | n_tokens = 2784, memory_seq_rm [2784, end)
slot update_slots: id  0 | task 3 | prompt processing progress, n_tokens = 2816, batch.n_tokens = 32, progress = 0.994350
slot update_slots: id  0 | task 3 | n_tokens = 2816, memory_seq_rm [2816, end)
slot init_sampler: id  0 | task 3 | init sampler, took 3.85 ms, tokens: text = 2832, total = 2832
slot update_slots: id  0 | task 3 | prompt processing done, n_tokens = 2832, batch.n_tokens = 16
slot print_timing: id  0 | task 3 | 
prompt eval time =   71121.96 ms /  2832 tokens (   25.11 ms per token,    39.82 tokens per second)
       eval time =    1730.50 ms /    25 tokens (   69.22 ms per token,    14.45 tokens per second)
      total time =   72852.46 ms /  2857 tokens
slot      release: id  0 | task 3 | stop processing: n_tokens = 2856, truncated = 0
srv  update_slots: all slots are idle
srv  log_server_r: done request: POST /v1/chat/completions 127.0.0.1 200
srv  params_from_: Chat format: peg-native
slot get_availabl: id  0 | task -1 | selected slot by LCP similarity, sim_best = 0.200 (> 0.100 thold), f_keep = 0.186
srv  get_availabl: updating prompt cache
srv   prompt_save:  - saving prompt with length 2856, total state size = 78.127 MiB
srv          load:  - looking for better prompt, base f_keep = 0.186, sim = 0.200
srv        update:  - cache state: 1 prompts, 78.127 MiB (limits: 8192.000 MiB, 3072 tokens, 299465 est)
srv        update:    - prompt 0000024C2617B140:    2856 tokens, checkpoints:  0,    78.127 MiB
srv  get_availabl: prompt cache update took 43.84 ms
slot launch_slot_: id  0 | task -1 | sampler chain: logits -> ?penalties -> ?dry -> ?top-n-sigma -> top-k -> ?typical -> top-p -> ?min-p -> ?xtc -> temp-ext -> dist 
slot launch_slot_: id  0 | task 117 | processing task, is_child = 0
slot update_slots: id  0 | task 117 | new prompt, n_ctx_slot = 3072, n_keep = 0, task.n_tokens = 2659
slot update_slots: id  0 | task 117 | n_tokens = 531, memory_seq_rm [531, end)
slot update_slots: id  0 | task 117 | prompt processing progress, n_tokens = 563, batch.n_tokens = 32, progress = 0.211734
slot update_slots: id  0 | task 117 | n_tokens = 563, memory_seq_rm [563, end)
slot update_slots: id  0 | task 117 | prompt processing progress, n_tokens = 595, batch.n_tokens = 32, progress = 0.223768
slot update_slots: id  0 | task 117 | n_tokens = 595, memory_seq_rm [595, end)
slot update_slots: id  0 | task 117 | prompt processing progress, n_tokens = 627, batch.n_tokens = 32, progress = 0.235803
slot update_slots: id  0 | task 117 | n_tokens = 627, memory_seq_rm [627, end)
slot update_slots: id  0 | task 117 | prompt processing progress, n_tokens = 659, batch.n_tokens = 32, progress = 0.247838
slot update_slots: id  0 | task 117 | n_tokens = 659, memory_seq_rm [659, end)
slot update_slots: id  0 | task 117 | prompt processing progress, n_tokens = 691, batch.n_tokens = 32, progress = 0.259872
slot update_slots: id  0 | task 117 | n_tokens = 691, memory_seq_rm [691, end)
slot update_slots: id  0 | task 117 | prompt processing progress, n_tokens = 723, batch.n_tokens = 32, progress = 0.271907
slot update_slots: id  0 | task 117 | n_tokens = 723, memory_seq_rm [723, end)
slot update_slots: id  0 | task 117 | prompt processing progress, n_tokens = 755, batch.n_tokens = 32, progress = 0.283941
slot update_slots: id  0 | task 117 | n_tokens = 755, memory_seq_rm [755, end)
slot update_slots: id  0 | task 117 | prompt processing progress, n_tokens = 787, batch.n_tokens = 32, progress = 0.295976
slot update_slots: id  0 | task 117 | n_tokens = 787, memory_seq_rm [787, end)
slot update_slots: id  0 | task 117 | prompt processing progress, n_tokens = 819, batch.n_tokens = 32, progress = 0.308011
slot update_slots: id  0 | task 117 | n_tokens = 819, memory_seq_rm [819, end)
slot update_slots: id  0 | task 117 | prompt processing progress, n_tokens = 851, batch.n_tokens = 32, progress = 0.320045
slot update_slots: id  0 | task 117 | n_tokens = 851, memory_seq_rm [851, end)
slot update_slots: id  0 | task 117 | prompt processing progress, n_tokens = 883, batch.n_tokens = 32, progress = 0.332080
slot update_slots: id  0 | task 117 | n_tokens = 883, memory_seq_rm [883, end)
slot update_slots: id  0 | task 117 | prompt processing progress, n_tokens = 915, batch.n_tokens = 32, progress = 0.344114
slot update_slots: id  0 | task 117 | n_tokens = 915, memory_seq_rm [915, end)
slot update_slots: id  0 | task 117 | prompt processing progress, n_tokens = 947, batch.n_tokens = 32, progress = 0.356149
slot update_slots: id  0 | task 117 | n_tokens = 947, memory_seq_rm [947, end)
slot update_slots: id  0 | task 117 | prompt processing progress, n_tokens = 979, batch.n_tokens = 32, progress = 0.368184
slot update_slots: id  0 | task 117 | n_tokens = 979, memory_seq_rm [979, end)
slot update_slots: id  0 | task 117 | prompt processing progress, n_tokens = 1011, batch.n_tokens = 32, progress = 0.380218
slot update_slots: id  0 | task 117 | n_tokens = 1011, memory_seq_rm [1011, end)
slot update_slots: id  0 | task 117 | prompt processing progress, n_tokens = 1043, batch.n_tokens = 32, progress = 0.392253
slot update_slots: id  0 | task 117 | n_tokens = 1043, memory_seq_rm [1043, end)
slot update_slots: id  0 | task 117 | prompt processing progress, n_tokens = 1075, batch.n_tokens = 32, progress = 0.404287
slot update_slots: id  0 | task 117 | n_tokens = 1075, memory_seq_rm [1075, end)
slot update_slots: id  0 | task 117 | prompt processing progress, n_tokens = 1107, batch.n_tokens = 32, progress = 0.416322
slot update_slots: id  0 | task 117 | n_tokens = 1107, memory_seq_rm [1107, end)
slot update_slots: id  0 | task 117 | prompt processing progress, n_tokens = 1139, batch.n_tokens = 32, progress = 0.428357
slot update_slots: id  0 | task 117 | n_tokens = 1139, memory_seq_rm [1139, end)
slot update_slots: id  0 | task 117 | prompt processing progress, n_tokens = 1171, batch.n_tokens = 32, progress = 0.440391
slot update_slots: id  0 | task 117 | n_tokens = 1171, memory_seq_rm [1171, end)
slot update_slots: id  0 | task 117 | prompt processing progress, n_tokens = 1203, batch.n_tokens = 32, progress = 0.452426
slot update_slots: id  0 | task 117 | n_tokens = 1203, memory_seq_rm [1203, end)
slot update_slots: id  0 | task 117 | prompt processing progress, n_tokens = 1235, batch.n_tokens = 32, progress = 0.464460
slot update_slots: id  0 | task 117 | n_tokens = 1235, memory_seq_rm [1235, end)
slot update_slots: id  0 | task 117 | prompt processing progress, n_tokens = 1267, batch.n_tokens = 32, progress = 0.476495
slot update_slots: id  0 | task 117 | n_tokens = 1267, memory_seq_rm [1267, end)
slot update_slots: id  0 | task 117 | prompt processing progress, n_tokens = 1299, batch.n_tokens = 32, progress = 0.488530
slot update_slots: id  0 | task 117 | n_tokens = 1299, memory_seq_rm [1299, end)
slot update_slots: id  0 | task 117 | prompt processing progress, n_tokens = 1331, batch.n_tokens = 32, progress = 0.500564
slot update_slots: id  0 | task 117 | n_tokens = 1331, memory_seq_rm [1331, end)
slot update_slots: id  0 | task 117 | prompt processing progress, n_tokens = 1363, batch.n_tokens = 32, progress = 0.512599
slot update_slots: id  0 | task 117 | n_tokens = 1363, memory_seq_rm [1363, end)
slot update_slots: id  0 | task 117 | prompt processing progress, n_tokens = 1395, batch.n_tokens = 32, progress = 0.524633
slot update_slots: id  0 | task 117 | n_tokens = 1395, memory_seq_rm [1395, end)
slot update_slots: id  0 | task 117 | prompt processing progress, n_tokens = 1427, batch.n_tokens = 32, progress = 0.536668
slot update_slots: id  0 | task 117 | n_tokens = 1427, memory_seq_rm [1427, end)
slot update_slots: id  0 | task 117 | prompt processing progress, n_tokens = 1459, batch.n_tokens = 32, progress = 0.548703
slot update_slots: id  0 | task 117 | n_tokens = 1459, memory_seq_rm [1459, end)
slot update_slots: id  0 | task 117 | prompt processing progress, n_tokens = 1491, batch.n_tokens = 32, progress = 0.560737
slot update_slots: id  0 | task 117 | n_tokens = 1491, memory_seq_rm [1491, end)
slot update_slots: id  0 | task 117 | prompt processing progress, n_tokens = 1523, batch.n_tokens = 32, progress = 0.572772
slot update_slots: id  0 | task 117 | n_tokens = 1523, memory_seq_rm [1523, end)
slot update_slots: id  0 | task 117 | prompt processing progress, n_tokens = 1555, batch.n_tokens = 32, progress = 0.584806
slot update_slots: id  0 | task 117 | n_tokens = 1555, memory_seq_rm [1555, end)
slot update_slots: id  0 | task 117 | prompt processing progress, n_tokens = 1587, batch.n_tokens = 32, progress = 0.596841
slot update_slots: id  0 | task 117 | n_tokens = 1587, memory_seq_rm [1587, end)
slot update_slots: id  0 | task 117 | prompt processing progress, n_tokens = 1619, batch.n_tokens = 32, progress = 0.608876
slot update_slots: id  0 | task 117 | n_tokens = 1619, memory_seq_rm [1619, end)
slot update_slots: id  0 | task 117 | prompt processing progress, n_tokens = 1651, batch.n_tokens = 32, progress = 0.620910
slot update_slots: id  0 | task 117 | n_tokens = 1651, memory_seq_rm [1651, end)
slot update_slots: id  0 | task 117 | prompt processing progress, n_tokens = 1683, batch.n_tokens = 32, progress = 0.632945
slot update_slots: id  0 | task 117 | n_tokens = 1683, memory_seq_rm [1683, end)
slot update_slots: id  0 | task 117 | prompt processing progress, n_tokens = 1715, batch.n_tokens = 32, progress = 0.644979
slot update_slots: id  0 | task 117 | n_tokens = 1715, memory_seq_rm [1715, end)
slot update_slots: id  0 | task 117 | prompt processing progress, n_tokens = 1747, batch.n_tokens = 32, progress = 0.657014
slot update_slots: id  0 | task 117 | n_tokens = 1747, memory_seq_rm [1747, end)
slot update_slots: id  0 | task 117 | prompt processing progress, n_tokens = 1779, batch.n_tokens = 32, progress = 0.669048
slot update_slots: id  0 | task 117 | n_tokens = 1779, memory_seq_rm [1779, end)
slot update_slots: id  0 | task 117 | prompt processing progress, n_tokens = 1811, batch.n_tokens = 32, progress = 0.681083
slot update_slots: id  0 | task 117 | n_tokens = 1811, memory_seq_rm [1811, end)
slot update_slots: id  0 | task 117 | prompt processing progress, n_tokens = 1843, batch.n_tokens = 32, progress = 0.693118
slot update_slots: id  0 | task 117 | n_tokens = 1843, memory_seq_rm [1843, end)
slot update_slots: id  0 | task 117 | prompt processing progress, n_tokens = 1875, batch.n_tokens = 32, progress = 0.705152
slot update_slots: id  0 | task 117 | n_tokens = 1875, memory_seq_rm [1875, end)
slot update_slots: id  0 | task 117 | prompt processing progress, n_tokens = 1907, batch.n_tokens = 32, progress = 0.717187
slot update_slots: id  0 | task 117 | n_tokens = 1907, memory_seq_rm [1907, end)
slot update_slots: id  0 | task 117 | prompt processing progress, n_tokens = 1939, batch.n_tokens = 32, progress = 0.729222
slot update_slots: id  0 | task 117 | n_tokens = 1939, memory_seq_rm [1939, end)
slot update_slots: id  0 | task 117 | prompt processing progress, n_tokens = 1971, batch.n_tokens = 32, progress = 0.741256
slot update_slots: id  0 | task 117 | n_tokens = 1971, memory_seq_rm [1971, end)
slot update_slots: id  0 | task 117 | prompt processing progress, n_tokens = 2003, batch.n_tokens = 32, progress = 0.753291
slot update_slots: id  0 | task 117 | n_tokens = 2003, memory_seq_rm [2003, end)
slot update_slots: id  0 | task 117 | prompt processing progress, n_tokens = 2035, batch.n_tokens = 32, progress = 0.765325
slot update_slots: id  0 | task 117 | n_tokens = 2035, memory_seq_rm [2035, end)
slot update_slots: id  0 | task 117 | prompt processing progress, n_tokens = 2067, batch.n_tokens = 32, progress = 0.777360
slot update_slots: id  0 | task 117 | n_tokens = 2067, memory_seq_rm [2067, end)
slot update_slots: id  0 | task 117 | prompt processing progress, n_tokens = 2099, batch.n_tokens = 32, progress = 0.789394
slot update_slots: id  0 | task 117 | n_tokens = 2099, memory_seq_rm [2099, end)
slot update_slots: id  0 | task 117 | prompt processing progress, n_tokens = 2131, batch.n_tokens = 32, progress = 0.801429
slot update_slots: id  0 | task 117 | n_tokens = 2131, memory_seq_rm [2131, end)
slot update_slots: id  0 | task 117 | prompt processing progress, n_tokens = 2163, batch.n_tokens = 32, progress = 0.813464
slot update_slots: id  0 | task 117 | n_tokens = 2163, memory_seq_rm [2163, end)
slot update_slots: id  0 | task 117 | prompt processing progress, n_tokens = 2195, batch.n_tokens = 32, progress = 0.825498
slot update_slots: id  0 | task 117 | n_tokens = 2195, memory_seq_rm [2195, end)
slot update_slots: id  0 | task 117 | prompt processing progress, n_tokens = 2227, batch.n_tokens = 32, progress = 0.837533
slot update_slots: id  0 | task 117 | n_tokens = 2227, memory_seq_rm [2227, end)
slot update_slots: id  0 | task 117 | prompt processing progress, n_tokens = 2259, batch.n_tokens = 32, progress = 0.849568
slot update_slots: id  0 | task 117 | n_tokens = 2259, memory_seq_rm [2259, end)
slot update_slots: id  0 | task 117 | prompt processing progress, n_tokens = 2291, batch.n_tokens = 32, progress = 0.861602
slot update_slots: id  0 | task 117 | n_tokens = 2291, memory_seq_rm [2291, end)
slot update_slots: id  0 | task 117 | prompt processing progress, n_tokens = 2323, batch.n_tokens = 32, progress = 0.873637
slot update_slots: id  0 | task 117 | n_tokens = 2323, memory_seq_rm [2323, end)
slot update_slots: id  0 | task 117 | prompt processing progress, n_tokens = 2355, batch.n_tokens = 32, progress = 0.885671
slot update_slots: id  0 | task 117 | n_tokens = 2355, memory_seq_rm [2355, end)
slot update_slots: id  0 | task 117 | prompt processing progress, n_tokens = 2387, batch.n_tokens = 32, progress = 0.897706
slot update_slots: id  0 | task 117 | n_tokens = 2387, memory_seq_rm [2387, end)
slot update_slots: id  0 | task 117 | prompt processing progress, n_tokens = 2419, batch.n_tokens = 32, progress = 0.909741
slot update_slots: id  0 | task 117 | n_tokens = 2419, memory_seq_rm [2419, end)
slot update_slots: id  0 | task 117 | prompt processing progress, n_tokens = 2451, batch.n_tokens = 32, progress = 0.921775
slot update_slots: id  0 | task 117 | n_tokens = 2451, memory_seq_rm [2451, end)
slot update_slots: id  0 | task 117 | prompt processing progress, n_tokens = 2483, batch.n_tokens = 32, progress = 0.933810
slot update_slots: id  0 | task 117 | n_tokens = 2483, memory_seq_rm [2483, end)
slot update_slots: id  0 | task 117 | prompt processing progress, n_tokens = 2515, batch.n_tokens = 32, progress = 0.945844
slot update_slots: id  0 | task 117 | n_tokens = 2515, memory_seq_rm [2515, end)
slot update_slots: id  0 | task 117 | prompt processing progress, n_tokens = 2547, batch.n_tokens = 32, progress = 0.957879
slot update_slots: id  0 | task 117 | n_tokens = 2547, memory_seq_rm [2547, end)
slot update_slots: id  0 | task 117 | prompt processing progress, n_tokens = 2579, batch.n_tokens = 32, progress = 0.969913
slot update_slots: id  0 | task 117 | n_tokens = 2579, memory_seq_rm [2579, end)
slot update_slots: id  0 | task 117 | prompt processing progress, n_tokens = 2611, batch.n_tokens = 32, progress = 0.981948
slot update_slots: id  0 | task 117 | n_tokens = 2611, memory_seq_rm [2611, end)
slot update_slots: id  0 | task 117 | prompt processing progress, n_tokens = 2643, batch.n_tokens = 32, progress = 0.993983
slot update_slots: id  0 | task 117 | n_tokens = 2643, memory_seq_rm [2643, end)
slot init_sampler: id  0 | task 117 | init sampler, took 0.42 ms, tokens: text = 2659, total = 2659
slot update_slots: id  0 | task 117 | prompt processing done, n_tokens = 2659, batch.n_tokens = 16
slot print_timing: id  0 | task 117 | 
prompt eval time =   56107.49 ms /  2128 tokens (   26.37 ms per token,    37.93 tokens per second)
       eval time =   21641.16 ms /   378 tokens (   57.25 ms per token,    17.47 tokens per second)
      total time =   77748.65 ms /  2506 tokens
slot      release: id  0 | task 117 | stop processing: n_tokens = 3036, truncated = 0
srv  update_slots: all slots are idle
srv  log_server_r: done request: POST /v1/chat/completions 127.0.0.1 200
load_backend: loaded RPC backend from D:\DATN\legal_ai_source\source_code\models\llama-b8644-bin-win-vulkan-x64\ggml-rpc.dll
load_backend: loaded Vulkan backend from D:\DATN\legal_ai_source\source_code\models\llama-b8644-bin-win-vulkan-x64\ggml-vulkan.dll
load_backend: loaded CPU backend from D:\DATN\legal_ai_source\source_code\models\llama-b8644-bin-win-vulkan-x64\ggml-cpu-icelake.dll
system info: n_threads = 4, n_threads_batch = 4, total_threads = 8

system_info: n_threads = 4 (n_threads_batch = 4) / 8 | CPU : SSE3 = 1 | SSSE3 = 1 | AVX = 1 | AVX2 = 1 | F16C = 1 | FMA = 1 | BMI2 = 1 | AVX512 = 1 | AVX512_VBMI = 1 | AVX512_VNNI = 1 | LLAMAFILE = 1 | OPENMP = 1 | REPACK = 1 | 

Running without SSL
init: using 7 threads for HTTP server
start: binding port with default address family
main: loading model
srv    load_model: loading model 'D:\DATN\legal_ai_source\source_code\models\qwen2.5-1.5b-instruct-q4_k_m.gguf'
common_init_result: fitting params to device memory, for bugs during this step try to reproduce them with -fit off, or provide --verbose logs if the bug only occurs with -fit on
llama_params_fit_impl: projected to use 213 MiB of device memory vs. 3525 MiB of free device memory
llama_params_fit_impl: will leave 3311 >= 1024 MiB of free device memory, no changes needed
llama_params_fit: successfully fit params to free device memory
llama_params_fit: fitting params to free memory took 0.53 seconds
llama_model_load_from_file_impl: using device Vulkan0 (Intel(R) Iris(R) Xe Graphics) (unknown id) - 3525 MiB free
llama_model_loader: loaded meta data with 26 key-value pairs and 339 tensors from D:\DATN\legal_ai_source\source_code\models\qwen2.5-1.5b-instruct-q4_k_m.gguf (version GGUF V3 (latest))
llama_model_loader: Dumping metadata keys/values. Note: KV overrides do not apply in this output.
llama_model_loader: - kv   0:                       general.architecture str              = qwen2
llama_model_loader: - kv   1:                               general.type str              = model
llama_model_loader: - kv   2:                               general.name str              = qwen2.5-1.5b-instruct
llama_model_loader: - kv   3:                            general.version str              = v0.1
llama_model_loader: - kv   4:                           general.finetune str              = qwen2.5-1.5b-instruct
llama_model_loader: - kv   5:                         general.size_label str              = 1.8B
llama_model_loader: - kv   6:                          qwen2.block_count u32              = 28
llama_model_loader: - kv   7:                       qwen2.context_length u32              = 32768
llama_model_loader: - kv   8:                     qwen2.embedding_length u32              = 1536
llama_model_loader: - kv   9:                  qwen2.feed_forward_length u32              = 8960
llama_model_loader: - kv  10:                 qwen2.attention.head_count u32              = 12
llama_model_loader: - kv  11:              qwen2.attention.head_count_kv u32              = 2
llama_model_loader: - kv  12:                       qwen2.rope.freq_base f32              = 1000000.000000
llama_model_loader: - kv  13:     qwen2.attention.layer_norm_rms_epsilon f32              = 0.000001
llama_model_loader: - kv  14:                          general.file_type u32              = 15
llama_model_loader: - kv  15:                       tokenizer.ggml.model str              = gpt2
llama_model_loader: - kv  16:                         tokenizer.ggml.pre str              = qwen2
llama_model_loader: - kv  17:                      tokenizer.ggml.tokens arr[str,151936]  = ["!", "\"", "#", "$", "%", "&", "'", ...
llama_model_loader: - kv  18:                  tokenizer.ggml.token_type arr[i32,151936]  = [1, 1, 1, 1, 1, 1, 1, 1, 1, 1, 1, 1, ...
llama_model_loader: - kv  19:                      tokenizer.ggml.merges arr[str,151387]  = ["Ġ Ġ", "ĠĠ ĠĠ", "i n", "Ġ t",...
llama_model_loader: - kv  20:                tokenizer.ggml.eos_token_id u32              = 151645
llama_model_loader: - kv  21:            tokenizer.ggml.padding_token_id u32              = 151643
llama_model_loader: - kv  22:                tokenizer.ggml.bos_token_id u32              = 151643
llama_model_loader: - kv  23:               tokenizer.ggml.add_bos_token bool             = false
llama_model_loader: - kv  24:                    tokenizer.chat_template str              = {%- if tools %}\n    {{- '<|im_start|>...
llama_model_loader: - kv  25:               general.quantization_version u32              = 2
llama_model_loader: - type  f32:  141 tensors
llama_model_loader: - type q4_K:  169 tensors
llama_model_loader: - type q6_K:   29 tensors
print_info: file format = GGUF V3 (latest)
print_info: file type   = Q4_K - Medium
print_info: file size   = 1.04 GiB (5.00 BPW) 
load: 0 unused tokens
load: control-looking token: 128247 '</s>' was not control-type; this is probably a bug in the model. its type will be overridden
load: printing all EOG tokens:
load:   - 128247 ('</s>')
load:   - 151643 ('<|endoftext|>')
load:   - 151645 ('<|im_end|>')
load:   - 151662 ('<|fim_pad|>')
load:   - 151663 ('<|repo_name|>')
load:   - 151664 ('<|file_sep|>')
load: special tokens cache size = 23
load: token to piece cache size = 0.9310 MB
print_info: arch                  = qwen2
print_info: vocab_only            = 0
print_info: no_alloc              = 0
print_info: n_ctx_train           = 32768
print_info: n_embd                = 1536
print_info: n_embd_inp            = 1536
print_info: n_layer               = 28
print_info: n_head                = 12
print_info: n_head_kv             = 2
print_info: n_rot                 = 128
print_info: n_swa                 = 0
print_info: is_swa_any            = 0
print_info: n_embd_head_k         = 128
print_info: n_embd_head_v         = 128
print_info: n_gqa                 = 6
print_info: n_embd_k_gqa          = 256
print_info: n_embd_v_gqa          = 256
print_info: f_norm_eps            = 0.0e+00
print_info: f_norm_rms_eps        = 1.0e-06
print_info: f_clamp_kqv           = 0.0e+00
print_info: f_max_alibi_bias      = 0.0e+00
print_info: f_logit_scale         = 0.0e+00
print_info: f_attn_scale          = 0.0e+00
print_info: n_ff                  = 8960
print_info: n_expert              = 0
print_info: n_expert_used         = 0
print_info: n_expert_groups       = 0
print_info: n_group_used          = 0
print_info: causal attn           = 1
print_info: pooling type          = -1
print_info: rope type             = 2
print_info: rope scaling          = linear
print_info: freq_base_train       = 1000000.0
print_info: freq_scale_train      = 1
print_info: n_ctx_orig_yarn       = 32768
print_info: rope_yarn_log_mul     = 0.0000
print_info: rope_finetuned        = unknown
print_info: model type            = 1.5B
print_info: model params          = 1.78 B
print_info: general.name          = qwen2.5-1.5b-instruct
print_info: vocab type            = BPE
print_info: n_vocab               = 151936
print_info: n_merges              = 151387
print_info: BOS token             = 151643 '<|endoftext|>'
print_info: EOS token             = 151645 '<|im_end|>'
print_info: EOT token             = 151645 '<|im_end|>'
print_info: PAD token             = 151643 '<|endoftext|>'
print_info: LF token              = 198 'Ċ'
print_info: FIM PRE token         = 151659 '<|fim_prefix|>'
print_info: FIM SUF token         = 151661 '<|fim_suffix|>'
print_info: FIM MID token         = 151660 '<|fim_middle|>'
print_info: FIM PAD token         = 151662 '<|fim_pad|>'
print_info: FIM REP token         = 151663 '<|repo_name|>'
print_info: FIM SEP token         = 151664 '<|file_sep|>'
print_info: EOG token             = 128247 '</s>'
print_info: EOG token             = 151643 '<|endoftext|>'
print_info: EOG token             = 151645 '<|im_end|>'
print_info: EOG token             = 151662 '<|fim_pad|>'
print_info: EOG token             = 151663 '<|repo_name|>'
print_info: EOG token             = 151664 '<|file_sep|>'
print_info: max token length      = 256
load_tensors: loading model tensors, this can take a while... (mmap = true, direct_io = false)
load_tensors: offloading 0 repeating layers to GPU
load_tensors: offloaded 0/29 layers to GPU
load_tensors:   CPU_Mapped model buffer size =  1059.89 MiB
.........................................................................
common_init_result: added </s> logit bias = -inf
common_init_result: added <|endoftext|> logit bias = -inf
common_init_result: added <|im_end|> logit bias = -inf
common_init_result: added <|fim_pad|> logit bias = -inf
common_init_result: added <|repo_name|> logit bias = -inf
common_init_result: added <|file_sep|> logit bias = -inf
llama_context: constructing llama_context
llama_context: n_seq_max     = 1
llama_context: n_ctx         = 3072
llama_context: n_ctx_seq     = 3072
llama_context: n_batch       = 32
llama_context: n_ubatch      = 32
llama_context: causal_attn   = 1
llama_context: flash_attn    = auto
llama_context: kv_unified    = false
llama_context: freq_base     = 1000000.0
llama_context: freq_scale    = 1
llama_context: n_ctx_seq (3072) < n_ctx_train (32768) -- the full capacity of the model will not be utilized
llama_context:        CPU  output buffer size =     0.58 MiB
llama_kv_cache:        CPU KV buffer size =    84.00 MiB
llama_kv_cache: size =   84.00 MiB (  3072 cells,  28 layers,  1/1 seqs), K (f16):   42.00 MiB, V (f16):   42.00 MiB
llama_kv_cache: attn_rot_k = 0
llama_kv_cache: attn_rot_v = 0
sched_reserve: reserving ...
sched_reserve: Flash Attention was auto, set to enabled
sched_reserve: resolving fused Gated Delta Net support:
sched_reserve: fused Gated Delta Net (autoregressive) enabled
sched_reserve: fused Gated Delta Net (chunked) enabled
sched_reserve:    Vulkan0 compute buffer size =   213.35 MiB
sched_reserve: Vulkan_Host compute buffer size =     0.75 MiB
sched_reserve: graph nodes  = 959
sched_reserve: graph splits = 396 (with bs=32), 1 (with bs=1)
sched_reserve: reserve took 173.45 ms, sched copies = 1
common_init_from_params: warming up the model with an empty run - please wait ... (--no-warmup to disable)
srv    load_model: initializing slots, n_slots = 1
no implementations specified for speculative decoding
slot   load_model: id  0 | task -1 | speculative decoding context not initialized
slot   load_model: id  0 | task -1 | new slot, n_ctx = 3072
srv    load_model: prompt cache is enabled, size limit: 8192 MiB
srv    load_model: use `--cache-ram 0` to disable the prompt cache
srv    load_model: for more info see https://github.com/ggml-org/llama.cpp/pull/16391
init: chat template, example_format: '<|im_start|>system
You are a helpful assistant<|im_end|>
<|im_start|>user
Hello<|im_end|>
<|im_start|>assistant
Hi there<|im_end|>
<|im_start|>user
How are you?<|im_end|>
<|im_start|>assistant
'
srv          init: init: chat template, thinking = 0
main: model loaded
main: server is listening on http://127.0.0.1:8080
main: starting the main loop...
srv  update_slots: all slots are idle
load_backend: loaded RPC backend from D:\DATN\legal_ai_source\source_code\models\llama-b8644-bin-win-vulkan-x64\ggml-rpc.dll
load_backend: loaded Vulkan backend from D:\DATN\legal_ai_source\source_code\models\llama-b8644-bin-win-vulkan-x64\ggml-vulkan.dll
load_backend: loaded CPU backend from D:\DATN\legal_ai_source\source_code\models\llama-b8644-bin-win-vulkan-x64\ggml-cpu-icelake.dll
system info: n_threads = 4, n_threads_batch = 4, total_threads = 8

system_info: n_threads = 4 (n_threads_batch = 4) / 8 | CPU : SSE3 = 1 | SSSE3 = 1 | AVX = 1 | AVX2 = 1 | F16C = 1 | FMA = 1 | BMI2 = 1 | AVX512 = 1 | AVX512_VBMI = 1 | AVX512_VNNI = 1 | LLAMAFILE = 1 | OPENMP = 1 | REPACK = 1 | 

Running without SSL
init: using 7 threads for HTTP server
start: binding port with default address family
main: loading model
srv    load_model: loading model 'D:\DATN\legal_ai_source\source_code\models\qwen2.5-1.5b-instruct-q4_k_m.gguf'
common_init_result: fitting params to device memory, for bugs during this step try to reproduce them with -fit off, or provide --verbose logs if the bug only occurs with -fit on
llama_params_fit_impl: projected to use 213 MiB of device memory vs. 3525 MiB of free device memory
llama_params_fit_impl: will leave 3311 >= 1024 MiB of free device memory, no changes needed
llama_params_fit: successfully fit params to free device memory
llama_params_fit: fitting params to free memory took 0.49 seconds
llama_model_load_from_file_impl: using device Vulkan0 (Intel(R) Iris(R) Xe Graphics) (unknown id) - 3525 MiB free
llama_model_loader: loaded meta data with 26 key-value pairs and 339 tensors from D:\DATN\legal_ai_source\source_code\models\qwen2.5-1.5b-instruct-q4_k_m.gguf (version GGUF V3 (latest))
llama_model_loader: Dumping metadata keys/values. Note: KV overrides do not apply in this output.
llama_model_loader: - kv   0:                       general.architecture str              = qwen2
llama_model_loader: - kv   1:                               general.type str              = model
llama_model_loader: - kv   2:                               general.name str              = qwen2.5-1.5b-instruct
llama_model_loader: - kv   3:                            general.version str              = v0.1
llama_model_loader: - kv   4:                           general.finetune str              = qwen2.5-1.5b-instruct
llama_model_loader: - kv   5:                         general.size_label str              = 1.8B
llama_model_loader: - kv   6:                          qwen2.block_count u32              = 28
llama_model_loader: - kv   7:                       qwen2.context_length u32              = 32768
llama_model_loader: - kv   8:                     qwen2.embedding_length u32              = 1536
llama_model_loader: - kv   9:                  qwen2.feed_forward_length u32              = 8960
llama_model_loader: - kv  10:                 qwen2.attention.head_count u32              = 12
llama_model_loader: - kv  11:              qwen2.attention.head_count_kv u32              = 2
llama_model_loader: - kv  12:                       qwen2.rope.freq_base f32              = 1000000.000000
llama_model_loader: - kv  13:     qwen2.attention.layer_norm_rms_epsilon f32              = 0.000001
llama_model_loader: - kv  14:                          general.file_type u32              = 15
llama_model_loader: - kv  15:                       tokenizer.ggml.model str              = gpt2
llama_model_loader: - kv  16:                         tokenizer.ggml.pre str              = qwen2
llama_model_loader: - kv  17:                      tokenizer.ggml.tokens arr[str,151936]  = ["!", "\"", "#", "$", "%", "&", "'", ...
llama_model_loader: - kv  18:                  tokenizer.ggml.token_type arr[i32,151936]  = [1, 1, 1, 1, 1, 1, 1, 1, 1, 1, 1, 1, ...
llama_model_loader: - kv  19:                      tokenizer.ggml.merges arr[str,151387]  = ["Ġ Ġ", "ĠĠ ĠĠ", "i n", "Ġ t",...
llama_model_loader: - kv  20:                tokenizer.ggml.eos_token_id u32              = 151645
llama_model_loader: - kv  21:            tokenizer.ggml.padding_token_id u32              = 151643
llama_model_loader: - kv  22:                tokenizer.ggml.bos_token_id u32              = 151643
llama_model_loader: - kv  23:               tokenizer.ggml.add_bos_token bool             = false
llama_model_loader: - kv  24:                    tokenizer.chat_template str              = {%- if tools %}\n    {{- '<|im_start|>...
llama_model_loader: - kv  25:               general.quantization_version u32              = 2
llama_model_loader: - type  f32:  141 tensors
llama_model_loader: - type q4_K:  169 tensors
llama_model_loader: - type q6_K:   29 tensors
print_info: file format = GGUF V3 (latest)
print_info: file type   = Q4_K - Medium
print_info: file size   = 1.04 GiB (5.00 BPW) 
load: 0 unused tokens
load: control-looking token: 128247 '</s>' was not control-type; this is probably a bug in the model. its type will be overridden
load: printing all EOG tokens:
load:   - 128247 ('</s>')
load:   - 151643 ('<|endoftext|>')
load:   - 151645 ('<|im_end|>')
load:   - 151662 ('<|fim_pad|>')
load:   - 151663 ('<|repo_name|>')
load:   - 151664 ('<|file_sep|>')
load: special tokens cache size = 23
load: token to piece cache size = 0.9310 MB
print_info: arch                  = qwen2
print_info: vocab_only            = 0
print_info: no_alloc              = 0
print_info: n_ctx_train           = 32768
print_info: n_embd                = 1536
print_info: n_embd_inp            = 1536
print_info: n_layer               = 28
print_info: n_head                = 12
print_info: n_head_kv             = 2
print_info: n_rot                 = 128
print_info: n_swa                 = 0
print_info: is_swa_any            = 0
print_info: n_embd_head_k         = 128
print_info: n_embd_head_v         = 128
print_info: n_gqa                 = 6
print_info: n_embd_k_gqa          = 256
print_info: n_embd_v_gqa          = 256
print_info: f_norm_eps            = 0.0e+00
print_info: f_norm_rms_eps        = 1.0e-06
print_info: f_clamp_kqv           = 0.0e+00
print_info: f_max_alibi_bias      = 0.0e+00
print_info: f_logit_scale         = 0.0e+00
print_info: f_attn_scale          = 0.0e+00
print_info: n_ff                  = 8960
print_info: n_expert              = 0
print_info: n_expert_used         = 0
print_info: n_expert_groups       = 0
print_info: n_group_used          = 0
print_info: causal attn           = 1
print_info: pooling type          = -1
print_info: rope type             = 2
print_info: rope scaling          = linear
print_info: freq_base_train       = 1000000.0
print_info: freq_scale_train      = 1
print_info: n_ctx_orig_yarn       = 32768
print_info: rope_yarn_log_mul     = 0.0000
print_info: rope_finetuned        = unknown
print_info: model type            = 1.5B
print_info: model params          = 1.78 B
print_info: general.name          = qwen2.5-1.5b-instruct
print_info: vocab type            = BPE
print_info: n_vocab               = 151936
print_info: n_merges              = 151387
print_info: BOS token             = 151643 '<|endoftext|>'
print_info: EOS token             = 151645 '<|im_end|>'
print_info: EOT token             = 151645 '<|im_end|>'
print_info: PAD token             = 151643 '<|endoftext|>'
print_info: LF token              = 198 'Ċ'
print_info: FIM PRE token         = 151659 '<|fim_prefix|>'
print_info: FIM SUF token         = 151661 '<|fim_suffix|>'
print_info: FIM MID token         = 151660 '<|fim_middle|>'
print_info: FIM PAD token         = 151662 '<|fim_pad|>'
print_info: FIM REP token         = 151663 '<|repo_name|>'
print_info: FIM SEP token         = 151664 '<|file_sep|>'
print_info: EOG token             = 128247 '</s>'
print_info: EOG token             = 151643 '<|endoftext|>'
print_info: EOG token             = 151645 '<|im_end|>'
print_info: EOG token             = 151662 '<|fim_pad|>'
print_info: EOG token             = 151663 '<|repo_name|>'
print_info: EOG token             = 151664 '<|file_sep|>'
print_info: max token length      = 256
load_tensors: loading model tensors, this can take a while... (mmap = true, direct_io = false)
load_tensors: offloading 0 repeating layers to GPU
load_tensors: offloaded 0/29 layers to GPU
load_tensors:   CPU_Mapped model buffer size =  1059.89 MiB
.........................................................................
common_init_result: added </s> logit bias = -inf
common_init_result: added <|endoftext|> logit bias = -inf
common_init_result: added <|im_end|> logit bias = -inf
common_init_result: added <|fim_pad|> logit bias = -inf
common_init_result: added <|repo_name|> logit bias = -inf
common_init_result: added <|file_sep|> logit bias = -inf
llama_context: constructing llama_context
llama_context: n_seq_max     = 1
llama_context: n_ctx         = 3072
llama_context: n_ctx_seq     = 3072
llama_context: n_batch       = 32
llama_context: n_ubatch      = 32
llama_context: causal_attn   = 1
llama_context: flash_attn    = auto
llama_context: kv_unified    = false
llama_context: freq_base     = 1000000.0
llama_context: freq_scale    = 1
llama_context: n_ctx_seq (3072) < n_ctx_train (32768) -- the full capacity of the model will not be utilized
llama_context:        CPU  output buffer size =     0.58 MiB
llama_kv_cache:        CPU KV buffer size =    84.00 MiB
llama_kv_cache: size =   84.00 MiB (  3072 cells,  28 layers,  1/1 seqs), K (f16):   42.00 MiB, V (f16):   42.00 MiB
llama_kv_cache: attn_rot_k = 0
llama_kv_cache: attn_rot_v = 0
sched_reserve: reserving ...
sched_reserve: Flash Attention was auto, set to enabled
sched_reserve: resolving fused Gated Delta Net support:
sched_reserve: fused Gated Delta Net (autoregressive) enabled
sched_reserve: fused Gated Delta Net (chunked) enabled
sched_reserve:    Vulkan0 compute buffer size =   213.35 MiB
sched_reserve: Vulkan_Host compute buffer size =     0.75 MiB
sched_reserve: graph nodes  = 959
sched_reserve: graph splits = 396 (with bs=32), 1 (with bs=1)
sched_reserve: reserve took 150.71 ms, sched copies = 1
common_init_from_params: warming up the model with an empty run - please wait ... (--no-warmup to disable)
srv    load_model: initializing slots, n_slots = 1
no implementations specified for speculative decoding
slot   load_model: id  0 | task -1 | speculative decoding context not initialized
slot   load_model: id  0 | task -1 | new slot, n_ctx = 3072
srv    load_model: prompt cache is enabled, size limit: 8192 MiB
srv    load_model: use `--cache-ram 0` to disable the prompt cache
srv    load_model: for more info see https://github.com/ggml-org/llama.cpp/pull/16391
init: chat template, example_format: '<|im_start|>system
You are a helpful assistant<|im_end|>
<|im_start|>user
Hello<|im_end|>
<|im_start|>assistant
Hi there<|im_end|>
<|im_start|>user
How are you?<|im_end|>
<|im_start|>assistant
'
srv          init: init: chat template, thinking = 0
main: model loaded
main: server is listening on http://127.0.0.1:8080
main: starting the main loop...
srv  update_slots: all slots are idle
load_backend: loaded RPC backend from D:\DATN\legal_ai_source\source_code\models\llama-b8644-bin-win-vulkan-x64\ggml-rpc.dll
load_backend: loaded Vulkan backend from D:\DATN\legal_ai_source\source_code\models\llama-b8644-bin-win-vulkan-x64\ggml-vulkan.dll
load_backend: loaded CPU backend from D:\DATN\legal_ai_source\source_code\models\llama-b8644-bin-win-vulkan-x64\ggml-cpu-icelake.dll
system info: n_threads = 4, n_threads_batch = 4, total_threads = 8

system_info: n_threads = 4 (n_threads_batch = 4) / 8 | CPU : SSE3 = 1 | SSSE3 = 1 | AVX = 1 | AVX2 = 1 | F16C = 1 | FMA = 1 | BMI2 = 1 | AVX512 = 1 | AVX512_VBMI = 1 | AVX512_VNNI = 1 | LLAMAFILE = 1 | OPENMP = 1 | REPACK = 1 | 

Running without SSL
init: using 7 threads for HTTP server
start: binding port with default address family
main: loading model
srv    load_model: loading model 'D:\DATN\legal_ai_source\source_code\models\qwen2.5-1.5b-instruct-q4_k_m.gguf'
common_init_result: fitting params to device memory, for bugs during this step try to reproduce them with -fit off, or provide --verbose logs if the bug only occurs with -fit on
llama_params_fit_impl: projected to use 213 MiB of device memory vs. 3525 MiB of free device memory
llama_params_fit_impl: will leave 3311 >= 1024 MiB of free device memory, no changes needed
llama_params_fit: successfully fit params to free device memory
llama_params_fit: fitting params to free memory took 0.69 seconds
llama_model_load_from_file_impl: using device Vulkan0 (Intel(R) Iris(R) Xe Graphics) (unknown id) - 3525 MiB free
llama_model_loader: loaded meta data with 26 key-value pairs and 339 tensors from D:\DATN\legal_ai_source\source_code\models\qwen2.5-1.5b-instruct-q4_k_m.gguf (version GGUF V3 (latest))
llama_model_loader: Dumping metadata keys/values. Note: KV overrides do not apply in this output.
llama_model_loader: - kv   0:                       general.architecture str              = qwen2
llama_model_loader: - kv   1:                               general.type str              = model
llama_model_loader: - kv   2:                               general.name str              = qwen2.5-1.5b-instruct
llama_model_loader: - kv   3:                            general.version str              = v0.1
llama_model_loader: - kv   4:                           general.finetune str              = qwen2.5-1.5b-instruct
llama_model_loader: - kv   5:                         general.size_label str              = 1.8B
llama_model_loader: - kv   6:                          qwen2.block_count u32              = 28
llama_model_loader: - kv   7:                       qwen2.context_length u32              = 32768
llama_model_loader: - kv   8:                     qwen2.embedding_length u32              = 1536
llama_model_loader: - kv   9:                  qwen2.feed_forward_length u32              = 8960
llama_model_loader: - kv  10:                 qwen2.attention.head_count u32              = 12
llama_model_loader: - kv  11:              qwen2.attention.head_count_kv u32              = 2
llama_model_loader: - kv  12:                       qwen2.rope.freq_base f32              = 1000000.000000
llama_model_loader: - kv  13:     qwen2.attention.layer_norm_rms_epsilon f32              = 0.000001
llama_model_loader: - kv  14:                          general.file_type u32              = 15
llama_model_loader: - kv  15:                       tokenizer.ggml.model str              = gpt2
llama_model_loader: - kv  16:                         tokenizer.ggml.pre str              = qwen2
llama_model_loader: - kv  17:                      tokenizer.ggml.tokens arr[str,151936]  = ["!", "\"", "#", "$", "%", "&", "'", ...
llama_model_loader: - kv  18:                  tokenizer.ggml.token_type arr[i32,151936]  = [1, 1, 1, 1, 1, 1, 1, 1, 1, 1, 1, 1, ...
llama_model_loader: - kv  19:                      tokenizer.ggml.merges arr[str,151387]  = ["Ġ Ġ", "ĠĠ ĠĠ", "i n", "Ġ t",...
llama_model_loader: - kv  20:                tokenizer.ggml.eos_token_id u32              = 151645
llama_model_loader: - kv  21:            tokenizer.ggml.padding_token_id u32              = 151643
llama_model_loader: - kv  22:                tokenizer.ggml.bos_token_id u32              = 151643
llama_model_loader: - kv  23:               tokenizer.ggml.add_bos_token bool             = false
llama_model_loader: - kv  24:                    tokenizer.chat_template str              = {%- if tools %}\n    {{- '<|im_start|>...
llama_model_loader: - kv  25:               general.quantization_version u32              = 2
llama_model_loader: - type  f32:  141 tensors
llama_model_loader: - type q4_K:  169 tensors
llama_model_loader: - type q6_K:   29 tensors
print_info: file format = GGUF V3 (latest)
print_info: file type   = Q4_K - Medium
print_info: file size   = 1.04 GiB (5.00 BPW) 
load: 0 unused tokens
load: control-looking token: 128247 '</s>' was not control-type; this is probably a bug in the model. its type will be overridden
load: printing all EOG tokens:
load:   - 128247 ('</s>')
load:   - 151643 ('<|endoftext|>')
load:   - 151645 ('<|im_end|>')
load:   - 151662 ('<|fim_pad|>')
load:   - 151663 ('<|repo_name|>')
load:   - 151664 ('<|file_sep|>')
load: special tokens cache size = 23
load: token to piece cache size = 0.9310 MB
print_info: arch                  = qwen2
print_info: vocab_only            = 0
print_info: no_alloc              = 0
print_info: n_ctx_train           = 32768
print_info: n_embd                = 1536
print_info: n_embd_inp            = 1536
print_info: n_layer               = 28
print_info: n_head                = 12
print_info: n_head_kv             = 2
print_info: n_rot                 = 128
print_info: n_swa                 = 0
print_info: is_swa_any            = 0
print_info: n_embd_head_k         = 128
print_info: n_embd_head_v         = 128
print_info: n_gqa                 = 6
print_info: n_embd_k_gqa          = 256
print_info: n_embd_v_gqa          = 256
print_info: f_norm_eps            = 0.0e+00
print_info: f_norm_rms_eps        = 1.0e-06
print_info: f_clamp_kqv           = 0.0e+00
print_info: f_max_alibi_bias      = 0.0e+00
print_info: f_logit_scale         = 0.0e+00
print_info: f_attn_scale          = 0.0e+00
print_info: n_ff                  = 8960
print_info: n_expert              = 0
print_info: n_expert_used         = 0
print_info: n_expert_groups       = 0
print_info: n_group_used          = 0
print_info: causal attn           = 1
print_info: pooling type          = -1
print_info: rope type             = 2
print_info: rope scaling          = linear
print_info: freq_base_train       = 1000000.0
print_info: freq_scale_train      = 1
print_info: n_ctx_orig_yarn       = 32768
print_info: rope_yarn_log_mul     = 0.0000
print_info: rope_finetuned        = unknown
print_info: model type            = 1.5B
print_info: model params          = 1.78 B
print_info: general.name          = qwen2.5-1.5b-instruct
print_info: vocab type            = BPE
print_info: n_vocab               = 151936
print_info: n_merges              = 151387
print_info: BOS token             = 151643 '<|endoftext|>'
print_info: EOS token             = 151645 '<|im_end|>'
print_info: EOT token             = 151645 '<|im_end|>'
print_info: PAD token             = 151643 '<|endoftext|>'
print_info: LF token              = 198 'Ċ'
print_info: FIM PRE token         = 151659 '<|fim_prefix|>'
print_info: FIM SUF token         = 151661 '<|fim_suffix|>'
print_info: FIM MID token         = 151660 '<|fim_middle|>'
print_info: FIM PAD token         = 151662 '<|fim_pad|>'
print_info: FIM REP token         = 151663 '<|repo_name|>'
print_info: FIM SEP token         = 151664 '<|file_sep|>'
print_info: EOG token             = 128247 '</s>'
print_info: EOG token             = 151643 '<|endoftext|>'
print_info: EOG token             = 151645 '<|im_end|>'
print_info: EOG token             = 151662 '<|fim_pad|>'
print_info: EOG token             = 151663 '<|repo_name|>'
print_info: EOG token             = 151664 '<|file_sep|>'
print_info: max token length      = 256
load_tensors: loading model tensors, this can take a while... (mmap = true, direct_io = false)
load_tensors: offloading 0 repeating layers to GPU
load_tensors: offloaded 0/29 layers to GPU
load_tensors:   CPU_Mapped model buffer size =  1059.89 MiB
.........................................................................
common_init_result: added </s> logit bias = -inf
common_init_result: added <|endoftext|> logit bias = -inf
common_init_result: added <|im_end|> logit bias = -inf
common_init_result: added <|fim_pad|> logit bias = -inf
common_init_result: added <|repo_name|> logit bias = -inf
common_init_result: added <|file_sep|> logit bias = -inf
llama_context: constructing llama_context
llama_context: n_seq_max     = 1
llama_context: n_ctx         = 3072
llama_context: n_ctx_seq     = 3072
llama_context: n_batch       = 32
llama_context: n_ubatch      = 32
llama_context: causal_attn   = 1
llama_context: flash_attn    = auto
llama_context: kv_unified    = false
llama_context: freq_base     = 1000000.0
llama_context: freq_scale    = 1
llama_context: n_ctx_seq (3072) < n_ctx_train (32768) -- the full capacity of the model will not be utilized
llama_context:        CPU  output buffer size =     0.58 MiB
llama_kv_cache:        CPU KV buffer size =    84.00 MiB
llama_kv_cache: size =   84.00 MiB (  3072 cells,  28 layers,  1/1 seqs), K (f16):   42.00 MiB, V (f16):   42.00 MiB
llama_kv_cache: attn_rot_k = 0
llama_kv_cache: attn_rot_v = 0
sched_reserve: reserving ...
sched_reserve: Flash Attention was auto, set to enabled
sched_reserve: resolving fused Gated Delta Net support:
sched_reserve: fused Gated Delta Net (autoregressive) enabled
sched_reserve: fused Gated Delta Net (chunked) enabled
sched_reserve:    Vulkan0 compute buffer size =   213.35 MiB
sched_reserve: Vulkan_Host compute buffer size =     0.75 MiB
sched_reserve: graph nodes  = 959
sched_reserve: graph splits = 396 (with bs=32), 1 (with bs=1)
sched_reserve: reserve took 203.81 ms, sched copies = 1
common_init_from_params: warming up the model with an empty run - please wait ... (--no-warmup to disable)
srv    load_model: initializing slots, n_slots = 1
no implementations specified for speculative decoding
slot   load_model: id  0 | task -1 | speculative decoding context not initialized
slot   load_model: id  0 | task -1 | new slot, n_ctx = 3072
srv    load_model: prompt cache is enabled, size limit: 8192 MiB
srv    load_model: use `--cache-ram 0` to disable the prompt cache
srv    load_model: for more info see https://github.com/ggml-org/llama.cpp/pull/16391
init: chat template, example_format: '<|im_start|>system
You are a helpful assistant<|im_end|>
<|im_start|>user
Hello<|im_end|>
<|im_start|>assistant
Hi there<|im_end|>
<|im_start|>user
How are you?<|im_end|>
<|im_start|>assistant
'
srv          init: init: chat template, thinking = 0
main: model loaded
main: server is listening on http://127.0.0.1:8080
main: starting the main loop...
srv  update_slots: all slots are idle
load_backend: loaded RPC backend from D:\DATN\legal_ai_source\source_code\models\llama-b8644-bin-win-vulkan-x64\ggml-rpc.dll
load_backend: loaded Vulkan backend from D:\DATN\legal_ai_source\source_code\models\llama-b8644-bin-win-vulkan-x64\ggml-vulkan.dll
load_backend: loaded CPU backend from D:\DATN\legal_ai_source\source_code\models\llama-b8644-bin-win-vulkan-x64\ggml-cpu-icelake.dll
system info: n_threads = 4, n_threads_batch = 4, total_threads = 8

system_info: n_threads = 4 (n_threads_batch = 4) / 8 | CPU : SSE3 = 1 | SSSE3 = 1 | AVX = 1 | AVX2 = 1 | F16C = 1 | FMA = 1 | BMI2 = 1 | AVX512 = 1 | AVX512_VBMI = 1 | AVX512_VNNI = 1 | LLAMAFILE = 1 | OPENMP = 1 | REPACK = 1 | 

Running without SSL
init: using 7 threads for HTTP server
start: binding port with default address family
main: loading model
srv    load_model: loading model 'D:\DATN\legal_ai_source\source_code\models\qwen2.5-1.5b-instruct-q4_k_m.gguf'
common_init_result: fitting params to device memory, for bugs during this step try to reproduce them with -fit off, or provide --verbose logs if the bug only occurs with -fit on
llama_params_fit_impl: projected to use 213 MiB of device memory vs. 3525 MiB of free device memory
llama_params_fit_impl: will leave 3311 >= 1024 MiB of free device memory, no changes needed
llama_params_fit: successfully fit params to free device memory
llama_params_fit: fitting params to free memory took 0.61 seconds
llama_model_load_from_file_impl: using device Vulkan0 (Intel(R) Iris(R) Xe Graphics) (unknown id) - 3525 MiB free
llama_model_loader: loaded meta data with 26 key-value pairs and 339 tensors from D:\DATN\legal_ai_source\source_code\models\qwen2.5-1.5b-instruct-q4_k_m.gguf (version GGUF V3 (latest))
llama_model_loader: Dumping metadata keys/values. Note: KV overrides do not apply in this output.
llama_model_loader: - kv   0:                       general.architecture str              = qwen2
llama_model_loader: - kv   1:                               general.type str              = model
llama_model_loader: - kv   2:                               general.name str              = qwen2.5-1.5b-instruct
llama_model_loader: - kv   3:                            general.version str              = v0.1
llama_model_loader: - kv   4:                           general.finetune str              = qwen2.5-1.5b-instruct
llama_model_loader: - kv   5:                         general.size_label str              = 1.8B
llama_model_loader: - kv   6:                          qwen2.block_count u32              = 28
llama_model_loader: - kv   7:                       qwen2.context_length u32              = 32768
llama_model_loader: - kv   8:                     qwen2.embedding_length u32              = 1536
llama_model_loader: - kv   9:                  qwen2.feed_forward_length u32              = 8960
llama_model_loader: - kv  10:                 qwen2.attention.head_count u32              = 12
llama_model_loader: - kv  11:              qwen2.attention.head_count_kv u32              = 2
llama_model_loader: - kv  12:                       qwen2.rope.freq_base f32              = 1000000.000000
llama_model_loader: - kv  13:     qwen2.attention.layer_norm_rms_epsilon f32              = 0.000001
llama_model_loader: - kv  14:                          general.file_type u32              = 15
llama_model_loader: - kv  15:                       tokenizer.ggml.model str              = gpt2
llama_model_loader: - kv  16:                         tokenizer.ggml.pre str              = qwen2
llama_model_loader: - kv  17:                      tokenizer.ggml.tokens arr[str,151936]  = ["!", "\"", "#", "$", "%", "&", "'", ...
llama_model_loader: - kv  18:                  tokenizer.ggml.token_type arr[i32,151936]  = [1, 1, 1, 1, 1, 1, 1, 1, 1, 1, 1, 1, ...
llama_model_loader: - kv  19:                      tokenizer.ggml.merges arr[str,151387]  = ["Ġ Ġ", "ĠĠ ĠĠ", "i n", "Ġ t",...
llama_model_loader: - kv  20:                tokenizer.ggml.eos_token_id u32              = 151645
llama_model_loader: - kv  21:            tokenizer.ggml.padding_token_id u32              = 151643
llama_model_loader: - kv  22:                tokenizer.ggml.bos_token_id u32              = 151643
llama_model_loader: - kv  23:               tokenizer.ggml.add_bos_token bool             = false
llama_model_loader: - kv  24:                    tokenizer.chat_template str              = {%- if tools %}\n    {{- '<|im_start|>...
llama_model_loader: - kv  25:               general.quantization_version u32              = 2
llama_model_loader: - type  f32:  141 tensors
llama_model_loader: - type q4_K:  169 tensors
llama_model_loader: - type q6_K:   29 tensors
print_info: file format = GGUF V3 (latest)
print_info: file type   = Q4_K - Medium
print_info: file size   = 1.04 GiB (5.00 BPW) 
load: 0 unused tokens
load: control-looking token: 128247 '</s>' was not control-type; this is probably a bug in the model. its type will be overridden
load: printing all EOG tokens:
load:   - 128247 ('</s>')
load:   - 151643 ('<|endoftext|>')
load:   - 151645 ('<|im_end|>')
load:   - 151662 ('<|fim_pad|>')
load:   - 151663 ('<|repo_name|>')
load:   - 151664 ('<|file_sep|>')
load: special tokens cache size = 23
load: token to piece cache size = 0.9310 MB
print_info: arch                  = qwen2
print_info: vocab_only            = 0
print_info: no_alloc              = 0
print_info: n_ctx_train           = 32768
print_info: n_embd                = 1536
print_info: n_embd_inp            = 1536
print_info: n_layer               = 28
print_info: n_head                = 12
print_info: n_head_kv             = 2
print_info: n_rot                 = 128
print_info: n_swa                 = 0
print_info: is_swa_any            = 0
print_info: n_embd_head_k         = 128
print_info: n_embd_head_v         = 128
print_info: n_gqa                 = 6
print_info: n_embd_k_gqa          = 256
print_info: n_embd_v_gqa          = 256
print_info: f_norm_eps            = 0.0e+00
print_info: f_norm_rms_eps        = 1.0e-06
print_info: f_clamp_kqv           = 0.0e+00
print_info: f_max_alibi_bias      = 0.0e+00
print_info: f_logit_scale         = 0.0e+00
print_info: f_attn_scale          = 0.0e+00
print_info: n_ff                  = 8960
print_info: n_expert              = 0
print_info: n_expert_used         = 0
print_info: n_expert_groups       = 0
print_info: n_group_used          = 0
print_info: causal attn           = 1
print_info: pooling type          = -1
print_info: rope type             = 2
print_info: rope scaling          = linear
print_info: freq_base_train       = 1000000.0
print_info: freq_scale_train      = 1
print_info: n_ctx_orig_yarn       = 32768
print_info: rope_yarn_log_mul     = 0.0000
print_info: rope_finetuned        = unknown
print_info: model type            = 1.5B
print_info: model params          = 1.78 B
print_info: general.name          = qwen2.5-1.5b-instruct
print_info: vocab type            = BPE
print_info: n_vocab               = 151936
print_info: n_merges              = 151387
print_info: BOS token             = 151643 '<|endoftext|>'
print_info: EOS token             = 151645 '<|im_end|>'
print_info: EOT token             = 151645 '<|im_end|>'
print_info: PAD token             = 151643 '<|endoftext|>'
print_info: LF token              = 198 'Ċ'
print_info: FIM PRE token         = 151659 '<|fim_prefix|>'
print_info: FIM SUF token         = 151661 '<|fim_suffix|>'
print_info: FIM MID token         = 151660 '<|fim_middle|>'
print_info: FIM PAD token         = 151662 '<|fim_pad|>'
print_info: FIM REP token         = 151663 '<|repo_name|>'
print_info: FIM SEP token         = 151664 '<|file_sep|>'
print_info: EOG token             = 128247 '</s>'
print_info: EOG token             = 151643 '<|endoftext|>'
print_info: EOG token             = 151645 '<|im_end|>'
print_info: EOG token             = 151662 '<|fim_pad|>'
print_info: EOG token             = 151663 '<|repo_name|>'
print_info: EOG token             = 151664 '<|file_sep|>'
print_info: max token length      = 256
load_tensors: loading model tensors, this can take a while... (mmap = true, direct_io = false)
load_tensors: offloading 0 repeating layers to GPU
load_tensors: offloaded 0/29 layers to GPU
load_tensors:   CPU_Mapped model buffer size =  1059.89 MiB
.........................................................................
common_init_result: added </s> logit bias = -inf
common_init_result: added <|endoftext|> logit bias = -inf
common_init_result: added <|im_end|> logit bias = -inf
common_init_result: added <|fim_pad|> logit bias = -inf
common_init_result: added <|repo_name|> logit bias = -inf
common_init_result: added <|file_sep|> logit bias = -inf
llama_context: constructing llama_context
llama_context: n_seq_max     = 1
llama_context: n_ctx         = 3072
llama_context: n_ctx_seq     = 3072
llama_context: n_batch       = 32
llama_context: n_ubatch      = 32
llama_context: causal_attn   = 1
llama_context: flash_attn    = auto
llama_context: kv_unified    = false
llama_context: freq_base     = 1000000.0
llama_context: freq_scale    = 1
llama_context: n_ctx_seq (3072) < n_ctx_train (32768) -- the full capacity of the model will not be utilized
llama_context:        CPU  output buffer size =     0.58 MiB
llama_kv_cache:        CPU KV buffer size =    84.00 MiB
llama_kv_cache: size =   84.00 MiB (  3072 cells,  28 layers,  1/1 seqs), K (f16):   42.00 MiB, V (f16):   42.00 MiB
llama_kv_cache: attn_rot_k = 0
llama_kv_cache: attn_rot_v = 0
sched_reserve: reserving ...
sched_reserve: Flash Attention was auto, set to enabled
sched_reserve: resolving fused Gated Delta Net support:
sched_reserve: fused Gated Delta Net (autoregressive) enabled
sched_reserve: fused Gated Delta Net (chunked) enabled
sched_reserve:    Vulkan0 compute buffer size =   213.35 MiB
sched_reserve: Vulkan_Host compute buffer size =     0.75 MiB
sched_reserve: graph nodes  = 959
sched_reserve: graph splits = 396 (with bs=32), 1 (with bs=1)
sched_reserve: reserve took 6.12 ms, sched copies = 1
common_init_from_params: warming up the model with an empty run - please wait ... (--no-warmup to disable)
srv    load_model: initializing slots, n_slots = 1
no implementations specified for speculative decoding
slot   load_model: id  0 | task -1 | speculative decoding context not initialized
slot   load_model: id  0 | task -1 | new slot, n_ctx = 3072
srv    load_model: prompt cache is enabled, size limit: 8192 MiB
srv    load_model: use `--cache-ram 0` to disable the prompt cache
srv    load_model: for more info see https://github.com/ggml-org/llama.cpp/pull/16391
init: chat template, example_format: '<|im_start|>system
You are a helpful assistant<|im_end|>
<|im_start|>user
Hello<|im_end|>
<|im_start|>assistant
Hi there<|im_end|>
<|im_start|>user
How are you?<|im_end|>
<|im_start|>assistant
'
srv          init: init: chat template, thinking = 0
main: model loaded
main: server is listening on http://127.0.0.1:8080
main: starting the main loop...
srv  update_slots: all slots are idle
load_backend: loaded RPC backend from D:\DATN\legal_ai_source\source_code\models\llama-b8644-bin-win-vulkan-x64\ggml-rpc.dll
load_backend: loaded Vulkan backend from D:\DATN\legal_ai_source\source_code\models\llama-b8644-bin-win-vulkan-x64\ggml-vulkan.dll
load_backend: loaded CPU backend from D:\DATN\legal_ai_source\source_code\models\llama-b8644-bin-win-vulkan-x64\ggml-cpu-icelake.dll
system info: n_threads = 4, n_threads_batch = 4, total_threads = 8

system_info: n_threads = 4 (n_threads_batch = 4) / 8 | CPU : SSE3 = 1 | SSSE3 = 1 | AVX = 1 | AVX2 = 1 | F16C = 1 | FMA = 1 | BMI2 = 1 | AVX512 = 1 | AVX512_VBMI = 1 | AVX512_VNNI = 1 | LLAMAFILE = 1 | OPENMP = 1 | REPACK = 1 | 

Running without SSL
init: using 7 threads for HTTP server
start: binding port with default address family
main: loading model
srv    load_model: loading model 'D:\DATN\legal_ai_source\source_code\models\qwen2.5-1.5b-instruct-q4_k_m.gguf'
common_init_result: fitting params to device memory, for bugs during this step try to reproduce them with -fit off, or provide --verbose logs if the bug only occurs with -fit on
llama_params_fit_impl: projected to use 213 MiB of device memory vs. 3525 MiB of free device memory
llama_params_fit_impl: will leave 3311 >= 1024 MiB of free device memory, no changes needed
llama_params_fit: successfully fit params to free device memory
llama_params_fit: fitting params to free memory took 0.62 seconds
llama_model_load_from_file_impl: using device Vulkan0 (Intel(R) Iris(R) Xe Graphics) (unknown id) - 3525 MiB free
llama_model_loader: loaded meta data with 26 key-value pairs and 339 tensors from D:\DATN\legal_ai_source\source_code\models\qwen2.5-1.5b-instruct-q4_k_m.gguf (version GGUF V3 (latest))
llama_model_loader: Dumping metadata keys/values. Note: KV overrides do not apply in this output.
llama_model_loader: - kv   0:                       general.architecture str              = qwen2
llama_model_loader: - kv   1:                               general.type str              = model
llama_model_loader: - kv   2:                               general.name str              = qwen2.5-1.5b-instruct
llama_model_loader: - kv   3:                            general.version str              = v0.1
llama_model_loader: - kv   4:                           general.finetune str              = qwen2.5-1.5b-instruct
llama_model_loader: - kv   5:                         general.size_label str              = 1.8B
llama_model_loader: - kv   6:                          qwen2.block_count u32              = 28
llama_model_loader: - kv   7:                       qwen2.context_length u32              = 32768
llama_model_loader: - kv   8:                     qwen2.embedding_length u32              = 1536
llama_model_loader: - kv   9:                  qwen2.feed_forward_length u32              = 8960
llama_model_loader: - kv  10:                 qwen2.attention.head_count u32              = 12
llama_model_loader: - kv  11:              qwen2.attention.head_count_kv u32              = 2
llama_model_loader: - kv  12:                       qwen2.rope.freq_base f32              = 1000000.000000
llama_model_loader: - kv  13:     qwen2.attention.layer_norm_rms_epsilon f32              = 0.000001
llama_model_loader: - kv  14:                          general.file_type u32              = 15
llama_model_loader: - kv  15:                       tokenizer.ggml.model str              = gpt2
llama_model_loader: - kv  16:                         tokenizer.ggml.pre str              = qwen2
llama_model_loader: - kv  17:                      tokenizer.ggml.tokens arr[str,151936]  = ["!", "\"", "#", "$", "%", "&", "'", ...
llama_model_loader: - kv  18:                  tokenizer.ggml.token_type arr[i32,151936]  = [1, 1, 1, 1, 1, 1, 1, 1, 1, 1, 1, 1, ...
llama_model_loader: - kv  19:                      tokenizer.ggml.merges arr[str,151387]  = ["Ġ Ġ", "ĠĠ ĠĠ", "i n", "Ġ t",...
llama_model_loader: - kv  20:                tokenizer.ggml.eos_token_id u32              = 151645
llama_model_loader: - kv  21:            tokenizer.ggml.padding_token_id u32              = 151643
llama_model_loader: - kv  22:                tokenizer.ggml.bos_token_id u32              = 151643
llama_model_loader: - kv  23:               tokenizer.ggml.add_bos_token bool             = false
llama_model_loader: - kv  24:                    tokenizer.chat_template str              = {%- if tools %}\n    {{- '<|im_start|>...
llama_model_loader: - kv  25:               general.quantization_version u32              = 2
llama_model_loader: - type  f32:  141 tensors
llama_model_loader: - type q4_K:  169 tensors
llama_model_loader: - type q6_K:   29 tensors
print_info: file format = GGUF V3 (latest)
print_info: file type   = Q4_K - Medium
print_info: file size   = 1.04 GiB (5.00 BPW) 
load: 0 unused tokens
load: control-looking token: 128247 '</s>' was not control-type; this is probably a bug in the model. its type will be overridden
load: printing all EOG tokens:
load:   - 128247 ('</s>')
load:   - 151643 ('<|endoftext|>')
load:   - 151645 ('<|im_end|>')
load:   - 151662 ('<|fim_pad|>')
load:   - 151663 ('<|repo_name|>')
load:   - 151664 ('<|file_sep|>')
load: special tokens cache size = 23
load: token to piece cache size = 0.9310 MB
print_info: arch                  = qwen2
print_info: vocab_only            = 0
print_info: no_alloc              = 0
print_info: n_ctx_train           = 32768
print_info: n_embd                = 1536
print_info: n_embd_inp            = 1536
print_info: n_layer               = 28
print_info: n_head                = 12
print_info: n_head_kv             = 2
print_info: n_rot                 = 128
print_info: n_swa                 = 0
print_info: is_swa_any            = 0
print_info: n_embd_head_k         = 128
print_info: n_embd_head_v         = 128
print_info: n_gqa                 = 6
print_info: n_embd_k_gqa          = 256
print_info: n_embd_v_gqa          = 256
print_info: f_norm_eps            = 0.0e+00
print_info: f_norm_rms_eps        = 1.0e-06
print_info: f_clamp_kqv           = 0.0e+00
print_info: f_max_alibi_bias      = 0.0e+00
print_info: f_logit_scale         = 0.0e+00
print_info: f_attn_scale          = 0.0e+00
print_info: n_ff                  = 8960
print_info: n_expert              = 0
print_info: n_expert_used         = 0
print_info: n_expert_groups       = 0
print_info: n_group_used          = 0
print_info: causal attn           = 1
print_info: pooling type          = -1
print_info: rope type             = 2
print_info: rope scaling          = linear
print_info: freq_base_train       = 1000000.0
print_info: freq_scale_train      = 1
print_info: n_ctx_orig_yarn       = 32768
print_info: rope_yarn_log_mul     = 0.0000
print_info: rope_finetuned        = unknown
print_info: model type            = 1.5B
print_info: model params          = 1.78 B
print_info: general.name          = qwen2.5-1.5b-instruct
print_info: vocab type            = BPE
print_info: n_vocab               = 151936
print_info: n_merges              = 151387
print_info: BOS token             = 151643 '<|endoftext|>'
print_info: EOS token             = 151645 '<|im_end|>'
print_info: EOT token             = 151645 '<|im_end|>'
print_info: PAD token             = 151643 '<|endoftext|>'
print_info: LF token              = 198 'Ċ'
print_info: FIM PRE token         = 151659 '<|fim_prefix|>'
print_info: FIM SUF token         = 151661 '<|fim_suffix|>'
print_info: FIM MID token         = 151660 '<|fim_middle|>'
print_info: FIM PAD token         = 151662 '<|fim_pad|>'
print_info: FIM REP token         = 151663 '<|repo_name|>'
print_info: FIM SEP token         = 151664 '<|file_sep|>'
print_info: EOG token             = 128247 '</s>'
print_info: EOG token             = 151643 '<|endoftext|>'
print_info: EOG token             = 151645 '<|im_end|>'
print_info: EOG token             = 151662 '<|fim_pad|>'
print_info: EOG token             = 151663 '<|repo_name|>'
print_info: EOG token             = 151664 '<|file_sep|>'
print_info: max token length      = 256
load_tensors: loading model tensors, this can take a while... (mmap = true, direct_io = false)
load_tensors: offloading 0 repeating layers to GPU
load_tensors: offloaded 0/29 layers to GPU
load_tensors:   CPU_Mapped model buffer size =  1059.89 MiB
.........................................................................
common_init_result: added </s> logit bias = -inf
common_init_result: added <|endoftext|> logit bias = -inf
common_init_result: added <|im_end|> logit bias = -inf
common_init_result: added <|fim_pad|> logit bias = -inf
common_init_result: added <|repo_name|> logit bias = -inf
common_init_result: added <|file_sep|> logit bias = -inf
llama_context: constructing llama_context
llama_context: n_seq_max     = 1
llama_context: n_ctx         = 3072
llama_context: n_ctx_seq     = 3072
llama_context: n_batch       = 32
llama_context: n_ubatch      = 32
llama_context: causal_attn   = 1
llama_context: flash_attn    = auto
llama_context: kv_unified    = false
llama_context: freq_base     = 1000000.0
llama_context: freq_scale    = 1
llama_context: n_ctx_seq (3072) < n_ctx_train (32768) -- the full capacity of the model will not be utilized
llama_context:        CPU  output buffer size =     0.58 MiB
llama_kv_cache:        CPU KV buffer size =    84.00 MiB
llama_kv_cache: size =   84.00 MiB (  3072 cells,  28 layers,  1/1 seqs), K (f16):   42.00 MiB, V (f16):   42.00 MiB
llama_kv_cache: attn_rot_k = 0
llama_kv_cache: attn_rot_v = 0
sched_reserve: reserving ...
sched_reserve: Flash Attention was auto, set to enabled
sched_reserve: resolving fused Gated Delta Net support:
sched_reserve: fused Gated Delta Net (autoregressive) enabled
sched_reserve: fused Gated Delta Net (chunked) enabled
sched_reserve:    Vulkan0 compute buffer size =   213.35 MiB
sched_reserve: Vulkan_Host compute buffer size =     0.75 MiB
sched_reserve: graph nodes  = 959
sched_reserve: graph splits = 396 (with bs=32), 1 (with bs=1)
sched_reserve: reserve took 207.33 ms, sched copies = 1
common_init_from_params: warming up the model with an empty run - please wait ... (--no-warmup to disable)
srv    load_model: initializing slots, n_slots = 1
no implementations specified for speculative decoding
slot   load_model: id  0 | task -1 | speculative decoding context not initialized
slot   load_model: id  0 | task -1 | new slot, n_ctx = 3072
srv    load_model: prompt cache is enabled, size limit: 8192 MiB
srv    load_model: use `--cache-ram 0` to disable the prompt cache
srv    load_model: for more info see https://github.com/ggml-org/llama.cpp/pull/16391
init: chat template, example_format: '<|im_start|>system
You are a helpful assistant<|im_end|>
<|im_start|>user
Hello<|im_end|>
<|im_start|>assistant
Hi there<|im_end|>
<|im_start|>user
How are you?<|im_end|>
<|im_start|>assistant
'
srv          init: init: chat template, thinking = 0
main: model loaded
main: server is listening on http://127.0.0.1:8080
main: starting the main loop...
srv  update_slots: all slots are idle
load_backend: loaded RPC backend from D:\DATN\legal_ai_source\source_code\models\llama-b8644-bin-win-vulkan-x64\ggml-rpc.dll
load_backend: loaded Vulkan backend from D:\DATN\legal_ai_source\source_code\models\llama-b8644-bin-win-vulkan-x64\ggml-vulkan.dll
load_backend: loaded CPU backend from D:\DATN\legal_ai_source\source_code\models\llama-b8644-bin-win-vulkan-x64\ggml-cpu-icelake.dll
system info: n_threads = 4, n_threads_batch = 4, total_threads = 8

system_info: n_threads = 4 (n_threads_batch = 4) / 8 | CPU : SSE3 = 1 | SSSE3 = 1 | AVX = 1 | AVX2 = 1 | F16C = 1 | FMA = 1 | BMI2 = 1 | AVX512 = 1 | AVX512_VBMI = 1 | AVX512_VNNI = 1 | LLAMAFILE = 1 | OPENMP = 1 | REPACK = 1 | 

Running without SSL
init: using 7 threads for HTTP server
start: binding port with default address family
main: loading model
srv    load_model: loading model 'D:\DATN\legal_ai_source\source_code\models\qwen2.5-1.5b-instruct-q4_k_m.gguf'
common_init_result: fitting params to device memory, for bugs during this step try to reproduce them with -fit off, or provide --verbose logs if the bug only occurs with -fit on
llama_params_fit_impl: projected to use 213 MiB of device memory vs. 3525 MiB of free device memory
llama_params_fit_impl: will leave 3311 >= 1024 MiB of free device memory, no changes needed
llama_params_fit: successfully fit params to free device memory
llama_params_fit: fitting params to free memory took 0.32 seconds
llama_model_load_from_file_impl: using device Vulkan0 (Intel(R) Iris(R) Xe Graphics) (unknown id) - 3525 MiB free
llama_model_loader: loaded meta data with 26 key-value pairs and 339 tensors from D:\DATN\legal_ai_source\source_code\models\qwen2.5-1.5b-instruct-q4_k_m.gguf (version GGUF V3 (latest))
llama_model_loader: Dumping metadata keys/values. Note: KV overrides do not apply in this output.
llama_model_loader: - kv   0:                       general.architecture str              = qwen2
llama_model_loader: - kv   1:                               general.type str              = model
llama_model_loader: - kv   2:                               general.name str              = qwen2.5-1.5b-instruct
llama_model_loader: - kv   3:                            general.version str              = v0.1
llama_model_loader: - kv   4:                           general.finetune str              = qwen2.5-1.5b-instruct
llama_model_loader: - kv   5:                         general.size_label str              = 1.8B
llama_model_loader: - kv   6:                          qwen2.block_count u32              = 28
llama_model_loader: - kv   7:                       qwen2.context_length u32              = 32768
llama_model_loader: - kv   8:                     qwen2.embedding_length u32              = 1536
llama_model_loader: - kv   9:                  qwen2.feed_forward_length u32              = 8960
llama_model_loader: - kv  10:                 qwen2.attention.head_count u32              = 12
llama_model_loader: - kv  11:              qwen2.attention.head_count_kv u32              = 2
llama_model_loader: - kv  12:                       qwen2.rope.freq_base f32              = 1000000.000000
llama_model_loader: - kv  13:     qwen2.attention.layer_norm_rms_epsilon f32              = 0.000001
llama_model_loader: - kv  14:                          general.file_type u32              = 15
llama_model_loader: - kv  15:                       tokenizer.ggml.model str              = gpt2
llama_model_loader: - kv  16:                         tokenizer.ggml.pre str              = qwen2
llama_model_loader: - kv  17:                      tokenizer.ggml.tokens arr[str,151936]  = ["!", "\"", "#", "$", "%", "&", "'", ...
llama_model_loader: - kv  18:                  tokenizer.ggml.token_type arr[i32,151936]  = [1, 1, 1, 1, 1, 1, 1, 1, 1, 1, 1, 1, ...
llama_model_loader: - kv  19:                      tokenizer.ggml.merges arr[str,151387]  = ["Ġ Ġ", "ĠĠ ĠĠ", "i n", "Ġ t",...
llama_model_loader: - kv  20:                tokenizer.ggml.eos_token_id u32              = 151645
llama_model_loader: - kv  21:            tokenizer.ggml.padding_token_id u32              = 151643
llama_model_loader: - kv  22:                tokenizer.ggml.bos_token_id u32              = 151643
llama_model_loader: - kv  23:               tokenizer.ggml.add_bos_token bool             = false
llama_model_loader: - kv  24:                    tokenizer.chat_template str              = {%- if tools %}\n    {{- '<|im_start|>...
llama_model_loader: - kv  25:               general.quantization_version u32              = 2
llama_model_loader: - type  f32:  141 tensors
llama_model_loader: - type q4_K:  169 tensors
llama_model_loader: - type q6_K:   29 tensors
print_info: file format = GGUF V3 (latest)
print_info: file type   = Q4_K - Medium
print_info: file size   = 1.04 GiB (5.00 BPW) 
load: 0 unused tokens
load: control-looking token: 128247 '</s>' was not control-type; this is probably a bug in the model. its type will be overridden
load: printing all EOG tokens:
load:   - 128247 ('</s>')
load:   - 151643 ('<|endoftext|>')
load:   - 151645 ('<|im_end|>')
load:   - 151662 ('<|fim_pad|>')
load:   - 151663 ('<|repo_name|>')
load:   - 151664 ('<|file_sep|>')
load: special tokens cache size = 23
load: token to piece cache size = 0.9310 MB
print_info: arch                  = qwen2
print_info: vocab_only            = 0
print_info: no_alloc              = 0
print_info: n_ctx_train           = 32768
print_info: n_embd                = 1536
print_info: n_embd_inp            = 1536
print_info: n_layer               = 28
print_info: n_head                = 12
print_info: n_head_kv             = 2
print_info: n_rot                 = 128
print_info: n_swa                 = 0
print_info: is_swa_any            = 0
print_info: n_embd_head_k         = 128
print_info: n_embd_head_v         = 128
print_info: n_gqa                 = 6
print_info: n_embd_k_gqa          = 256
print_info: n_embd_v_gqa          = 256
print_info: f_norm_eps            = 0.0e+00
print_info: f_norm_rms_eps        = 1.0e-06
print_info: f_clamp_kqv           = 0.0e+00
print_info: f_max_alibi_bias      = 0.0e+00
print_info: f_logit_scale         = 0.0e+00
print_info: f_attn_scale          = 0.0e+00
print_info: n_ff                  = 8960
print_info: n_expert              = 0
print_info: n_expert_used         = 0
print_info: n_expert_groups       = 0
print_info: n_group_used          = 0
print_info: causal attn           = 1
print_info: pooling type          = -1
print_info: rope type             = 2
print_info: rope scaling          = linear
print_info: freq_base_train       = 1000000.0
print_info: freq_scale_train      = 1
print_info: n_ctx_orig_yarn       = 32768
print_info: rope_yarn_log_mul     = 0.0000
print_info: rope_finetuned        = unknown
print_info: model type            = 1.5B
print_info: model params          = 1.78 B
print_info: general.name          = qwen2.5-1.5b-instruct
print_info: vocab type            = BPE
print_info: n_vocab               = 151936
print_info: n_merges              = 151387
print_info: BOS token             = 151643 '<|endoftext|>'
print_info: EOS token             = 151645 '<|im_end|>'
print_info: EOT token             = 151645 '<|im_end|>'
print_info: PAD token             = 151643 '<|endoftext|>'
print_info: LF token              = 198 'Ċ'
print_info: FIM PRE token         = 151659 '<|fim_prefix|>'
print_info: FIM SUF token         = 151661 '<|fim_suffix|>'
print_info: FIM MID token         = 151660 '<|fim_middle|>'
print_info: FIM PAD token         = 151662 '<|fim_pad|>'
print_info: FIM REP token         = 151663 '<|repo_name|>'
print_info: FIM SEP token         = 151664 '<|file_sep|>'
print_info: EOG token             = 128247 '</s>'
print_info: EOG token             = 151643 '<|endoftext|>'
print_info: EOG token             = 151645 '<|im_end|>'
print_info: EOG token             = 151662 '<|fim_pad|>'
print_info: EOG token             = 151663 '<|repo_name|>'
print_info: EOG token             = 151664 '<|file_sep|>'
print_info: max token length      = 256
load_tensors: loading model tensors, this can take a while... (mmap = true, direct_io = false)
load_tensors: offloading 0 repeating layers to GPU
load_tensors: offloaded 0/29 layers to GPU
load_tensors:   CPU_Mapped model buffer size =  1059.89 MiB
.........................................................................
common_init_result: added </s> logit bias = -inf
common_init_result: added <|endoftext|> logit bias = -inf
common_init_result: added <|im_end|> logit bias = -inf
common_init_result: added <|fim_pad|> logit bias = -inf
common_init_result: added <|repo_name|> logit bias = -inf
common_init_result: added <|file_sep|> logit bias = -inf
llama_context: constructing llama_context
llama_context: n_seq_max     = 1
llama_context: n_ctx         = 3072
llama_context: n_ctx_seq     = 3072
llama_context: n_batch       = 32
llama_context: n_ubatch      = 32
llama_context: causal_attn   = 1
llama_context: flash_attn    = auto
llama_context: kv_unified    = false
llama_context: freq_base     = 1000000.0
llama_context: freq_scale    = 1
llama_context: n_ctx_seq (3072) < n_ctx_train (32768) -- the full capacity of the model will not be utilized
llama_context:        CPU  output buffer size =     0.58 MiB
llama_kv_cache:        CPU KV buffer size =    84.00 MiB
llama_kv_cache: size =   84.00 MiB (  3072 cells,  28 layers,  1/1 seqs), K (f16):   42.00 MiB, V (f16):   42.00 MiB
llama_kv_cache: attn_rot_k = 0
llama_kv_cache: attn_rot_v = 0
sched_reserve: reserving ...
sched_reserve: Flash Attention was auto, set to enabled
sched_reserve: resolving fused Gated Delta Net support:
sched_reserve: fused Gated Delta Net (autoregressive) enabled
sched_reserve: fused Gated Delta Net (chunked) enabled
sched_reserve:    Vulkan0 compute buffer size =   213.35 MiB
sched_reserve: Vulkan_Host compute buffer size =     0.75 MiB
sched_reserve: graph nodes  = 959
sched_reserve: graph splits = 396 (with bs=32), 1 (with bs=1)
sched_reserve: reserve took 196.17 ms, sched copies = 1
common_init_from_params: warming up the model with an empty run - please wait ... (--no-warmup to disable)
srv    load_model: initializing slots, n_slots = 1
no implementations specified for speculative decoding
slot   load_model: id  0 | task -1 | speculative decoding context not initialized
slot   load_model: id  0 | task -1 | new slot, n_ctx = 3072
srv    load_model: prompt cache is enabled, size limit: 8192 MiB
srv    load_model: use `--cache-ram 0` to disable the prompt cache
srv    load_model: for more info see https://github.com/ggml-org/llama.cpp/pull/16391
init: chat template, example_format: '<|im_start|>system
You are a helpful assistant<|im_end|>
<|im_start|>user
Hello<|im_end|>
<|im_start|>assistant
Hi there<|im_end|>
<|im_start|>user
How are you?<|im_end|>
<|im_start|>assistant
'
srv          init: init: chat template, thinking = 0
main: model loaded
main: server is listening on http://127.0.0.1:8080
main: starting the main loop...
srv  update_slots: all slots are idle
srv  params_from_: Chat format: peg-native
slot get_availabl: id  0 | task -1 | selected slot by LRU, t_last = -1
slot launch_slot_: id  0 | task -1 | sampler chain: logits -> ?penalties -> ?dry -> ?top-n-sigma -> top-k -> ?typical -> top-p -> ?min-p -> ?xtc -> temp-ext -> dist 
slot launch_slot_: id  0 | task 0 | processing task, is_child = 0
slot update_slots: id  0 | task 0 | new prompt, n_ctx_slot = 3072, n_keep = 0, task.n_tokens = 2369
slot update_slots: id  0 | task 0 | n_tokens = 0, memory_seq_rm [0, end)
slot update_slots: id  0 | task 0 | prompt processing progress, n_tokens = 32, batch.n_tokens = 32, progress = 0.013508
slot update_slots: id  0 | task 0 | n_tokens = 32, memory_seq_rm [32, end)
slot update_slots: id  0 | task 0 | prompt processing progress, n_tokens = 64, batch.n_tokens = 32, progress = 0.027016
slot update_slots: id  0 | task 0 | n_tokens = 64, memory_seq_rm [64, end)
slot update_slots: id  0 | task 0 | prompt processing progress, n_tokens = 96, batch.n_tokens = 32, progress = 0.040523
slot update_slots: id  0 | task 0 | n_tokens = 96, memory_seq_rm [96, end)
slot update_slots: id  0 | task 0 | prompt processing progress, n_tokens = 128, batch.n_tokens = 32, progress = 0.054031
slot update_slots: id  0 | task 0 | n_tokens = 128, memory_seq_rm [128, end)
slot update_slots: id  0 | task 0 | prompt processing progress, n_tokens = 160, batch.n_tokens = 32, progress = 0.067539
slot update_slots: id  0 | task 0 | n_tokens = 160, memory_seq_rm [160, end)
slot update_slots: id  0 | task 0 | prompt processing progress, n_tokens = 192, batch.n_tokens = 32, progress = 0.081047
slot update_slots: id  0 | task 0 | n_tokens = 192, memory_seq_rm [192, end)
slot update_slots: id  0 | task 0 | prompt processing progress, n_tokens = 224, batch.n_tokens = 32, progress = 0.094555
slot update_slots: id  0 | task 0 | n_tokens = 224, memory_seq_rm [224, end)
slot update_slots: id  0 | task 0 | prompt processing progress, n_tokens = 256, batch.n_tokens = 32, progress = 0.108062
slot update_slots: id  0 | task 0 | n_tokens = 256, memory_seq_rm [256, end)
slot update_slots: id  0 | task 0 | prompt processing progress, n_tokens = 288, batch.n_tokens = 32, progress = 0.121570
slot update_slots: id  0 | task 0 | n_tokens = 288, memory_seq_rm [288, end)
slot update_slots: id  0 | task 0 | prompt processing progress, n_tokens = 320, batch.n_tokens = 32, progress = 0.135078
slot update_slots: id  0 | task 0 | n_tokens = 320, memory_seq_rm [320, end)
slot update_slots: id  0 | task 0 | prompt processing progress, n_tokens = 352, batch.n_tokens = 32, progress = 0.148586
slot update_slots: id  0 | task 0 | n_tokens = 352, memory_seq_rm [352, end)
slot update_slots: id  0 | task 0 | prompt processing progress, n_tokens = 384, batch.n_tokens = 32, progress = 0.162094
slot update_slots: id  0 | task 0 | n_tokens = 384, memory_seq_rm [384, end)
slot update_slots: id  0 | task 0 | prompt processing progress, n_tokens = 416, batch.n_tokens = 32, progress = 0.175602
slot update_slots: id  0 | task 0 | n_tokens = 416, memory_seq_rm [416, end)
slot update_slots: id  0 | task 0 | prompt processing progress, n_tokens = 448, batch.n_tokens = 32, progress = 0.189109
slot update_slots: id  0 | task 0 | n_tokens = 448, memory_seq_rm [448, end)
slot update_slots: id  0 | task 0 | prompt processing progress, n_tokens = 480, batch.n_tokens = 32, progress = 0.202617
slot update_slots: id  0 | task 0 | n_tokens = 480, memory_seq_rm [480, end)
slot update_slots: id  0 | task 0 | prompt processing progress, n_tokens = 512, batch.n_tokens = 32, progress = 0.216125
slot update_slots: id  0 | task 0 | n_tokens = 512, memory_seq_rm [512, end)
slot update_slots: id  0 | task 0 | prompt processing progress, n_tokens = 544, batch.n_tokens = 32, progress = 0.229633
slot update_slots: id  0 | task 0 | n_tokens = 544, memory_seq_rm [544, end)
slot update_slots: id  0 | task 0 | prompt processing progress, n_tokens = 576, batch.n_tokens = 32, progress = 0.243141
slot update_slots: id  0 | task 0 | n_tokens = 576, memory_seq_rm [576, end)
slot update_slots: id  0 | task 0 | prompt processing progress, n_tokens = 608, batch.n_tokens = 32, progress = 0.256648
slot update_slots: id  0 | task 0 | n_tokens = 608, memory_seq_rm [608, end)
slot update_slots: id  0 | task 0 | prompt processing progress, n_tokens = 640, batch.n_tokens = 32, progress = 0.270156
slot update_slots: id  0 | task 0 | n_tokens = 640, memory_seq_rm [640, end)
slot update_slots: id  0 | task 0 | prompt processing progress, n_tokens = 672, batch.n_tokens = 32, progress = 0.283664
slot update_slots: id  0 | task 0 | n_tokens = 672, memory_seq_rm [672, end)
slot update_slots: id  0 | task 0 | prompt processing progress, n_tokens = 704, batch.n_tokens = 32, progress = 0.297172
slot update_slots: id  0 | task 0 | n_tokens = 704, memory_seq_rm [704, end)
slot update_slots: id  0 | task 0 | prompt processing progress, n_tokens = 736, batch.n_tokens = 32, progress = 0.310680
slot update_slots: id  0 | task 0 | n_tokens = 736, memory_seq_rm [736, end)
slot update_slots: id  0 | task 0 | prompt processing progress, n_tokens = 768, batch.n_tokens = 32, progress = 0.324187
slot update_slots: id  0 | task 0 | n_tokens = 768, memory_seq_rm [768, end)
slot update_slots: id  0 | task 0 | prompt processing progress, n_tokens = 800, batch.n_tokens = 32, progress = 0.337695
slot update_slots: id  0 | task 0 | n_tokens = 800, memory_seq_rm [800, end)
slot update_slots: id  0 | task 0 | prompt processing progress, n_tokens = 832, batch.n_tokens = 32, progress = 0.351203
slot update_slots: id  0 | task 0 | n_tokens = 832, memory_seq_rm [832, end)
slot update_slots: id  0 | task 0 | prompt processing progress, n_tokens = 864, batch.n_tokens = 32, progress = 0.364711
slot update_slots: id  0 | task 0 | n_tokens = 864, memory_seq_rm [864, end)
slot update_slots: id  0 | task 0 | prompt processing progress, n_tokens = 896, batch.n_tokens = 32, progress = 0.378219
slot update_slots: id  0 | task 0 | n_tokens = 896, memory_seq_rm [896, end)
slot update_slots: id  0 | task 0 | prompt processing progress, n_tokens = 928, batch.n_tokens = 32, progress = 0.391726
slot update_slots: id  0 | task 0 | n_tokens = 928, memory_seq_rm [928, end)
slot update_slots: id  0 | task 0 | prompt processing progress, n_tokens = 960, batch.n_tokens = 32, progress = 0.405234
slot update_slots: id  0 | task 0 | n_tokens = 960, memory_seq_rm [960, end)
slot update_slots: id  0 | task 0 | prompt processing progress, n_tokens = 992, batch.n_tokens = 32, progress = 0.418742
slot update_slots: id  0 | task 0 | n_tokens = 992, memory_seq_rm [992, end)
slot update_slots: id  0 | task 0 | prompt processing progress, n_tokens = 1024, batch.n_tokens = 32, progress = 0.432250
slot update_slots: id  0 | task 0 | n_tokens = 1024, memory_seq_rm [1024, end)
slot update_slots: id  0 | task 0 | prompt processing progress, n_tokens = 1056, batch.n_tokens = 32, progress = 0.445758
slot update_slots: id  0 | task 0 | n_tokens = 1056, memory_seq_rm [1056, end)
slot update_slots: id  0 | task 0 | prompt processing progress, n_tokens = 1088, batch.n_tokens = 32, progress = 0.459266
slot update_slots: id  0 | task 0 | n_tokens = 1088, memory_seq_rm [1088, end)
slot update_slots: id  0 | task 0 | prompt processing progress, n_tokens = 1120, batch.n_tokens = 32, progress = 0.472773
slot update_slots: id  0 | task 0 | n_tokens = 1120, memory_seq_rm [1120, end)
slot update_slots: id  0 | task 0 | prompt processing progress, n_tokens = 1152, batch.n_tokens = 32, progress = 0.486281
slot update_slots: id  0 | task 0 | n_tokens = 1152, memory_seq_rm [1152, end)
slot update_slots: id  0 | task 0 | prompt processing progress, n_tokens = 1184, batch.n_tokens = 32, progress = 0.499789
slot update_slots: id  0 | task 0 | n_tokens = 1184, memory_seq_rm [1184, end)
slot update_slots: id  0 | task 0 | prompt processing progress, n_tokens = 1216, batch.n_tokens = 32, progress = 0.513297
slot update_slots: id  0 | task 0 | n_tokens = 1216, memory_seq_rm [1216, end)
slot update_slots: id  0 | task 0 | prompt processing progress, n_tokens = 1248, batch.n_tokens = 32, progress = 0.526805
slot update_slots: id  0 | task 0 | n_tokens = 1248, memory_seq_rm [1248, end)
slot update_slots: id  0 | task 0 | prompt processing progress, n_tokens = 1280, batch.n_tokens = 32, progress = 0.540312
slot update_slots: id  0 | task 0 | n_tokens = 1280, memory_seq_rm [1280, end)
slot update_slots: id  0 | task 0 | prompt processing progress, n_tokens = 1312, batch.n_tokens = 32, progress = 0.553820
slot update_slots: id  0 | task 0 | n_tokens = 1312, memory_seq_rm [1312, end)
slot update_slots: id  0 | task 0 | prompt processing progress, n_tokens = 1344, batch.n_tokens = 32, progress = 0.567328
slot update_slots: id  0 | task 0 | n_tokens = 1344, memory_seq_rm [1344, end)
slot update_slots: id  0 | task 0 | prompt processing progress, n_tokens = 1376, batch.n_tokens = 32, progress = 0.580836
slot update_slots: id  0 | task 0 | n_tokens = 1376, memory_seq_rm [1376, end)
slot update_slots: id  0 | task 0 | prompt processing progress, n_tokens = 1408, batch.n_tokens = 32, progress = 0.594344
slot update_slots: id  0 | task 0 | n_tokens = 1408, memory_seq_rm [1408, end)
slot update_slots: id  0 | task 0 | prompt processing progress, n_tokens = 1440, batch.n_tokens = 32, progress = 0.607851
slot update_slots: id  0 | task 0 | n_tokens = 1440, memory_seq_rm [1440, end)
slot update_slots: id  0 | task 0 | prompt processing progress, n_tokens = 1472, batch.n_tokens = 32, progress = 0.621359
slot update_slots: id  0 | task 0 | n_tokens = 1472, memory_seq_rm [1472, end)
slot update_slots: id  0 | task 0 | prompt processing progress, n_tokens = 1504, batch.n_tokens = 32, progress = 0.634867
slot update_slots: id  0 | task 0 | n_tokens = 1504, memory_seq_rm [1504, end)
slot update_slots: id  0 | task 0 | prompt processing progress, n_tokens = 1536, batch.n_tokens = 32, progress = 0.648375
slot update_slots: id  0 | task 0 | n_tokens = 1536, memory_seq_rm [1536, end)
slot update_slots: id  0 | task 0 | prompt processing progress, n_tokens = 1568, batch.n_tokens = 32, progress = 0.661883
slot update_slots: id  0 | task 0 | n_tokens = 1568, memory_seq_rm [1568, end)
slot update_slots: id  0 | task 0 | prompt processing progress, n_tokens = 1600, batch.n_tokens = 32, progress = 0.675390
slot update_slots: id  0 | task 0 | n_tokens = 1600, memory_seq_rm [1600, end)
slot update_slots: id  0 | task 0 | prompt processing progress, n_tokens = 1632, batch.n_tokens = 32, progress = 0.688898
slot update_slots: id  0 | task 0 | n_tokens = 1632, memory_seq_rm [1632, end)
slot update_slots: id  0 | task 0 | prompt processing progress, n_tokens = 1664, batch.n_tokens = 32, progress = 0.702406
slot update_slots: id  0 | task 0 | n_tokens = 1664, memory_seq_rm [1664, end)
slot update_slots: id  0 | task 0 | prompt processing progress, n_tokens = 1696, batch.n_tokens = 32, progress = 0.715914
slot update_slots: id  0 | task 0 | n_tokens = 1696, memory_seq_rm [1696, end)
slot update_slots: id  0 | task 0 | prompt processing progress, n_tokens = 1728, batch.n_tokens = 32, progress = 0.729422
slot update_slots: id  0 | task 0 | n_tokens = 1728, memory_seq_rm [1728, end)
slot update_slots: id  0 | task 0 | prompt processing progress, n_tokens = 1760, batch.n_tokens = 32, progress = 0.742930
slot update_slots: id  0 | task 0 | n_tokens = 1760, memory_seq_rm [1760, end)
slot update_slots: id  0 | task 0 | prompt processing progress, n_tokens = 1792, batch.n_tokens = 32, progress = 0.756437
slot update_slots: id  0 | task 0 | n_tokens = 1792, memory_seq_rm [1792, end)
slot update_slots: id  0 | task 0 | prompt processing progress, n_tokens = 1824, batch.n_tokens = 32, progress = 0.769945
slot update_slots: id  0 | task 0 | n_tokens = 1824, memory_seq_rm [1824, end)
slot update_slots: id  0 | task 0 | prompt processing progress, n_tokens = 1856, batch.n_tokens = 32, progress = 0.783453
slot update_slots: id  0 | task 0 | n_tokens = 1856, memory_seq_rm [1856, end)
slot update_slots: id  0 | task 0 | prompt processing progress, n_tokens = 1888, batch.n_tokens = 32, progress = 0.796961
slot update_slots: id  0 | task 0 | n_tokens = 1888, memory_seq_rm [1888, end)
slot update_slots: id  0 | task 0 | prompt processing progress, n_tokens = 1920, batch.n_tokens = 32, progress = 0.810469
slot update_slots: id  0 | task 0 | n_tokens = 1920, memory_seq_rm [1920, end)
slot update_slots: id  0 | task 0 | prompt processing progress, n_tokens = 1952, batch.n_tokens = 32, progress = 0.823976
slot update_slots: id  0 | task 0 | n_tokens = 1952, memory_seq_rm [1952, end)
slot update_slots: id  0 | task 0 | prompt processing progress, n_tokens = 1984, batch.n_tokens = 32, progress = 0.837484
slot update_slots: id  0 | task 0 | n_tokens = 1984, memory_seq_rm [1984, end)
slot update_slots: id  0 | task 0 | prompt processing progress, n_tokens = 2016, batch.n_tokens = 32, progress = 0.850992
slot update_slots: id  0 | task 0 | n_tokens = 2016, memory_seq_rm [2016, end)
slot update_slots: id  0 | task 0 | prompt processing progress, n_tokens = 2048, batch.n_tokens = 32, progress = 0.864500
slot update_slots: id  0 | task 0 | n_tokens = 2048, memory_seq_rm [2048, end)
slot update_slots: id  0 | task 0 | prompt processing progress, n_tokens = 2080, batch.n_tokens = 32, progress = 0.878008
slot update_slots: id  0 | task 0 | n_tokens = 2080, memory_seq_rm [2080, end)
slot update_slots: id  0 | task 0 | prompt processing progress, n_tokens = 2112, batch.n_tokens = 32, progress = 0.891515
slot update_slots: id  0 | task 0 | n_tokens = 2112, memory_seq_rm [2112, end)
slot update_slots: id  0 | task 0 | prompt processing progress, n_tokens = 2144, batch.n_tokens = 32, progress = 0.905023
slot update_slots: id  0 | task 0 | n_tokens = 2144, memory_seq_rm [2144, end)
slot update_slots: id  0 | task 0 | prompt processing progress, n_tokens = 2176, batch.n_tokens = 32, progress = 0.918531
slot update_slots: id  0 | task 0 | n_tokens = 2176, memory_seq_rm [2176, end)
slot update_slots: id  0 | task 0 | prompt processing progress, n_tokens = 2208, batch.n_tokens = 32, progress = 0.932039
slot update_slots: id  0 | task 0 | n_tokens = 2208, memory_seq_rm [2208, end)
slot update_slots: id  0 | task 0 | prompt processing progress, n_tokens = 2240, batch.n_tokens = 32, progress = 0.945547
slot update_slots: id  0 | task 0 | n_tokens = 2240, memory_seq_rm [2240, end)
slot update_slots: id  0 | task 0 | prompt processing progress, n_tokens = 2272, batch.n_tokens = 32, progress = 0.959054
slot update_slots: id  0 | task 0 | n_tokens = 2272, memory_seq_rm [2272, end)
slot update_slots: id  0 | task 0 | prompt processing progress, n_tokens = 2304, batch.n_tokens = 32, progress = 0.972562
slot update_slots: id  0 | task 0 | n_tokens = 2304, memory_seq_rm [2304, end)
slot update_slots: id  0 | task 0 | prompt processing progress, n_tokens = 2336, batch.n_tokens = 32, progress = 0.986070
slot update_slots: id  0 | task 0 | n_tokens = 2336, memory_seq_rm [2336, end)
slot update_slots: id  0 | task 0 | prompt processing progress, n_tokens = 2368, batch.n_tokens = 32, progress = 0.999578
slot update_slots: id  0 | task 0 | n_tokens = 2368, memory_seq_rm [2368, end)
slot init_sampler: id  0 | task 0 | init sampler, took 2.11 ms, tokens: text = 2369, total = 2369
slot update_slots: id  0 | task 0 | prompt processing done, n_tokens = 2369, batch.n_tokens = 1
slot print_timing: id  0 | task 0 | 
prompt eval time =   55781.14 ms /  2369 tokens (   23.55 ms per token,    42.47 tokens per second)
       eval time =    2776.61 ms /    50 tokens (   55.53 ms per token,    18.01 tokens per second)
      total time =   58557.75 ms /  2419 tokens
slot      release: id  0 | task 0 | stop processing: n_tokens = 2418, truncated = 0
srv  update_slots: all slots are idle
srv  log_server_r: done request: POST /v1/chat/completions 127.0.0.1 200
load_backend: loaded RPC backend from D:\DATN\legal_ai_source\source_code\models\llama-b8644-bin-win-vulkan-x64\ggml-rpc.dll
load_backend: loaded Vulkan backend from D:\DATN\legal_ai_source\source_code\models\llama-b8644-bin-win-vulkan-x64\ggml-vulkan.dll
load_backend: loaded CPU backend from D:\DATN\legal_ai_source\source_code\models\llama-b8644-bin-win-vulkan-x64\ggml-cpu-icelake.dll
system info: n_threads = 4, n_threads_batch = 4, total_threads = 8

system_info: n_threads = 4 (n_threads_batch = 4) / 8 | CPU : SSE3 = 1 | SSSE3 = 1 | AVX = 1 | AVX2 = 1 | F16C = 1 | FMA = 1 | BMI2 = 1 | AVX512 = 1 | AVX512_VBMI = 1 | AVX512_VNNI = 1 | LLAMAFILE = 1 | OPENMP = 1 | REPACK = 1 | 

Running without SSL
init: using 7 threads for HTTP server
start: binding port with default address family
main: loading model
srv    load_model: loading model 'D:\DATN\legal_ai_source\source_code\models\qwen2.5-1.5b-instruct-q4_k_m.gguf'
common_init_result: fitting params to device memory, for bugs during this step try to reproduce them with -fit off, or provide --verbose logs if the bug only occurs with -fit on
llama_params_fit_impl: projected to use 213 MiB of device memory vs. 3525 MiB of free device memory
llama_params_fit_impl: will leave 3311 >= 1024 MiB of free device memory, no changes needed
llama_params_fit: successfully fit params to free device memory
llama_params_fit: fitting params to free memory took 0.35 seconds
llama_model_load_from_file_impl: using device Vulkan0 (Intel(R) Iris(R) Xe Graphics) (unknown id) - 3525 MiB free
llama_model_loader: loaded meta data with 26 key-value pairs and 339 tensors from D:\DATN\legal_ai_source\source_code\models\qwen2.5-1.5b-instruct-q4_k_m.gguf (version GGUF V3 (latest))
llama_model_loader: Dumping metadata keys/values. Note: KV overrides do not apply in this output.
llama_model_loader: - kv   0:                       general.architecture str              = qwen2
llama_model_loader: - kv   1:                               general.type str              = model
llama_model_loader: - kv   2:                               general.name str              = qwen2.5-1.5b-instruct
llama_model_loader: - kv   3:                            general.version str              = v0.1
llama_model_loader: - kv   4:                           general.finetune str              = qwen2.5-1.5b-instruct
llama_model_loader: - kv   5:                         general.size_label str              = 1.8B
llama_model_loader: - kv   6:                          qwen2.block_count u32              = 28
llama_model_loader: - kv   7:                       qwen2.context_length u32              = 32768
llama_model_loader: - kv   8:                     qwen2.embedding_length u32              = 1536
llama_model_loader: - kv   9:                  qwen2.feed_forward_length u32              = 8960
llama_model_loader: - kv  10:                 qwen2.attention.head_count u32              = 12
llama_model_loader: - kv  11:              qwen2.attention.head_count_kv u32              = 2
llama_model_loader: - kv  12:                       qwen2.rope.freq_base f32              = 1000000.000000
llama_model_loader: - kv  13:     qwen2.attention.layer_norm_rms_epsilon f32              = 0.000001
llama_model_loader: - kv  14:                          general.file_type u32              = 15
llama_model_loader: - kv  15:                       tokenizer.ggml.model str              = gpt2
llama_model_loader: - kv  16:                         tokenizer.ggml.pre str              = qwen2
llama_model_loader: - kv  17:                      tokenizer.ggml.tokens arr[str,151936]  = ["!", "\"", "#", "$", "%", "&", "'", ...
llama_model_loader: - kv  18:                  tokenizer.ggml.token_type arr[i32,151936]  = [1, 1, 1, 1, 1, 1, 1, 1, 1, 1, 1, 1, ...
llama_model_loader: - kv  19:                      tokenizer.ggml.merges arr[str,151387]  = ["Ġ Ġ", "ĠĠ ĠĠ", "i n", "Ġ t",...
llama_model_loader: - kv  20:                tokenizer.ggml.eos_token_id u32              = 151645
llama_model_loader: - kv  21:            tokenizer.ggml.padding_token_id u32              = 151643
llama_model_loader: - kv  22:                tokenizer.ggml.bos_token_id u32              = 151643
llama_model_loader: - kv  23:               tokenizer.ggml.add_bos_token bool             = false
llama_model_loader: - kv  24:                    tokenizer.chat_template str              = {%- if tools %}\n    {{- '<|im_start|>...
llama_model_loader: - kv  25:               general.quantization_version u32              = 2
llama_model_loader: - type  f32:  141 tensors
llama_model_loader: - type q4_K:  169 tensors
llama_model_loader: - type q6_K:   29 tensors
print_info: file format = GGUF V3 (latest)
print_info: file type   = Q4_K - Medium
print_info: file size   = 1.04 GiB (5.00 BPW) 
load: 0 unused tokens
load: control-looking token: 128247 '</s>' was not control-type; this is probably a bug in the model. its type will be overridden
load: printing all EOG tokens:
load:   - 128247 ('</s>')
load:   - 151643 ('<|endoftext|>')
load:   - 151645 ('<|im_end|>')
load:   - 151662 ('<|fim_pad|>')
load:   - 151663 ('<|repo_name|>')
load:   - 151664 ('<|file_sep|>')
load: special tokens cache size = 23
load: token to piece cache size = 0.9310 MB
print_info: arch                  = qwen2
print_info: vocab_only            = 0
print_info: no_alloc              = 0
print_info: n_ctx_train           = 32768
print_info: n_embd                = 1536
print_info: n_embd_inp            = 1536
print_info: n_layer               = 28
print_info: n_head                = 12
print_info: n_head_kv             = 2
print_info: n_rot                 = 128
print_info: n_swa                 = 0
print_info: is_swa_any            = 0
print_info: n_embd_head_k         = 128
print_info: n_embd_head_v         = 128
print_info: n_gqa                 = 6
print_info: n_embd_k_gqa          = 256
print_info: n_embd_v_gqa          = 256
print_info: f_norm_eps            = 0.0e+00
print_info: f_norm_rms_eps        = 1.0e-06
print_info: f_clamp_kqv           = 0.0e+00
print_info: f_max_alibi_bias      = 0.0e+00
print_info: f_logit_scale         = 0.0e+00
print_info: f_attn_scale          = 0.0e+00
print_info: n_ff                  = 8960
print_info: n_expert              = 0
print_info: n_expert_used         = 0
print_info: n_expert_groups       = 0
print_info: n_group_used          = 0
print_info: causal attn           = 1
print_info: pooling type          = -1
print_info: rope type             = 2
print_info: rope scaling          = linear
print_info: freq_base_train       = 1000000.0
print_info: freq_scale_train      = 1
print_info: n_ctx_orig_yarn       = 32768
print_info: rope_yarn_log_mul     = 0.0000
print_info: rope_finetuned        = unknown
print_info: model type            = 1.5B
print_info: model params          = 1.78 B
print_info: general.name          = qwen2.5-1.5b-instruct
print_info: vocab type            = BPE
print_info: n_vocab               = 151936
print_info: n_merges              = 151387
print_info: BOS token             = 151643 '<|endoftext|>'
print_info: EOS token             = 151645 '<|im_end|>'
print_info: EOT token             = 151645 '<|im_end|>'
print_info: PAD token             = 151643 '<|endoftext|>'
print_info: LF token              = 198 'Ċ'
print_info: FIM PRE token         = 151659 '<|fim_prefix|>'
print_info: FIM SUF token         = 151661 '<|fim_suffix|>'
print_info: FIM MID token         = 151660 '<|fim_middle|>'
print_info: FIM PAD token         = 151662 '<|fim_pad|>'
print_info: FIM REP token         = 151663 '<|repo_name|>'
print_info: FIM SEP token         = 151664 '<|file_sep|>'
print_info: EOG token             = 128247 '</s>'
print_info: EOG token             = 151643 '<|endoftext|>'
print_info: EOG token             = 151645 '<|im_end|>'
print_info: EOG token             = 151662 '<|fim_pad|>'
print_info: EOG token             = 151663 '<|repo_name|>'
print_info: EOG token             = 151664 '<|file_sep|>'
print_info: max token length      = 256
load_tensors: loading model tensors, this can take a while... (mmap = true, direct_io = false)
load_tensors: offloading 0 repeating layers to GPU
load_tensors: offloaded 0/29 layers to GPU
load_tensors:   CPU_Mapped model buffer size =  1059.89 MiB
.........................................................................
common_init_result: added </s> logit bias = -inf
common_init_result: added <|endoftext|> logit bias = -inf
common_init_result: added <|im_end|> logit bias = -inf
common_init_result: added <|fim_pad|> logit bias = -inf
common_init_result: added <|repo_name|> logit bias = -inf
common_init_result: added <|file_sep|> logit bias = -inf
llama_context: constructing llama_context
llama_context: n_seq_max     = 1
llama_context: n_ctx         = 3072
llama_context: n_ctx_seq     = 3072
llama_context: n_batch       = 32
llama_context: n_ubatch      = 32
llama_context: causal_attn   = 1
llama_context: flash_attn    = auto
llama_context: kv_unified    = false
llama_context: freq_base     = 1000000.0
llama_context: freq_scale    = 1
llama_context: n_ctx_seq (3072) < n_ctx_train (32768) -- the full capacity of the model will not be utilized
llama_context:        CPU  output buffer size =     0.58 MiB
llama_kv_cache:        CPU KV buffer size =    84.00 MiB
llama_kv_cache: size =   84.00 MiB (  3072 cells,  28 layers,  1/1 seqs), K (f16):   42.00 MiB, V (f16):   42.00 MiB
llama_kv_cache: attn_rot_k = 0
llama_kv_cache: attn_rot_v = 0
sched_reserve: reserving ...
sched_reserve: Flash Attention was auto, set to enabled
sched_reserve: resolving fused Gated Delta Net support:
sched_reserve: fused Gated Delta Net (autoregressive) enabled
sched_reserve: fused Gated Delta Net (chunked) enabled
sched_reserve:    Vulkan0 compute buffer size =   213.35 MiB
sched_reserve: Vulkan_Host compute buffer size =     0.75 MiB
sched_reserve: graph nodes  = 959
sched_reserve: graph splits = 396 (with bs=32), 1 (with bs=1)
sched_reserve: reserve took 174.90 ms, sched copies = 1
common_init_from_params: warming up the model with an empty run - please wait ... (--no-warmup to disable)
srv    load_model: initializing slots, n_slots = 1
no implementations specified for speculative decoding
slot   load_model: id  0 | task -1 | speculative decoding context not initialized
slot   load_model: id  0 | task -1 | new slot, n_ctx = 3072
srv    load_model: prompt cache is enabled, size limit: 8192 MiB
srv    load_model: use `--cache-ram 0` to disable the prompt cache
srv    load_model: for more info see https://github.com/ggml-org/llama.cpp/pull/16391
init: chat template, example_format: '<|im_start|>system
You are a helpful assistant<|im_end|>
<|im_start|>user
Hello<|im_end|>
<|im_start|>assistant
Hi there<|im_end|>
<|im_start|>user
How are you?<|im_end|>
<|im_start|>assistant
'
srv          init: init: chat template, thinking = 0
main: model loaded
main: server is listening on http://127.0.0.1:8080
main: starting the main loop...
srv  update_slots: all slots are idle
load_backend: loaded RPC backend from D:\DATN\legal_ai_source\source_code\models\llama-b8644-bin-win-vulkan-x64\ggml-rpc.dll
load_backend: loaded Vulkan backend from D:\DATN\legal_ai_source\source_code\models\llama-b8644-bin-win-vulkan-x64\ggml-vulkan.dll
load_backend: loaded CPU backend from D:\DATN\legal_ai_source\source_code\models\llama-b8644-bin-win-vulkan-x64\ggml-cpu-icelake.dll
system info: n_threads = 4, n_threads_batch = 4, total_threads = 8

system_info: n_threads = 4 (n_threads_batch = 4) / 8 | CPU : SSE3 = 1 | SSSE3 = 1 | AVX = 1 | AVX2 = 1 | F16C = 1 | FMA = 1 | BMI2 = 1 | AVX512 = 1 | AVX512_VBMI = 1 | AVX512_VNNI = 1 | LLAMAFILE = 1 | OPENMP = 1 | REPACK = 1 | 

Running without SSL
init: using 7 threads for HTTP server
start: binding port with default address family
main: loading model
srv    load_model: loading model 'D:\DATN\legal_ai_source\source_code\models\qwen2.5-1.5b-instruct-q4_k_m.gguf'
common_init_result: fitting params to device memory, for bugs during this step try to reproduce them with -fit off, or provide --verbose logs if the bug only occurs with -fit on
llama_params_fit_impl: projected to use 213 MiB of device memory vs. 3525 MiB of free device memory
llama_params_fit_impl: will leave 3311 >= 1024 MiB of free device memory, no changes needed
llama_params_fit: successfully fit params to free device memory
llama_params_fit: fitting params to free memory took 0.67 seconds
llama_model_load_from_file_impl: using device Vulkan0 (Intel(R) Iris(R) Xe Graphics) (unknown id) - 3525 MiB free
llama_model_loader: loaded meta data with 26 key-value pairs and 339 tensors from D:\DATN\legal_ai_source\source_code\models\qwen2.5-1.5b-instruct-q4_k_m.gguf (version GGUF V3 (latest))
llama_model_loader: Dumping metadata keys/values. Note: KV overrides do not apply in this output.
llama_model_loader: - kv   0:                       general.architecture str              = qwen2
llama_model_loader: - kv   1:                               general.type str              = model
llama_model_loader: - kv   2:                               general.name str              = qwen2.5-1.5b-instruct
llama_model_loader: - kv   3:                            general.version str              = v0.1
llama_model_loader: - kv   4:                           general.finetune str              = qwen2.5-1.5b-instruct
llama_model_loader: - kv   5:                         general.size_label str              = 1.8B
llama_model_loader: - kv   6:                          qwen2.block_count u32              = 28
llama_model_loader: - kv   7:                       qwen2.context_length u32              = 32768
llama_model_loader: - kv   8:                     qwen2.embedding_length u32              = 1536
llama_model_loader: - kv   9:                  qwen2.feed_forward_length u32              = 8960
llama_model_loader: - kv  10:                 qwen2.attention.head_count u32              = 12
llama_model_loader: - kv  11:              qwen2.attention.head_count_kv u32              = 2
llama_model_loader: - kv  12:                       qwen2.rope.freq_base f32              = 1000000.000000
llama_model_loader: - kv  13:     qwen2.attention.layer_norm_rms_epsilon f32              = 0.000001
llama_model_loader: - kv  14:                          general.file_type u32              = 15
llama_model_loader: - kv  15:                       tokenizer.ggml.model str              = gpt2
llama_model_loader: - kv  16:                         tokenizer.ggml.pre str              = qwen2
llama_model_loader: - kv  17:                      tokenizer.ggml.tokens arr[str,151936]  = ["!", "\"", "#", "$", "%", "&", "'", ...
llama_model_loader: - kv  18:                  tokenizer.ggml.token_type arr[i32,151936]  = [1, 1, 1, 1, 1, 1, 1, 1, 1, 1, 1, 1, ...
llama_model_loader: - kv  19:                      tokenizer.ggml.merges arr[str,151387]  = ["Ġ Ġ", "ĠĠ ĠĠ", "i n", "Ġ t",...
llama_model_loader: - kv  20:                tokenizer.ggml.eos_token_id u32              = 151645
llama_model_loader: - kv  21:            tokenizer.ggml.padding_token_id u32              = 151643
llama_model_loader: - kv  22:                tokenizer.ggml.bos_token_id u32              = 151643
llama_model_loader: - kv  23:               tokenizer.ggml.add_bos_token bool             = false
llama_model_loader: - kv  24:                    tokenizer.chat_template str              = {%- if tools %}\n    {{- '<|im_start|>...
llama_model_loader: - kv  25:               general.quantization_version u32              = 2
llama_model_loader: - type  f32:  141 tensors
llama_model_loader: - type q4_K:  169 tensors
llama_model_loader: - type q6_K:   29 tensors
print_info: file format = GGUF V3 (latest)
print_info: file type   = Q4_K - Medium
print_info: file size   = 1.04 GiB (5.00 BPW) 
load: 0 unused tokens
load: control-looking token: 128247 '</s>' was not control-type; this is probably a bug in the model. its type will be overridden
load: printing all EOG tokens:
load:   - 128247 ('</s>')
load:   - 151643 ('<|endoftext|>')
load:   - 151645 ('<|im_end|>')
load:   - 151662 ('<|fim_pad|>')
load:   - 151663 ('<|repo_name|>')
load:   - 151664 ('<|file_sep|>')
load: special tokens cache size = 23
load: token to piece cache size = 0.9310 MB
print_info: arch                  = qwen2
print_info: vocab_only            = 0
print_info: no_alloc              = 0
print_info: n_ctx_train           = 32768
print_info: n_embd                = 1536
print_info: n_embd_inp            = 1536
print_info: n_layer               = 28
print_info: n_head                = 12
print_info: n_head_kv             = 2
print_info: n_rot                 = 128
print_info: n_swa                 = 0
print_info: is_swa_any            = 0
print_info: n_embd_head_k         = 128
print_info: n_embd_head_v         = 128
print_info: n_gqa                 = 6
print_info: n_embd_k_gqa          = 256
print_info: n_embd_v_gqa          = 256
print_info: f_norm_eps            = 0.0e+00
print_info: f_norm_rms_eps        = 1.0e-06
print_info: f_clamp_kqv           = 0.0e+00
print_info: f_max_alibi_bias      = 0.0e+00
print_info: f_logit_scale         = 0.0e+00
print_info: f_attn_scale          = 0.0e+00
print_info: n_ff                  = 8960
print_info: n_expert              = 0
print_info: n_expert_used         = 0
print_info: n_expert_groups       = 0
print_info: n_group_used          = 0
print_info: causal attn           = 1
print_info: pooling type          = -1
print_info: rope type             = 2
print_info: rope scaling          = linear
print_info: freq_base_train       = 1000000.0
print_info: freq_scale_train      = 1
print_info: n_ctx_orig_yarn       = 32768
print_info: rope_yarn_log_mul     = 0.0000
print_info: rope_finetuned        = unknown
print_info: model type            = 1.5B
print_info: model params          = 1.78 B
print_info: general.name          = qwen2.5-1.5b-instruct
print_info: vocab type            = BPE
print_info: n_vocab               = 151936
print_info: n_merges              = 151387
print_info: BOS token             = 151643 '<|endoftext|>'
print_info: EOS token             = 151645 '<|im_end|>'
print_info: EOT token             = 151645 '<|im_end|>'
print_info: PAD token             = 151643 '<|endoftext|>'
print_info: LF token              = 198 'Ċ'
print_info: FIM PRE token         = 151659 '<|fim_prefix|>'
print_info: FIM SUF token         = 151661 '<|fim_suffix|>'
print_info: FIM MID token         = 151660 '<|fim_middle|>'
print_info: FIM PAD token         = 151662 '<|fim_pad|>'
print_info: FIM REP token         = 151663 '<|repo_name|>'
print_info: FIM SEP token         = 151664 '<|file_sep|>'
print_info: EOG token             = 128247 '</s>'
print_info: EOG token             = 151643 '<|endoftext|>'
print_info: EOG token             = 151645 '<|im_end|>'
print_info: EOG token             = 151662 '<|fim_pad|>'
print_info: EOG token             = 151663 '<|repo_name|>'
print_info: EOG token             = 151664 '<|file_sep|>'
print_info: max token length      = 256
load_tensors: loading model tensors, this can take a while... (mmap = true, direct_io = false)
load_tensors: offloading 0 repeating layers to GPU
load_tensors: offloaded 0/29 layers to GPU
load_tensors:   CPU_Mapped model buffer size =  1059.89 MiB
.........................................................................
common_init_result: added </s> logit bias = -inf
common_init_result: added <|endoftext|> logit bias = -inf
common_init_result: added <|im_end|> logit bias = -inf
common_init_result: added <|fim_pad|> logit bias = -inf
common_init_result: added <|repo_name|> logit bias = -inf
common_init_result: added <|file_sep|> logit bias = -inf
llama_context: constructing llama_context
llama_context: n_seq_max     = 1
llama_context: n_ctx         = 3072
llama_context: n_ctx_seq     = 3072
llama_context: n_batch       = 32
llama_context: n_ubatch      = 32
llama_context: causal_attn   = 1
llama_context: flash_attn    = auto
llama_context: kv_unified    = false
llama_context: freq_base     = 1000000.0
llama_context: freq_scale    = 1
llama_context: n_ctx_seq (3072) < n_ctx_train (32768) -- the full capacity of the model will not be utilized
llama_context:        CPU  output buffer size =     0.58 MiB
llama_kv_cache:        CPU KV buffer size =    84.00 MiB
llama_kv_cache: size =   84.00 MiB (  3072 cells,  28 layers,  1/1 seqs), K (f16):   42.00 MiB, V (f16):   42.00 MiB
llama_kv_cache: attn_rot_k = 0
llama_kv_cache: attn_rot_v = 0
sched_reserve: reserving ...
sched_reserve: Flash Attention was auto, set to enabled
sched_reserve: resolving fused Gated Delta Net support:
sched_reserve: fused Gated Delta Net (autoregressive) enabled
sched_reserve: fused Gated Delta Net (chunked) enabled
sched_reserve:    Vulkan0 compute buffer size =   213.35 MiB
sched_reserve: Vulkan_Host compute buffer size =     0.75 MiB
sched_reserve: graph nodes  = 959
sched_reserve: graph splits = 396 (with bs=32), 1 (with bs=1)
sched_reserve: reserve took 175.31 ms, sched copies = 1
common_init_from_params: warming up the model with an empty run - please wait ... (--no-warmup to disable)
srv    load_model: initializing slots, n_slots = 1
no implementations specified for speculative decoding
slot   load_model: id  0 | task -1 | speculative decoding context not initialized
slot   load_model: id  0 | task -1 | new slot, n_ctx = 3072
srv    load_model: prompt cache is enabled, size limit: 8192 MiB
srv    load_model: use `--cache-ram 0` to disable the prompt cache
srv    load_model: for more info see https://github.com/ggml-org/llama.cpp/pull/16391
init: chat template, example_format: '<|im_start|>system
You are a helpful assistant<|im_end|>
<|im_start|>user
Hello<|im_end|>
<|im_start|>assistant
Hi there<|im_end|>
<|im_start|>user
How are you?<|im_end|>
<|im_start|>assistant
'
srv          init: init: chat template, thinking = 0
main: model loaded
main: server is listening on http://127.0.0.1:8080
main: starting the main loop...
srv  update_slots: all slots are idle
load_backend: loaded RPC backend from D:\DATN\legal_ai_source\source_code\models\llama-b8644-bin-win-vulkan-x64\ggml-rpc.dll
load_backend: loaded Vulkan backend from D:\DATN\legal_ai_source\source_code\models\llama-b8644-bin-win-vulkan-x64\ggml-vulkan.dll
load_backend: loaded CPU backend from D:\DATN\legal_ai_source\source_code\models\llama-b8644-bin-win-vulkan-x64\ggml-cpu-icelake.dll
system info: n_threads = 4, n_threads_batch = 4, total_threads = 8

system_info: n_threads = 4 (n_threads_batch = 4) / 8 | CPU : SSE3 = 1 | SSSE3 = 1 | AVX = 1 | AVX2 = 1 | F16C = 1 | FMA = 1 | BMI2 = 1 | AVX512 = 1 | AVX512_VBMI = 1 | AVX512_VNNI = 1 | LLAMAFILE = 1 | OPENMP = 1 | REPACK = 1 | 

Running without SSL
init: using 7 threads for HTTP server
start: binding port with default address family
main: loading model
srv    load_model: loading model 'D:\DATN\legal_ai_source\source_code\models\qwen2.5-1.5b-instruct-q4_k_m.gguf'
common_init_result: fitting params to device memory, for bugs during this step try to reproduce them with -fit off, or provide --verbose logs if the bug only occurs with -fit on
llama_params_fit_impl: projected to use 213 MiB of device memory vs. 3525 MiB of free device memory
llama_params_fit_impl: will leave 3311 >= 1024 MiB of free device memory, no changes needed
llama_params_fit: successfully fit params to free device memory
llama_params_fit: fitting params to free memory took 0.51 seconds
llama_model_load_from_file_impl: using device Vulkan0 (Intel(R) Iris(R) Xe Graphics) (unknown id) - 3525 MiB free
llama_model_loader: loaded meta data with 26 key-value pairs and 339 tensors from D:\DATN\legal_ai_source\source_code\models\qwen2.5-1.5b-instruct-q4_k_m.gguf (version GGUF V3 (latest))
llama_model_loader: Dumping metadata keys/values. Note: KV overrides do not apply in this output.
llama_model_loader: - kv   0:                       general.architecture str              = qwen2
llama_model_loader: - kv   1:                               general.type str              = model
llama_model_loader: - kv   2:                               general.name str              = qwen2.5-1.5b-instruct
llama_model_loader: - kv   3:                            general.version str              = v0.1
llama_model_loader: - kv   4:                           general.finetune str              = qwen2.5-1.5b-instruct
llama_model_loader: - kv   5:                         general.size_label str              = 1.8B
llama_model_loader: - kv   6:                          qwen2.block_count u32              = 28
llama_model_loader: - kv   7:                       qwen2.context_length u32              = 32768
llama_model_loader: - kv   8:                     qwen2.embedding_length u32              = 1536
llama_model_loader: - kv   9:                  qwen2.feed_forward_length u32              = 8960
llama_model_loader: - kv  10:                 qwen2.attention.head_count u32              = 12
llama_model_loader: - kv  11:              qwen2.attention.head_count_kv u32              = 2
llama_model_loader: - kv  12:                       qwen2.rope.freq_base f32              = 1000000.000000
llama_model_loader: - kv  13:     qwen2.attention.layer_norm_rms_epsilon f32              = 0.000001
llama_model_loader: - kv  14:                          general.file_type u32              = 15
llama_model_loader: - kv  15:                       tokenizer.ggml.model str              = gpt2
llama_model_loader: - kv  16:                         tokenizer.ggml.pre str              = qwen2
llama_model_loader: - kv  17:                      tokenizer.ggml.tokens arr[str,151936]  = ["!", "\"", "#", "$", "%", "&", "'", ...
llama_model_loader: - kv  18:                  tokenizer.ggml.token_type arr[i32,151936]  = [1, 1, 1, 1, 1, 1, 1, 1, 1, 1, 1, 1, ...
llama_model_loader: - kv  19:                      tokenizer.ggml.merges arr[str,151387]  = ["Ġ Ġ", "ĠĠ ĠĠ", "i n", "Ġ t",...
llama_model_loader: - kv  20:                tokenizer.ggml.eos_token_id u32              = 151645
llama_model_loader: - kv  21:            tokenizer.ggml.padding_token_id u32              = 151643
llama_model_loader: - kv  22:                tokenizer.ggml.bos_token_id u32              = 151643
llama_model_loader: - kv  23:               tokenizer.ggml.add_bos_token bool             = false
llama_model_loader: - kv  24:                    tokenizer.chat_template str              = {%- if tools %}\n    {{- '<|im_start|>...
llama_model_loader: - kv  25:               general.quantization_version u32              = 2
llama_model_loader: - type  f32:  141 tensors
llama_model_loader: - type q4_K:  169 tensors
llama_model_loader: - type q6_K:   29 tensors
print_info: file format = GGUF V3 (latest)
print_info: file type   = Q4_K - Medium
print_info: file size   = 1.04 GiB (5.00 BPW) 
load: 0 unused tokens
load: control-looking token: 128247 '</s>' was not control-type; this is probably a bug in the model. its type will be overridden
load: printing all EOG tokens:
load:   - 128247 ('</s>')
load:   - 151643 ('<|endoftext|>')
load:   - 151645 ('<|im_end|>')
load:   - 151662 ('<|fim_pad|>')
load:   - 151663 ('<|repo_name|>')
load:   - 151664 ('<|file_sep|>')
load: special tokens cache size = 23
load: token to piece cache size = 0.9310 MB
print_info: arch                  = qwen2
print_info: vocab_only            = 0
print_info: no_alloc              = 0
print_info: n_ctx_train           = 32768
print_info: n_embd                = 1536
print_info: n_embd_inp            = 1536
print_info: n_layer               = 28
print_info: n_head                = 12
print_info: n_head_kv             = 2
print_info: n_rot                 = 128
print_info: n_swa                 = 0
print_info: is_swa_any            = 0
print_info: n_embd_head_k         = 128
print_info: n_embd_head_v         = 128
print_info: n_gqa                 = 6
print_info: n_embd_k_gqa          = 256
print_info: n_embd_v_gqa          = 256
print_info: f_norm_eps            = 0.0e+00
print_info: f_norm_rms_eps        = 1.0e-06
print_info: f_clamp_kqv           = 0.0e+00
print_info: f_max_alibi_bias      = 0.0e+00
print_info: f_logit_scale         = 0.0e+00
print_info: f_attn_scale          = 0.0e+00
print_info: n_ff                  = 8960
print_info: n_expert              = 0
print_info: n_expert_used         = 0
print_info: n_expert_groups       = 0
print_info: n_group_used          = 0
print_info: causal attn           = 1
print_info: pooling type          = -1
print_info: rope type             = 2
print_info: rope scaling          = linear
print_info: freq_base_train       = 1000000.0
print_info: freq_scale_train      = 1
print_info: n_ctx_orig_yarn       = 32768
print_info: rope_yarn_log_mul     = 0.0000
print_info: rope_finetuned        = unknown
print_info: model type            = 1.5B
print_info: model params          = 1.78 B
print_info: general.name          = qwen2.5-1.5b-instruct
print_info: vocab type            = BPE
print_info: n_vocab               = 151936
print_info: n_merges              = 151387
print_info: BOS token             = 151643 '<|endoftext|>'
print_info: EOS token             = 151645 '<|im_end|>'
print_info: EOT token             = 151645 '<|im_end|>'
print_info: PAD token             = 151643 '<|endoftext|>'
print_info: LF token              = 198 'Ċ'
print_info: FIM PRE token         = 151659 '<|fim_prefix|>'
print_info: FIM SUF token         = 151661 '<|fim_suffix|>'
print_info: FIM MID token         = 151660 '<|fim_middle|>'
print_info: FIM PAD token         = 151662 '<|fim_pad|>'
print_info: FIM REP token         = 151663 '<|repo_name|>'
print_info: FIM SEP token         = 151664 '<|file_sep|>'
print_info: EOG token             = 128247 '</s>'
print_info: EOG token             = 151643 '<|endoftext|>'
print_info: EOG token             = 151645 '<|im_end|>'
print_info: EOG token             = 151662 '<|fim_pad|>'
print_info: EOG token             = 151663 '<|repo_name|>'
print_info: EOG token             = 151664 '<|file_sep|>'
print_info: max token length      = 256
load_tensors: loading model tensors, this can take a while... (mmap = true, direct_io = false)
load_tensors: offloading 0 repeating layers to GPU
load_tensors: offloaded 0/29 layers to GPU
load_tensors:   CPU_Mapped model buffer size =  1059.89 MiB
.........................................................................
common_init_result: added </s> logit bias = -inf
common_init_result: added <|endoftext|> logit bias = -inf
common_init_result: added <|im_end|> logit bias = -inf
common_init_result: added <|fim_pad|> logit bias = -inf
common_init_result: added <|repo_name|> logit bias = -inf
common_init_result: added <|file_sep|> logit bias = -inf
llama_context: constructing llama_context
llama_context: n_seq_max     = 1
llama_context: n_ctx         = 3072
llama_context: n_ctx_seq     = 3072
llama_context: n_batch       = 32
llama_context: n_ubatch      = 32
llama_context: causal_attn   = 1
llama_context: flash_attn    = auto
llama_context: kv_unified    = false
llama_context: freq_base     = 1000000.0
llama_context: freq_scale    = 1
llama_context: n_ctx_seq (3072) < n_ctx_train (32768) -- the full capacity of the model will not be utilized
llama_context:        CPU  output buffer size =     0.58 MiB
llama_kv_cache:        CPU KV buffer size =    84.00 MiB
llama_kv_cache: size =   84.00 MiB (  3072 cells,  28 layers,  1/1 seqs), K (f16):   42.00 MiB, V (f16):   42.00 MiB
llama_kv_cache: attn_rot_k = 0
llama_kv_cache: attn_rot_v = 0
sched_reserve: reserving ...
sched_reserve: Flash Attention was auto, set to enabled
sched_reserve: resolving fused Gated Delta Net support:
sched_reserve: fused Gated Delta Net (autoregressive) enabled
sched_reserve: fused Gated Delta Net (chunked) enabled
sched_reserve:    Vulkan0 compute buffer size =   213.35 MiB
sched_reserve: Vulkan_Host compute buffer size =     0.75 MiB
sched_reserve: graph nodes  = 959
sched_reserve: graph splits = 396 (with bs=32), 1 (with bs=1)
sched_reserve: reserve took 210.60 ms, sched copies = 1
common_init_from_params: warming up the model with an empty run - please wait ... (--no-warmup to disable)
srv    load_model: initializing slots, n_slots = 1
no implementations specified for speculative decoding
slot   load_model: id  0 | task -1 | speculative decoding context not initialized
slot   load_model: id  0 | task -1 | new slot, n_ctx = 3072
srv    load_model: prompt cache is enabled, size limit: 8192 MiB
srv    load_model: use `--cache-ram 0` to disable the prompt cache
srv    load_model: for more info see https://github.com/ggml-org/llama.cpp/pull/16391
init: chat template, example_format: '<|im_start|>system
You are a helpful assistant<|im_end|>
<|im_start|>user
Hello<|im_end|>
<|im_start|>assistant
Hi there<|im_end|>
<|im_start|>user
How are you?<|im_end|>
<|im_start|>assistant
'
srv          init: init: chat template, thinking = 0
main: model loaded
main: server is listening on http://127.0.0.1:8080
main: starting the main loop...
srv  update_slots: all slots are idle
load_backend: loaded RPC backend from D:\DATN\legal_ai_source\source_code\models\llama-b8644-bin-win-vulkan-x64\ggml-rpc.dll
load_backend: loaded Vulkan backend from D:\DATN\legal_ai_source\source_code\models\llama-b8644-bin-win-vulkan-x64\ggml-vulkan.dll
load_backend: loaded CPU backend from D:\DATN\legal_ai_source\source_code\models\llama-b8644-bin-win-vulkan-x64\ggml-cpu-icelake.dll
system info: n_threads = 4, n_threads_batch = 4, total_threads = 8

system_info: n_threads = 4 (n_threads_batch = 4) / 8 | CPU : SSE3 = 1 | SSSE3 = 1 | AVX = 1 | AVX2 = 1 | F16C = 1 | FMA = 1 | BMI2 = 1 | AVX512 = 1 | AVX512_VBMI = 1 | AVX512_VNNI = 1 | LLAMAFILE = 1 | OPENMP = 1 | REPACK = 1 | 

Running without SSL
init: using 7 threads for HTTP server
start: binding port with default address family
main: loading model
srv    load_model: loading model 'D:\DATN\legal_ai_source\source_code\models\qwen2.5-1.5b-instruct-q4_k_m.gguf'
common_init_result: fitting params to device memory, for bugs during this step try to reproduce them with -fit off, or provide --verbose logs if the bug only occurs with -fit on
llama_params_fit_impl: projected to use 213 MiB of device memory vs. 3525 MiB of free device memory
llama_params_fit_impl: will leave 3311 >= 1024 MiB of free device memory, no changes needed
llama_params_fit: successfully fit params to free device memory
llama_params_fit: fitting params to free memory took 0.48 seconds
llama_model_load_from_file_impl: using device Vulkan0 (Intel(R) Iris(R) Xe Graphics) (unknown id) - 3525 MiB free
llama_model_loader: loaded meta data with 26 key-value pairs and 339 tensors from D:\DATN\legal_ai_source\source_code\models\qwen2.5-1.5b-instruct-q4_k_m.gguf (version GGUF V3 (latest))
llama_model_loader: Dumping metadata keys/values. Note: KV overrides do not apply in this output.
llama_model_loader: - kv   0:                       general.architecture str              = qwen2
llama_model_loader: - kv   1:                               general.type str              = model
llama_model_loader: - kv   2:                               general.name str              = qwen2.5-1.5b-instruct
llama_model_loader: - kv   3:                            general.version str              = v0.1
llama_model_loader: - kv   4:                           general.finetune str              = qwen2.5-1.5b-instruct
llama_model_loader: - kv   5:                         general.size_label str              = 1.8B
llama_model_loader: - kv   6:                          qwen2.block_count u32              = 28
llama_model_loader: - kv   7:                       qwen2.context_length u32              = 32768
llama_model_loader: - kv   8:                     qwen2.embedding_length u32              = 1536
llama_model_loader: - kv   9:                  qwen2.feed_forward_length u32              = 8960
llama_model_loader: - kv  10:                 qwen2.attention.head_count u32              = 12
llama_model_loader: - kv  11:              qwen2.attention.head_count_kv u32              = 2
llama_model_loader: - kv  12:                       qwen2.rope.freq_base f32              = 1000000.000000
llama_model_loader: - kv  13:     qwen2.attention.layer_norm_rms_epsilon f32              = 0.000001
llama_model_loader: - kv  14:                          general.file_type u32              = 15
llama_model_loader: - kv  15:                       tokenizer.ggml.model str              = gpt2
llama_model_loader: - kv  16:                         tokenizer.ggml.pre str              = qwen2
llama_model_loader: - kv  17:                      tokenizer.ggml.tokens arr[str,151936]  = ["!", "\"", "#", "$", "%", "&", "'", ...
llama_model_loader: - kv  18:                  tokenizer.ggml.token_type arr[i32,151936]  = [1, 1, 1, 1, 1, 1, 1, 1, 1, 1, 1, 1, ...
llama_model_loader: - kv  19:                      tokenizer.ggml.merges arr[str,151387]  = ["Ġ Ġ", "ĠĠ ĠĠ", "i n", "Ġ t",...
llama_model_loader: - kv  20:                tokenizer.ggml.eos_token_id u32              = 151645
llama_model_loader: - kv  21:            tokenizer.ggml.padding_token_id u32              = 151643
llama_model_loader: - kv  22:                tokenizer.ggml.bos_token_id u32              = 151643
llama_model_loader: - kv  23:               tokenizer.ggml.add_bos_token bool             = false
llama_model_loader: - kv  24:                    tokenizer.chat_template str              = {%- if tools %}\n    {{- '<|im_start|>...
llama_model_loader: - kv  25:               general.quantization_version u32              = 2
llama_model_loader: - type  f32:  141 tensors
llama_model_loader: - type q4_K:  169 tensors
llama_model_loader: - type q6_K:   29 tensors
print_info: file format = GGUF V3 (latest)
print_info: file type   = Q4_K - Medium
print_info: file size   = 1.04 GiB (5.00 BPW) 
load: 0 unused tokens
load: control-looking token: 128247 '</s>' was not control-type; this is probably a bug in the model. its type will be overridden
load: printing all EOG tokens:
load:   - 128247 ('</s>')
load:   - 151643 ('<|endoftext|>')
load:   - 151645 ('<|im_end|>')
load:   - 151662 ('<|fim_pad|>')
load:   - 151663 ('<|repo_name|>')
load:   - 151664 ('<|file_sep|>')
load: special tokens cache size = 23
load: token to piece cache size = 0.9310 MB
print_info: arch                  = qwen2
print_info: vocab_only            = 0
print_info: no_alloc              = 0
print_info: n_ctx_train           = 32768
print_info: n_embd                = 1536
print_info: n_embd_inp            = 1536
print_info: n_layer               = 28
print_info: n_head                = 12
print_info: n_head_kv             = 2
print_info: n_rot                 = 128
print_info: n_swa                 = 0
print_info: is_swa_any            = 0
print_info: n_embd_head_k         = 128
print_info: n_embd_head_v         = 128
print_info: n_gqa                 = 6
print_info: n_embd_k_gqa          = 256
print_info: n_embd_v_gqa          = 256
print_info: f_norm_eps            = 0.0e+00
print_info: f_norm_rms_eps        = 1.0e-06
print_info: f_clamp_kqv           = 0.0e+00
print_info: f_max_alibi_bias      = 0.0e+00
print_info: f_logit_scale         = 0.0e+00
print_info: f_attn_scale          = 0.0e+00
print_info: n_ff                  = 8960
print_info: n_expert              = 0
print_info: n_expert_used         = 0
print_info: n_expert_groups       = 0
print_info: n_group_used          = 0
print_info: causal attn           = 1
print_info: pooling type          = -1
print_info: rope type             = 2
print_info: rope scaling          = linear
print_info: freq_base_train       = 1000000.0
print_info: freq_scale_train      = 1
print_info: n_ctx_orig_yarn       = 32768
print_info: rope_yarn_log_mul     = 0.0000
print_info: rope_finetuned        = unknown
print_info: model type            = 1.5B
print_info: model params          = 1.78 B
print_info: general.name          = qwen2.5-1.5b-instruct
print_info: vocab type            = BPE
print_info: n_vocab               = 151936
print_info: n_merges              = 151387
print_info: BOS token             = 151643 '<|endoftext|>'
print_info: EOS token             = 151645 '<|im_end|>'
print_info: EOT token             = 151645 '<|im_end|>'
print_info: PAD token             = 151643 '<|endoftext|>'
print_info: LF token              = 198 'Ċ'
print_info: FIM PRE token         = 151659 '<|fim_prefix|>'
print_info: FIM SUF token         = 151661 '<|fim_suffix|>'
print_info: FIM MID token         = 151660 '<|fim_middle|>'
print_info: FIM PAD token         = 151662 '<|fim_pad|>'
print_info: FIM REP token         = 151663 '<|repo_name|>'
print_info: FIM SEP token         = 151664 '<|file_sep|>'
print_info: EOG token             = 128247 '</s>'
print_info: EOG token             = 151643 '<|endoftext|>'
print_info: EOG token             = 151645 '<|im_end|>'
print_info: EOG token             = 151662 '<|fim_pad|>'
print_info: EOG token             = 151663 '<|repo_name|>'
print_info: EOG token             = 151664 '<|file_sep|>'
print_info: max token length      = 256
load_tensors: loading model tensors, this can take a while... (mmap = true, direct_io = false)
load_tensors: offloading 0 repeating layers to GPU
load_tensors: offloaded 0/29 layers to GPU
load_tensors:   CPU_Mapped model buffer size =  1059.89 MiB
.........................................................................
common_init_result: added </s> logit bias = -inf
common_init_result: added <|endoftext|> logit bias = -inf
common_init_result: added <|im_end|> logit bias = -inf
common_init_result: added <|fim_pad|> logit bias = -inf
common_init_result: added <|repo_name|> logit bias = -inf
common_init_result: added <|file_sep|> logit bias = -inf
llama_context: constructing llama_context
llama_context: n_seq_max     = 1
llama_context: n_ctx         = 3072
llama_context: n_ctx_seq     = 3072
llama_context: n_batch       = 32
llama_context: n_ubatch      = 32
llama_context: causal_attn   = 1
llama_context: flash_attn    = auto
llama_context: kv_unified    = false
llama_context: freq_base     = 1000000.0
llama_context: freq_scale    = 1
llama_context: n_ctx_seq (3072) < n_ctx_train (32768) -- the full capacity of the model will not be utilized
llama_context:        CPU  output buffer size =     0.58 MiB
llama_kv_cache:        CPU KV buffer size =    84.00 MiB
llama_kv_cache: size =   84.00 MiB (  3072 cells,  28 layers,  1/1 seqs), K (f16):   42.00 MiB, V (f16):   42.00 MiB
llama_kv_cache: attn_rot_k = 0
llama_kv_cache: attn_rot_v = 0
sched_reserve: reserving ...
sched_reserve: Flash Attention was auto, set to enabled
sched_reserve: resolving fused Gated Delta Net support:
sched_reserve: fused Gated Delta Net (autoregressive) enabled
sched_reserve: fused Gated Delta Net (chunked) enabled
sched_reserve:    Vulkan0 compute buffer size =   213.35 MiB
sched_reserve: Vulkan_Host compute buffer size =     0.75 MiB
sched_reserve: graph nodes  = 959
sched_reserve: graph splits = 396 (with bs=32), 1 (with bs=1)
sched_reserve: reserve took 278.24 ms, sched copies = 1
common_init_from_params: warming up the model with an empty run - please wait ... (--no-warmup to disable)
srv    load_model: initializing slots, n_slots = 1
no implementations specified for speculative decoding
slot   load_model: id  0 | task -1 | speculative decoding context not initialized
slot   load_model: id  0 | task -1 | new slot, n_ctx = 3072
srv    load_model: prompt cache is enabled, size limit: 8192 MiB
srv    load_model: use `--cache-ram 0` to disable the prompt cache
srv    load_model: for more info see https://github.com/ggml-org/llama.cpp/pull/16391
init: chat template, example_format: '<|im_start|>system
You are a helpful assistant<|im_end|>
<|im_start|>user
Hello<|im_end|>
<|im_start|>assistant
Hi there<|im_end|>
<|im_start|>user
How are you?<|im_end|>
<|im_start|>assistant
'
srv          init: init: chat template, thinking = 0
main: model loaded
main: server is listening on http://127.0.0.1:8080
main: starting the main loop...
srv  update_slots: all slots are idle
load_backend: loaded RPC backend from D:\DATN\legal_ai_source\source_code\models\llama-b8644-bin-win-vulkan-x64\ggml-rpc.dll
load_backend: loaded Vulkan backend from D:\DATN\legal_ai_source\source_code\models\llama-b8644-bin-win-vulkan-x64\ggml-vulkan.dll
load_backend: loaded CPU backend from D:\DATN\legal_ai_source\source_code\models\llama-b8644-bin-win-vulkan-x64\ggml-cpu-icelake.dll
system info: n_threads = 4, n_threads_batch = 4, total_threads = 8

system_info: n_threads = 4 (n_threads_batch = 4) / 8 | CPU : SSE3 = 1 | SSSE3 = 1 | AVX = 1 | AVX2 = 1 | F16C = 1 | FMA = 1 | BMI2 = 1 | AVX512 = 1 | AVX512_VBMI = 1 | AVX512_VNNI = 1 | LLAMAFILE = 1 | OPENMP = 1 | REPACK = 1 | 

Running without SSL
init: using 7 threads for HTTP server
start: binding port with default address family
main: loading model
srv    load_model: loading model 'D:\DATN\legal_ai_source\source_code\models\qwen2.5-1.5b-instruct-q4_k_m.gguf'
common_init_result: fitting params to device memory, for bugs during this step try to reproduce them with -fit off, or provide --verbose logs if the bug only occurs with -fit on
llama_params_fit_impl: projected to use 213 MiB of device memory vs. 3525 MiB of free device memory
llama_params_fit_impl: will leave 3311 >= 1024 MiB of free device memory, no changes needed
llama_params_fit: successfully fit params to free device memory
llama_params_fit: fitting params to free memory took 0.52 seconds
llama_model_load_from_file_impl: using device Vulkan0 (Intel(R) Iris(R) Xe Graphics) (unknown id) - 3525 MiB free
llama_model_loader: loaded meta data with 26 key-value pairs and 339 tensors from D:\DATN\legal_ai_source\source_code\models\qwen2.5-1.5b-instruct-q4_k_m.gguf (version GGUF V3 (latest))
llama_model_loader: Dumping metadata keys/values. Note: KV overrides do not apply in this output.
llama_model_loader: - kv   0:                       general.architecture str              = qwen2
llama_model_loader: - kv   1:                               general.type str              = model
llama_model_loader: - kv   2:                               general.name str              = qwen2.5-1.5b-instruct
llama_model_loader: - kv   3:                            general.version str              = v0.1
llama_model_loader: - kv   4:                           general.finetune str              = qwen2.5-1.5b-instruct
llama_model_loader: - kv   5:                         general.size_label str              = 1.8B
llama_model_loader: - kv   6:                          qwen2.block_count u32              = 28
llama_model_loader: - kv   7:                       qwen2.context_length u32              = 32768
llama_model_loader: - kv   8:                     qwen2.embedding_length u32              = 1536
llama_model_loader: - kv   9:                  qwen2.feed_forward_length u32              = 8960
llama_model_loader: - kv  10:                 qwen2.attention.head_count u32              = 12
llama_model_loader: - kv  11:              qwen2.attention.head_count_kv u32              = 2
llama_model_loader: - kv  12:                       qwen2.rope.freq_base f32              = 1000000.000000
llama_model_loader: - kv  13:     qwen2.attention.layer_norm_rms_epsilon f32              = 0.000001
llama_model_loader: - kv  14:                          general.file_type u32              = 15
llama_model_loader: - kv  15:                       tokenizer.ggml.model str              = gpt2
llama_model_loader: - kv  16:                         tokenizer.ggml.pre str              = qwen2
llama_model_loader: - kv  17:                      tokenizer.ggml.tokens arr[str,151936]  = ["!", "\"", "#", "$", "%", "&", "'", ...
llama_model_loader: - kv  18:                  tokenizer.ggml.token_type arr[i32,151936]  = [1, 1, 1, 1, 1, 1, 1, 1, 1, 1, 1, 1, ...
llama_model_loader: - kv  19:                      tokenizer.ggml.merges arr[str,151387]  = ["Ġ Ġ", "ĠĠ ĠĠ", "i n", "Ġ t",...
llama_model_loader: - kv  20:                tokenizer.ggml.eos_token_id u32              = 151645
llama_model_loader: - kv  21:            tokenizer.ggml.padding_token_id u32              = 151643
llama_model_loader: - kv  22:                tokenizer.ggml.bos_token_id u32              = 151643
llama_model_loader: - kv  23:               tokenizer.ggml.add_bos_token bool             = false
llama_model_loader: - kv  24:                    tokenizer.chat_template str              = {%- if tools %}\n    {{- '<|im_start|>...
llama_model_loader: - kv  25:               general.quantization_version u32              = 2
llama_model_loader: - type  f32:  141 tensors
llama_model_loader: - type q4_K:  169 tensors
llama_model_loader: - type q6_K:   29 tensors
print_info: file format = GGUF V3 (latest)
print_info: file type   = Q4_K - Medium
print_info: file size   = 1.04 GiB (5.00 BPW) 
load: 0 unused tokens
load: control-looking token: 128247 '</s>' was not control-type; this is probably a bug in the model. its type will be overridden
load: printing all EOG tokens:
load:   - 128247 ('</s>')
load:   - 151643 ('<|endoftext|>')
load:   - 151645 ('<|im_end|>')
load:   - 151662 ('<|fim_pad|>')
load:   - 151663 ('<|repo_name|>')
load:   - 151664 ('<|file_sep|>')
load: special tokens cache size = 23
load: token to piece cache size = 0.9310 MB
print_info: arch                  = qwen2
print_info: vocab_only            = 0
print_info: no_alloc              = 0
print_info: n_ctx_train           = 32768
print_info: n_embd                = 1536
print_info: n_embd_inp            = 1536
print_info: n_layer               = 28
print_info: n_head                = 12
print_info: n_head_kv             = 2
print_info: n_rot                 = 128
print_info: n_swa                 = 0
print_info: is_swa_any            = 0
print_info: n_embd_head_k         = 128
print_info: n_embd_head_v         = 128
print_info: n_gqa                 = 6
print_info: n_embd_k_gqa          = 256
print_info: n_embd_v_gqa          = 256
print_info: f_norm_eps            = 0.0e+00
print_info: f_norm_rms_eps        = 1.0e-06
print_info: f_clamp_kqv           = 0.0e+00
print_info: f_max_alibi_bias      = 0.0e+00
print_info: f_logit_scale         = 0.0e+00
print_info: f_attn_scale          = 0.0e+00
print_info: n_ff                  = 8960
print_info: n_expert              = 0
print_info: n_expert_used         = 0
print_info: n_expert_groups       = 0
print_info: n_group_used          = 0
print_info: causal attn           = 1
print_info: pooling type          = -1
print_info: rope type             = 2
print_info: rope scaling          = linear
print_info: freq_base_train       = 1000000.0
print_info: freq_scale_train      = 1
print_info: n_ctx_orig_yarn       = 32768
print_info: rope_yarn_log_mul     = 0.0000
print_info: rope_finetuned        = unknown
print_info: model type            = 1.5B
print_info: model params          = 1.78 B
print_info: general.name          = qwen2.5-1.5b-instruct
print_info: vocab type            = BPE
print_info: n_vocab               = 151936
print_info: n_merges              = 151387
print_info: BOS token             = 151643 '<|endoftext|>'
print_info: EOS token             = 151645 '<|im_end|>'
print_info: EOT token             = 151645 '<|im_end|>'
print_info: PAD token             = 151643 '<|endoftext|>'
print_info: LF token              = 198 'Ċ'
print_info: FIM PRE token         = 151659 '<|fim_prefix|>'
print_info: FIM SUF token         = 151661 '<|fim_suffix|>'
print_info: FIM MID token         = 151660 '<|fim_middle|>'
print_info: FIM PAD token         = 151662 '<|fim_pad|>'
print_info: FIM REP token         = 151663 '<|repo_name|>'
print_info: FIM SEP token         = 151664 '<|file_sep|>'
print_info: EOG token             = 128247 '</s>'
print_info: EOG token             = 151643 '<|endoftext|>'
print_info: EOG token             = 151645 '<|im_end|>'
print_info: EOG token             = 151662 '<|fim_pad|>'
print_info: EOG token             = 151663 '<|repo_name|>'
print_info: EOG token             = 151664 '<|file_sep|>'
print_info: max token length      = 256
load_tensors: loading model tensors, this can take a while... (mmap = true, direct_io = false)
load_tensors: offloading 0 repeating layers to GPU
load_tensors: offloaded 0/29 layers to GPU
load_tensors:   CPU_Mapped model buffer size =  1059.89 MiB
.........................................................................
common_init_result: added </s> logit bias = -inf
common_init_result: added <|endoftext|> logit bias = -inf
common_init_result: added <|im_end|> logit bias = -inf
common_init_result: added <|fim_pad|> logit bias = -inf
common_init_result: added <|repo_name|> logit bias = -inf
common_init_result: added <|file_sep|> logit bias = -inf
llama_context: constructing llama_context
llama_context: n_seq_max     = 1
llama_context: n_ctx         = 3072
llama_context: n_ctx_seq     = 3072
llama_context: n_batch       = 32
llama_context: n_ubatch      = 32
llama_context: causal_attn   = 1
llama_context: flash_attn    = auto
llama_context: kv_unified    = false
llama_context: freq_base     = 1000000.0
llama_context: freq_scale    = 1
llama_context: n_ctx_seq (3072) < n_ctx_train (32768) -- the full capacity of the model will not be utilized
llama_context:        CPU  output buffer size =     0.58 MiB
llama_kv_cache:        CPU KV buffer size =    84.00 MiB
llama_kv_cache: size =   84.00 MiB (  3072 cells,  28 layers,  1/1 seqs), K (f16):   42.00 MiB, V (f16):   42.00 MiB
llama_kv_cache: attn_rot_k = 0
llama_kv_cache: attn_rot_v = 0
sched_reserve: reserving ...
sched_reserve: Flash Attention was auto, set to enabled
sched_reserve: resolving fused Gated Delta Net support:
sched_reserve: fused Gated Delta Net (autoregressive) enabled
sched_reserve: fused Gated Delta Net (chunked) enabled
sched_reserve:    Vulkan0 compute buffer size =   213.35 MiB
sched_reserve: Vulkan_Host compute buffer size =     0.75 MiB
sched_reserve: graph nodes  = 959
sched_reserve: graph splits = 396 (with bs=32), 1 (with bs=1)
sched_reserve: reserve took 345.07 ms, sched copies = 1
common_init_from_params: warming up the model with an empty run - please wait ... (--no-warmup to disable)
srv    load_model: initializing slots, n_slots = 1
no implementations specified for speculative decoding
slot   load_model: id  0 | task -1 | speculative decoding context not initialized
slot   load_model: id  0 | task -1 | new slot, n_ctx = 3072
srv    load_model: prompt cache is enabled, size limit: 8192 MiB
srv    load_model: use `--cache-ram 0` to disable the prompt cache
srv    load_model: for more info see https://github.com/ggml-org/llama.cpp/pull/16391
init: chat template, example_format: '<|im_start|>system
You are a helpful assistant<|im_end|>
<|im_start|>user
Hello<|im_end|>
<|im_start|>assistant
Hi there<|im_end|>
<|im_start|>user
How are you?<|im_end|>
<|im_start|>assistant
'
srv          init: init: chat template, thinking = 0
main: model loaded
main: server is listening on http://127.0.0.1:8080
main: starting the main loop...
srv  update_slots: all slots are idle
load_backend: loaded RPC backend from D:\DATN\legal_ai_source\source_code\models\llama-b8644-bin-win-vulkan-x64\ggml-rpc.dll
load_backend: loaded Vulkan backend from D:\DATN\legal_ai_source\source_code\models\llama-b8644-bin-win-vulkan-x64\ggml-vulkan.dll
load_backend: loaded CPU backend from D:\DATN\legal_ai_source\source_code\models\llama-b8644-bin-win-vulkan-x64\ggml-cpu-icelake.dll
system info: n_threads = 4, n_threads_batch = 4, total_threads = 8

system_info: n_threads = 4 (n_threads_batch = 4) / 8 | CPU : SSE3 = 1 | SSSE3 = 1 | AVX = 1 | AVX2 = 1 | F16C = 1 | FMA = 1 | BMI2 = 1 | AVX512 = 1 | AVX512_VBMI = 1 | AVX512_VNNI = 1 | LLAMAFILE = 1 | OPENMP = 1 | REPACK = 1 | 

Running without SSL
init: using 7 threads for HTTP server
start: binding port with default address family
main: loading model
srv    load_model: loading model 'D:\DATN\legal_ai_source\source_code\models\qwen2.5-1.5b-instruct-q4_k_m.gguf'
common_init_result: fitting params to device memory, for bugs during this step try to reproduce them with -fit off, or provide --verbose logs if the bug only occurs with -fit on
llama_params_fit_impl: projected to use 213 MiB of device memory vs. 3525 MiB of free device memory
llama_params_fit_impl: will leave 3311 >= 1024 MiB of free device memory, no changes needed
llama_params_fit: successfully fit params to free device memory
llama_params_fit: fitting params to free memory took 0.71 seconds
llama_model_load_from_file_impl: using device Vulkan0 (Intel(R) Iris(R) Xe Graphics) (unknown id) - 3525 MiB free
llama_model_loader: loaded meta data with 26 key-value pairs and 339 tensors from D:\DATN\legal_ai_source\source_code\models\qwen2.5-1.5b-instruct-q4_k_m.gguf (version GGUF V3 (latest))
llama_model_loader: Dumping metadata keys/values. Note: KV overrides do not apply in this output.
llama_model_loader: - kv   0:                       general.architecture str              = qwen2
llama_model_loader: - kv   1:                               general.type str              = model
llama_model_loader: - kv   2:                               general.name str              = qwen2.5-1.5b-instruct
llama_model_loader: - kv   3:                            general.version str              = v0.1
llama_model_loader: - kv   4:                           general.finetune str              = qwen2.5-1.5b-instruct
llama_model_loader: - kv   5:                         general.size_label str              = 1.8B
llama_model_loader: - kv   6:                          qwen2.block_count u32              = 28
llama_model_loader: - kv   7:                       qwen2.context_length u32              = 32768
llama_model_loader: - kv   8:                     qwen2.embedding_length u32              = 1536
llama_model_loader: - kv   9:                  qwen2.feed_forward_length u32              = 8960
llama_model_loader: - kv  10:                 qwen2.attention.head_count u32              = 12
llama_model_loader: - kv  11:              qwen2.attention.head_count_kv u32              = 2
llama_model_loader: - kv  12:                       qwen2.rope.freq_base f32              = 1000000.000000
llama_model_loader: - kv  13:     qwen2.attention.layer_norm_rms_epsilon f32              = 0.000001
llama_model_loader: - kv  14:                          general.file_type u32              = 15
llama_model_loader: - kv  15:                       tokenizer.ggml.model str              = gpt2
llama_model_loader: - kv  16:                         tokenizer.ggml.pre str              = qwen2
llama_model_loader: - kv  17:                      tokenizer.ggml.tokens arr[str,151936]  = ["!", "\"", "#", "$", "%", "&", "'", ...
llama_model_loader: - kv  18:                  tokenizer.ggml.token_type arr[i32,151936]  = [1, 1, 1, 1, 1, 1, 1, 1, 1, 1, 1, 1, ...
llama_model_loader: - kv  19:                      tokenizer.ggml.merges arr[str,151387]  = ["Ġ Ġ", "ĠĠ ĠĠ", "i n", "Ġ t",...
llama_model_loader: - kv  20:                tokenizer.ggml.eos_token_id u32              = 151645
llama_model_loader: - kv  21:            tokenizer.ggml.padding_token_id u32              = 151643
llama_model_loader: - kv  22:                tokenizer.ggml.bos_token_id u32              = 151643
llama_model_loader: - kv  23:               tokenizer.ggml.add_bos_token bool             = false
llama_model_loader: - kv  24:                    tokenizer.chat_template str              = {%- if tools %}\n    {{- '<|im_start|>...
llama_model_loader: - kv  25:               general.quantization_version u32              = 2
llama_model_loader: - type  f32:  141 tensors
llama_model_loader: - type q4_K:  169 tensors
llama_model_loader: - type q6_K:   29 tensors
print_info: file format = GGUF V3 (latest)
print_info: file type   = Q4_K - Medium
print_info: file size   = 1.04 GiB (5.00 BPW) 
load: 0 unused tokens
load: control-looking token: 128247 '</s>' was not control-type; this is probably a bug in the model. its type will be overridden
load: printing all EOG tokens:
load:   - 128247 ('</s>')
load:   - 151643 ('<|endoftext|>')
load:   - 151645 ('<|im_end|>')
load:   - 151662 ('<|fim_pad|>')
load:   - 151663 ('<|repo_name|>')
load:   - 151664 ('<|file_sep|>')
load: special tokens cache size = 23
load: token to piece cache size = 0.9310 MB
print_info: arch                  = qwen2
print_info: vocab_only            = 0
print_info: no_alloc              = 0
print_info: n_ctx_train           = 32768
print_info: n_embd                = 1536
print_info: n_embd_inp            = 1536
print_info: n_layer               = 28
print_info: n_head                = 12
print_info: n_head_kv             = 2
print_info: n_rot                 = 128
print_info: n_swa                 = 0
print_info: is_swa_any            = 0
print_info: n_embd_head_k         = 128
print_info: n_embd_head_v         = 128
print_info: n_gqa                 = 6
print_info: n_embd_k_gqa          = 256
print_info: n_embd_v_gqa          = 256
print_info: f_norm_eps            = 0.0e+00
print_info: f_norm_rms_eps        = 1.0e-06
print_info: f_clamp_kqv           = 0.0e+00
print_info: f_max_alibi_bias      = 0.0e+00
print_info: f_logit_scale         = 0.0e+00
print_info: f_attn_scale          = 0.0e+00
print_info: n_ff                  = 8960
print_info: n_expert              = 0
print_info: n_expert_used         = 0
print_info: n_expert_groups       = 0
print_info: n_group_used          = 0
print_info: causal attn           = 1
print_info: pooling type          = -1
print_info: rope type             = 2
print_info: rope scaling          = linear
print_info: freq_base_train       = 1000000.0
print_info: freq_scale_train      = 1
print_info: n_ctx_orig_yarn       = 32768
print_info: rope_yarn_log_mul     = 0.0000
print_info: rope_finetuned        = unknown
print_info: model type            = 1.5B
print_info: model params          = 1.78 B
print_info: general.name          = qwen2.5-1.5b-instruct
print_info: vocab type            = BPE
print_info: n_vocab               = 151936
print_info: n_merges              = 151387
print_info: BOS token             = 151643 '<|endoftext|>'
print_info: EOS token             = 151645 '<|im_end|>'
print_info: EOT token             = 151645 '<|im_end|>'
print_info: PAD token             = 151643 '<|endoftext|>'
print_info: LF token              = 198 'Ċ'
print_info: FIM PRE token         = 151659 '<|fim_prefix|>'
print_info: FIM SUF token         = 151661 '<|fim_suffix|>'
print_info: FIM MID token         = 151660 '<|fim_middle|>'
print_info: FIM PAD token         = 151662 '<|fim_pad|>'
print_info: FIM REP token         = 151663 '<|repo_name|>'
print_info: FIM SEP token         = 151664 '<|file_sep|>'
print_info: EOG token             = 128247 '</s>'
print_info: EOG token             = 151643 '<|endoftext|>'
print_info: EOG token             = 151645 '<|im_end|>'
print_info: EOG token             = 151662 '<|fim_pad|>'
print_info: EOG token             = 151663 '<|repo_name|>'
print_info: EOG token             = 151664 '<|file_sep|>'
print_info: max token length      = 256
load_tensors: loading model tensors, this can take a while... (mmap = true, direct_io = false)
load_tensors: offloading 0 repeating layers to GPU
load_tensors: offloaded 0/29 layers to GPU
load_tensors:   CPU_Mapped model buffer size =  1059.89 MiB
.........................................................................
common_init_result: added </s> logit bias = -inf
common_init_result: added <|endoftext|> logit bias = -inf
common_init_result: added <|im_end|> logit bias = -inf
common_init_result: added <|fim_pad|> logit bias = -inf
common_init_result: added <|repo_name|> logit bias = -inf
common_init_result: added <|file_sep|> logit bias = -inf
llama_context: constructing llama_context
llama_context: n_seq_max     = 1
llama_context: n_ctx         = 3072
llama_context: n_ctx_seq     = 3072
llama_context: n_batch       = 32
llama_context: n_ubatch      = 32
llama_context: causal_attn   = 1
llama_context: flash_attn    = auto
llama_context: kv_unified    = false
llama_context: freq_base     = 1000000.0
llama_context: freq_scale    = 1
llama_context: n_ctx_seq (3072) < n_ctx_train (32768) -- the full capacity of the model will not be utilized
llama_context:        CPU  output buffer size =     0.58 MiB
llama_kv_cache:        CPU KV buffer size =    84.00 MiB
llama_kv_cache: size =   84.00 MiB (  3072 cells,  28 layers,  1/1 seqs), K (f16):   42.00 MiB, V (f16):   42.00 MiB
llama_kv_cache: attn_rot_k = 0
llama_kv_cache: attn_rot_v = 0
sched_reserve: reserving ...
sched_reserve: Flash Attention was auto, set to enabled
sched_reserve: resolving fused Gated Delta Net support:
sched_reserve: fused Gated Delta Net (autoregressive) enabled
sched_reserve: fused Gated Delta Net (chunked) enabled
sched_reserve:    Vulkan0 compute buffer size =   213.35 MiB
sched_reserve: Vulkan_Host compute buffer size =     0.75 MiB
sched_reserve: graph nodes  = 959
sched_reserve: graph splits = 396 (with bs=32), 1 (with bs=1)
sched_reserve: reserve took 308.90 ms, sched copies = 1
common_init_from_params: warming up the model with an empty run - please wait ... (--no-warmup to disable)
srv    load_model: initializing slots, n_slots = 1
no implementations specified for speculative decoding
slot   load_model: id  0 | task -1 | speculative decoding context not initialized
slot   load_model: id  0 | task -1 | new slot, n_ctx = 3072
srv    load_model: prompt cache is enabled, size limit: 8192 MiB
srv    load_model: use `--cache-ram 0` to disable the prompt cache
srv    load_model: for more info see https://github.com/ggml-org/llama.cpp/pull/16391
init: chat template, example_format: '<|im_start|>system
You are a helpful assistant<|im_end|>
<|im_start|>user
Hello<|im_end|>
<|im_start|>assistant
Hi there<|im_end|>
<|im_start|>user
How are you?<|im_end|>
<|im_start|>assistant
'
srv          init: init: chat template, thinking = 0
main: model loaded
main: server is listening on http://127.0.0.1:8080
main: starting the main loop...
srv  update_slots: all slots are idle
load_backend: loaded RPC backend from D:\DATN\legal_ai_source\source_code\models\llama-b8644-bin-win-vulkan-x64\ggml-rpc.dll
load_backend: loaded Vulkan backend from D:\DATN\legal_ai_source\source_code\models\llama-b8644-bin-win-vulkan-x64\ggml-vulkan.dll
load_backend: loaded CPU backend from D:\DATN\legal_ai_source\source_code\models\llama-b8644-bin-win-vulkan-x64\ggml-cpu-icelake.dll
system info: n_threads = 4, n_threads_batch = 4, total_threads = 8

system_info: n_threads = 4 (n_threads_batch = 4) / 8 | CPU : SSE3 = 1 | SSSE3 = 1 | AVX = 1 | AVX2 = 1 | F16C = 1 | FMA = 1 | BMI2 = 1 | AVX512 = 1 | AVX512_VBMI = 1 | AVX512_VNNI = 1 | LLAMAFILE = 1 | OPENMP = 1 | REPACK = 1 | 

Running without SSL
init: using 7 threads for HTTP server
start: binding port with default address family
main: loading model
srv    load_model: loading model 'D:\DATN\legal_ai_source\source_code\models\qwen2.5-1.5b-instruct-q4_k_m.gguf'
common_init_result: fitting params to device memory, for bugs during this step try to reproduce them with -fit off, or provide --verbose logs if the bug only occurs with -fit on
llama_params_fit_impl: projected to use 213 MiB of device memory vs. 3525 MiB of free device memory
llama_params_fit_impl: will leave 3311 >= 1024 MiB of free device memory, no changes needed
llama_params_fit: successfully fit params to free device memory
llama_params_fit: fitting params to free memory took 0.36 seconds
llama_model_load_from_file_impl: using device Vulkan0 (Intel(R) Iris(R) Xe Graphics) (unknown id) - 3525 MiB free
llama_model_loader: loaded meta data with 26 key-value pairs and 339 tensors from D:\DATN\legal_ai_source\source_code\models\qwen2.5-1.5b-instruct-q4_k_m.gguf (version GGUF V3 (latest))
llama_model_loader: Dumping metadata keys/values. Note: KV overrides do not apply in this output.
llama_model_loader: - kv   0:                       general.architecture str              = qwen2
llama_model_loader: - kv   1:                               general.type str              = model
llama_model_loader: - kv   2:                               general.name str              = qwen2.5-1.5b-instruct
llama_model_loader: - kv   3:                            general.version str              = v0.1
llama_model_loader: - kv   4:                           general.finetune str              = qwen2.5-1.5b-instruct
llama_model_loader: - kv   5:                         general.size_label str              = 1.8B
llama_model_loader: - kv   6:                          qwen2.block_count u32              = 28
llama_model_loader: - kv   7:                       qwen2.context_length u32              = 32768
llama_model_loader: - kv   8:                     qwen2.embedding_length u32              = 1536
llama_model_loader: - kv   9:                  qwen2.feed_forward_length u32              = 8960
llama_model_loader: - kv  10:                 qwen2.attention.head_count u32              = 12
llama_model_loader: - kv  11:              qwen2.attention.head_count_kv u32              = 2
llama_model_loader: - kv  12:                       qwen2.rope.freq_base f32              = 1000000.000000
llama_model_loader: - kv  13:     qwen2.attention.layer_norm_rms_epsilon f32              = 0.000001
llama_model_loader: - kv  14:                          general.file_type u32              = 15
llama_model_loader: - kv  15:                       tokenizer.ggml.model str              = gpt2
llama_model_loader: - kv  16:                         tokenizer.ggml.pre str              = qwen2
llama_model_loader: - kv  17:                      tokenizer.ggml.tokens arr[str,151936]  = ["!", "\"", "#", "$", "%", "&", "'", ...
llama_model_loader: - kv  18:                  tokenizer.ggml.token_type arr[i32,151936]  = [1, 1, 1, 1, 1, 1, 1, 1, 1, 1, 1, 1, ...
llama_model_loader: - kv  19:                      tokenizer.ggml.merges arr[str,151387]  = ["Ġ Ġ", "ĠĠ ĠĠ", "i n", "Ġ t",...
llama_model_loader: - kv  20:                tokenizer.ggml.eos_token_id u32              = 151645
llama_model_loader: - kv  21:            tokenizer.ggml.padding_token_id u32              = 151643
llama_model_loader: - kv  22:                tokenizer.ggml.bos_token_id u32              = 151643
llama_model_loader: - kv  23:               tokenizer.ggml.add_bos_token bool             = false
llama_model_loader: - kv  24:                    tokenizer.chat_template str              = {%- if tools %}\n    {{- '<|im_start|>...
llama_model_loader: - kv  25:               general.quantization_version u32              = 2
llama_model_loader: - type  f32:  141 tensors
llama_model_loader: - type q4_K:  169 tensors
llama_model_loader: - type q6_K:   29 tensors
print_info: file format = GGUF V3 (latest)
print_info: file type   = Q4_K - Medium
print_info: file size   = 1.04 GiB (5.00 BPW) 
load: 0 unused tokens
load: control-looking token: 128247 '</s>' was not control-type; this is probably a bug in the model. its type will be overridden
load: printing all EOG tokens:
load:   - 128247 ('</s>')
load:   - 151643 ('<|endoftext|>')
load:   - 151645 ('<|im_end|>')
load:   - 151662 ('<|fim_pad|>')
load:   - 151663 ('<|repo_name|>')
load:   - 151664 ('<|file_sep|>')
load: special tokens cache size = 23
load: token to piece cache size = 0.9310 MB
print_info: arch                  = qwen2
print_info: vocab_only            = 0
print_info: no_alloc              = 0
print_info: n_ctx_train           = 32768
print_info: n_embd                = 1536
print_info: n_embd_inp            = 1536
print_info: n_layer               = 28
print_info: n_head                = 12
print_info: n_head_kv             = 2
print_info: n_rot                 = 128
print_info: n_swa                 = 0
print_info: is_swa_any            = 0
print_info: n_embd_head_k         = 128
print_info: n_embd_head_v         = 128
print_info: n_gqa                 = 6
print_info: n_embd_k_gqa          = 256
print_info: n_embd_v_gqa          = 256
print_info: f_norm_eps            = 0.0e+00
print_info: f_norm_rms_eps        = 1.0e-06
print_info: f_clamp_kqv           = 0.0e+00
print_info: f_max_alibi_bias      = 0.0e+00
print_info: f_logit_scale         = 0.0e+00
print_info: f_attn_scale          = 0.0e+00
print_info: n_ff                  = 8960
print_info: n_expert              = 0
print_info: n_expert_used         = 0
print_info: n_expert_groups       = 0
print_info: n_group_used          = 0
print_info: causal attn           = 1
print_info: pooling type          = -1
print_info: rope type             = 2
print_info: rope scaling          = linear
print_info: freq_base_train       = 1000000.0
print_info: freq_scale_train      = 1
print_info: n_ctx_orig_yarn       = 32768
print_info: rope_yarn_log_mul     = 0.0000
print_info: rope_finetuned        = unknown
print_info: model type            = 1.5B
print_info: model params          = 1.78 B
print_info: general.name          = qwen2.5-1.5b-instruct
print_info: vocab type            = BPE
print_info: n_vocab               = 151936
print_info: n_merges              = 151387
print_info: BOS token             = 151643 '<|endoftext|>'
print_info: EOS token             = 151645 '<|im_end|>'
print_info: EOT token             = 151645 '<|im_end|>'
print_info: PAD token             = 151643 '<|endoftext|>'
print_info: LF token              = 198 'Ċ'
print_info: FIM PRE token         = 151659 '<|fim_prefix|>'
print_info: FIM SUF token         = 151661 '<|fim_suffix|>'
print_info: FIM MID token         = 151660 '<|fim_middle|>'
print_info: FIM PAD token         = 151662 '<|fim_pad|>'
print_info: FIM REP token         = 151663 '<|repo_name|>'
print_info: FIM SEP token         = 151664 '<|file_sep|>'
print_info: EOG token             = 128247 '</s>'
print_info: EOG token             = 151643 '<|endoftext|>'
print_info: EOG token             = 151645 '<|im_end|>'
print_info: EOG token             = 151662 '<|fim_pad|>'
print_info: EOG token             = 151663 '<|repo_name|>'
print_info: EOG token             = 151664 '<|file_sep|>'
print_info: max token length      = 256
load_tensors: loading model tensors, this can take a while... (mmap = true, direct_io = false)
load_tensors: offloading 0 repeating layers to GPU
load_tensors: offloaded 0/29 layers to GPU
load_tensors:   CPU_Mapped model buffer size =  1059.89 MiB
.........................................................................
common_init_result: added </s> logit bias = -inf
common_init_result: added <|endoftext|> logit bias = -inf
common_init_result: added <|im_end|> logit bias = -inf
common_init_result: added <|fim_pad|> logit bias = -inf
common_init_result: added <|repo_name|> logit bias = -inf
common_init_result: added <|file_sep|> logit bias = -inf
llama_context: constructing llama_context
llama_context: n_seq_max     = 1
llama_context: n_ctx         = 3072
llama_context: n_ctx_seq     = 3072
llama_context: n_batch       = 32
llama_context: n_ubatch      = 32
llama_context: causal_attn   = 1
llama_context: flash_attn    = auto
llama_context: kv_unified    = false
llama_context: freq_base     = 1000000.0
llama_context: freq_scale    = 1
llama_context: n_ctx_seq (3072) < n_ctx_train (32768) -- the full capacity of the model will not be utilized
llama_context:        CPU  output buffer size =     0.58 MiB
llama_kv_cache:        CPU KV buffer size =    84.00 MiB
llama_kv_cache: size =   84.00 MiB (  3072 cells,  28 layers,  1/1 seqs), K (f16):   42.00 MiB, V (f16):   42.00 MiB
llama_kv_cache: attn_rot_k = 0
llama_kv_cache: attn_rot_v = 0
sched_reserve: reserving ...
sched_reserve: Flash Attention was auto, set to enabled
sched_reserve: resolving fused Gated Delta Net support:
sched_reserve: fused Gated Delta Net (autoregressive) enabled
sched_reserve: fused Gated Delta Net (chunked) enabled
sched_reserve:    Vulkan0 compute buffer size =   213.35 MiB
sched_reserve: Vulkan_Host compute buffer size =     0.75 MiB
sched_reserve: graph nodes  = 959
sched_reserve: graph splits = 396 (with bs=32), 1 (with bs=1)
sched_reserve: reserve took 193.59 ms, sched copies = 1
common_init_from_params: warming up the model with an empty run - please wait ... (--no-warmup to disable)
srv    load_model: initializing slots, n_slots = 1
no implementations specified for speculative decoding
slot   load_model: id  0 | task -1 | speculative decoding context not initialized
slot   load_model: id  0 | task -1 | new slot, n_ctx = 3072
srv    load_model: prompt cache is enabled, size limit: 8192 MiB
srv    load_model: use `--cache-ram 0` to disable the prompt cache
srv    load_model: for more info see https://github.com/ggml-org/llama.cpp/pull/16391
init: chat template, example_format: '<|im_start|>system
You are a helpful assistant<|im_end|>
<|im_start|>user
Hello<|im_end|>
<|im_start|>assistant
Hi there<|im_end|>
<|im_start|>user
How are you?<|im_end|>
<|im_start|>assistant
'
srv          init: init: chat template, thinking = 0
main: model loaded
main: server is listening on http://127.0.0.1:8080
main: starting the main loop...
srv  update_slots: all slots are idle
load_backend: loaded RPC backend from D:\DATN\legal_ai_source\source_code\models\llama-b8644-bin-win-vulkan-x64\ggml-rpc.dll
load_backend: loaded Vulkan backend from D:\DATN\legal_ai_source\source_code\models\llama-b8644-bin-win-vulkan-x64\ggml-vulkan.dll
load_backend: loaded CPU backend from D:\DATN\legal_ai_source\source_code\models\llama-b8644-bin-win-vulkan-x64\ggml-cpu-icelake.dll
system info: n_threads = 4, n_threads_batch = 4, total_threads = 8

system_info: n_threads = 4 (n_threads_batch = 4) / 8 | CPU : SSE3 = 1 | SSSE3 = 1 | AVX = 1 | AVX2 = 1 | F16C = 1 | FMA = 1 | BMI2 = 1 | AVX512 = 1 | AVX512_VBMI = 1 | AVX512_VNNI = 1 | LLAMAFILE = 1 | OPENMP = 1 | REPACK = 1 | 

Running without SSL
init: using 7 threads for HTTP server
start: binding port with default address family
main: loading model
srv    load_model: loading model 'D:\DATN\legal_ai_source\source_code\models\qwen2.5-1.5b-instruct-q4_k_m.gguf'
common_init_result: fitting params to device memory, for bugs during this step try to reproduce them with -fit off, or provide --verbose logs if the bug only occurs with -fit on
llama_params_fit_impl: projected to use 213 MiB of device memory vs. 3525 MiB of free device memory
llama_params_fit_impl: will leave 3311 >= 1024 MiB of free device memory, no changes needed
llama_params_fit: successfully fit params to free device memory
llama_params_fit: fitting params to free memory took 0.34 seconds
llama_model_load_from_file_impl: using device Vulkan0 (Intel(R) Iris(R) Xe Graphics) (unknown id) - 3525 MiB free
llama_model_loader: loaded meta data with 26 key-value pairs and 339 tensors from D:\DATN\legal_ai_source\source_code\models\qwen2.5-1.5b-instruct-q4_k_m.gguf (version GGUF V3 (latest))
llama_model_loader: Dumping metadata keys/values. Note: KV overrides do not apply in this output.
llama_model_loader: - kv   0:                       general.architecture str              = qwen2
llama_model_loader: - kv   1:                               general.type str              = model
llama_model_loader: - kv   2:                               general.name str              = qwen2.5-1.5b-instruct
llama_model_loader: - kv   3:                            general.version str              = v0.1
llama_model_loader: - kv   4:                           general.finetune str              = qwen2.5-1.5b-instruct
llama_model_loader: - kv   5:                         general.size_label str              = 1.8B
llama_model_loader: - kv   6:                          qwen2.block_count u32              = 28
llama_model_loader: - kv   7:                       qwen2.context_length u32              = 32768
llama_model_loader: - kv   8:                     qwen2.embedding_length u32              = 1536
llama_model_loader: - kv   9:                  qwen2.feed_forward_length u32              = 8960
llama_model_loader: - kv  10:                 qwen2.attention.head_count u32              = 12
llama_model_loader: - kv  11:              qwen2.attention.head_count_kv u32              = 2
llama_model_loader: - kv  12:                       qwen2.rope.freq_base f32              = 1000000.000000
llama_model_loader: - kv  13:     qwen2.attention.layer_norm_rms_epsilon f32              = 0.000001
llama_model_loader: - kv  14:                          general.file_type u32              = 15
llama_model_loader: - kv  15:                       tokenizer.ggml.model str              = gpt2
llama_model_loader: - kv  16:                         tokenizer.ggml.pre str              = qwen2
llama_model_loader: - kv  17:                      tokenizer.ggml.tokens arr[str,151936]  = ["!", "\"", "#", "$", "%", "&", "'", ...
llama_model_loader: - kv  18:                  tokenizer.ggml.token_type arr[i32,151936]  = [1, 1, 1, 1, 1, 1, 1, 1, 1, 1, 1, 1, ...
llama_model_loader: - kv  19:                      tokenizer.ggml.merges arr[str,151387]  = ["Ġ Ġ", "ĠĠ ĠĠ", "i n", "Ġ t",...
llama_model_loader: - kv  20:                tokenizer.ggml.eos_token_id u32              = 151645
llama_model_loader: - kv  21:            tokenizer.ggml.padding_token_id u32              = 151643
llama_model_loader: - kv  22:                tokenizer.ggml.bos_token_id u32              = 151643
llama_model_loader: - kv  23:               tokenizer.ggml.add_bos_token bool             = false
llama_model_loader: - kv  24:                    tokenizer.chat_template str              = {%- if tools %}\n    {{- '<|im_start|>...
llama_model_loader: - kv  25:               general.quantization_version u32              = 2
llama_model_loader: - type  f32:  141 tensors
llama_model_loader: - type q4_K:  169 tensors
llama_model_loader: - type q6_K:   29 tensors
print_info: file format = GGUF V3 (latest)
print_info: file type   = Q4_K - Medium
print_info: file size   = 1.04 GiB (5.00 BPW) 
load: 0 unused tokens
load: control-looking token: 128247 '</s>' was not control-type; this is probably a bug in the model. its type will be overridden
load: printing all EOG tokens:
load:   - 128247 ('</s>')
load:   - 151643 ('<|endoftext|>')
load:   - 151645 ('<|im_end|>')
load:   - 151662 ('<|fim_pad|>')
load:   - 151663 ('<|repo_name|>')
load:   - 151664 ('<|file_sep|>')
load: special tokens cache size = 23
load: token to piece cache size = 0.9310 MB
print_info: arch                  = qwen2
print_info: vocab_only            = 0
print_info: no_alloc              = 0
print_info: n_ctx_train           = 32768
print_info: n_embd                = 1536
print_info: n_embd_inp            = 1536
print_info: n_layer               = 28
print_info: n_head                = 12
print_info: n_head_kv             = 2
print_info: n_rot                 = 128
print_info: n_swa                 = 0
print_info: is_swa_any            = 0
print_info: n_embd_head_k         = 128
print_info: n_embd_head_v         = 128
print_info: n_gqa                 = 6
print_info: n_embd_k_gqa          = 256
print_info: n_embd_v_gqa          = 256
print_info: f_norm_eps            = 0.0e+00
print_info: f_norm_rms_eps        = 1.0e-06
print_info: f_clamp_kqv           = 0.0e+00
print_info: f_max_alibi_bias      = 0.0e+00
print_info: f_logit_scale         = 0.0e+00
print_info: f_attn_scale          = 0.0e+00
print_info: n_ff                  = 8960
print_info: n_expert              = 0
print_info: n_expert_used         = 0
print_info: n_expert_groups       = 0
print_info: n_group_used          = 0
print_info: causal attn           = 1
print_info: pooling type          = -1
print_info: rope type             = 2
print_info: rope scaling          = linear
print_info: freq_base_train       = 1000000.0
print_info: freq_scale_train      = 1
print_info: n_ctx_orig_yarn       = 32768
print_info: rope_yarn_log_mul     = 0.0000
print_info: rope_finetuned        = unknown
print_info: model type            = 1.5B
print_info: model params          = 1.78 B
print_info: general.name          = qwen2.5-1.5b-instruct
print_info: vocab type            = BPE
print_info: n_vocab               = 151936
print_info: n_merges              = 151387
print_info: BOS token             = 151643 '<|endoftext|>'
print_info: EOS token             = 151645 '<|im_end|>'
print_info: EOT token             = 151645 '<|im_end|>'
print_info: PAD token             = 151643 '<|endoftext|>'
print_info: LF token              = 198 'Ċ'
print_info: FIM PRE token         = 151659 '<|fim_prefix|>'
print_info: FIM SUF token         = 151661 '<|fim_suffix|>'
print_info: FIM MID token         = 151660 '<|fim_middle|>'
print_info: FIM PAD token         = 151662 '<|fim_pad|>'
print_info: FIM REP token         = 151663 '<|repo_name|>'
print_info: FIM SEP token         = 151664 '<|file_sep|>'
print_info: EOG token             = 128247 '</s>'
print_info: EOG token             = 151643 '<|endoftext|>'
print_info: EOG token             = 151645 '<|im_end|>'
print_info: EOG token             = 151662 '<|fim_pad|>'
print_info: EOG token             = 151663 '<|repo_name|>'
print_info: EOG token             = 151664 '<|file_sep|>'
print_info: max token length      = 256
load_tensors: loading model tensors, this can take a while... (mmap = true, direct_io = false)
load_tensors: offloading 0 repeating layers to GPU
load_tensors: offloaded 0/29 layers to GPU
load_tensors:   CPU_Mapped model buffer size =  1059.89 MiB
.........................................................................
common_init_result: added </s> logit bias = -inf
common_init_result: added <|endoftext|> logit bias = -inf
common_init_result: added <|im_end|> logit bias = -inf
common_init_result: added <|fim_pad|> logit bias = -inf
common_init_result: added <|repo_name|> logit bias = -inf
common_init_result: added <|file_sep|> logit bias = -inf
llama_context: constructing llama_context
llama_context: n_seq_max     = 1
llama_context: n_ctx         = 3072
llama_context: n_ctx_seq     = 3072
llama_context: n_batch       = 32
llama_context: n_ubatch      = 32
llama_context: causal_attn   = 1
llama_context: flash_attn    = auto
llama_context: kv_unified    = false
llama_context: freq_base     = 1000000.0
llama_context: freq_scale    = 1
llama_context: n_ctx_seq (3072) < n_ctx_train (32768) -- the full capacity of the model will not be utilized
llama_context:        CPU  output buffer size =     0.58 MiB
llama_kv_cache:        CPU KV buffer size =    84.00 MiB
llama_kv_cache: size =   84.00 MiB (  3072 cells,  28 layers,  1/1 seqs), K (f16):   42.00 MiB, V (f16):   42.00 MiB
llama_kv_cache: attn_rot_k = 0
llama_kv_cache: attn_rot_v = 0
sched_reserve: reserving ...
sched_reserve: Flash Attention was auto, set to enabled
sched_reserve: resolving fused Gated Delta Net support:
sched_reserve: fused Gated Delta Net (autoregressive) enabled
sched_reserve: fused Gated Delta Net (chunked) enabled
sched_reserve:    Vulkan0 compute buffer size =   213.35 MiB
sched_reserve: Vulkan_Host compute buffer size =     0.75 MiB
sched_reserve: graph nodes  = 959
sched_reserve: graph splits = 396 (with bs=32), 1 (with bs=1)
sched_reserve: reserve took 236.65 ms, sched copies = 1
common_init_from_params: warming up the model with an empty run - please wait ... (--no-warmup to disable)
srv    load_model: initializing slots, n_slots = 1
no implementations specified for speculative decoding
slot   load_model: id  0 | task -1 | speculative decoding context not initialized
slot   load_model: id  0 | task -1 | new slot, n_ctx = 3072
srv    load_model: prompt cache is enabled, size limit: 8192 MiB
srv    load_model: use `--cache-ram 0` to disable the prompt cache
srv    load_model: for more info see https://github.com/ggml-org/llama.cpp/pull/16391
init: chat template, example_format: '<|im_start|>system
You are a helpful assistant<|im_end|>
<|im_start|>user
Hello<|im_end|>
<|im_start|>assistant
Hi there<|im_end|>
<|im_start|>user
How are you?<|im_end|>
<|im_start|>assistant
'
srv          init: init: chat template, thinking = 0
main: model loaded
main: server is listening on http://127.0.0.1:8080
main: starting the main loop...
srv  update_slots: all slots are idle
load_backend: loaded RPC backend from D:\DATN\legal_ai_source\source_code\models\llama-b8644-bin-win-vulkan-x64\ggml-rpc.dll
load_backend: loaded Vulkan backend from D:\DATN\legal_ai_source\source_code\models\llama-b8644-bin-win-vulkan-x64\ggml-vulkan.dll
load_backend: loaded CPU backend from D:\DATN\legal_ai_source\source_code\models\llama-b8644-bin-win-vulkan-x64\ggml-cpu-icelake.dll
system info: n_threads = 4, n_threads_batch = 4, total_threads = 8

system_info: n_threads = 4 (n_threads_batch = 4) / 8 | CPU : SSE3 = 1 | SSSE3 = 1 | AVX = 1 | AVX2 = 1 | F16C = 1 | FMA = 1 | BMI2 = 1 | AVX512 = 1 | AVX512_VBMI = 1 | AVX512_VNNI = 1 | LLAMAFILE = 1 | OPENMP = 1 | REPACK = 1 | 

Running without SSL
init: using 7 threads for HTTP server
start: binding port with default address family
main: loading model
srv    load_model: loading model 'D:\DATN\legal_ai_source\source_code\models\qwen2.5-1.5b-instruct-q4_k_m.gguf'
common_init_result: fitting params to device memory, for bugs during this step try to reproduce them with -fit off, or provide --verbose logs if the bug only occurs with -fit on
llama_params_fit_impl: projected to use 213 MiB of device memory vs. 3525 MiB of free device memory
llama_params_fit_impl: will leave 3311 >= 1024 MiB of free device memory, no changes needed
llama_params_fit: successfully fit params to free device memory
llama_params_fit: fitting params to free memory took 0.74 seconds
llama_model_load_from_file_impl: using device Vulkan0 (Intel(R) Iris(R) Xe Graphics) (unknown id) - 3525 MiB free
llama_model_loader: loaded meta data with 26 key-value pairs and 339 tensors from D:\DATN\legal_ai_source\source_code\models\qwen2.5-1.5b-instruct-q4_k_m.gguf (version GGUF V3 (latest))
llama_model_loader: Dumping metadata keys/values. Note: KV overrides do not apply in this output.
llama_model_loader: - kv   0:                       general.architecture str              = qwen2
llama_model_loader: - kv   1:                               general.type str              = model
llama_model_loader: - kv   2:                               general.name str              = qwen2.5-1.5b-instruct
llama_model_loader: - kv   3:                            general.version str              = v0.1
llama_model_loader: - kv   4:                           general.finetune str              = qwen2.5-1.5b-instruct
llama_model_loader: - kv   5:                         general.size_label str              = 1.8B
llama_model_loader: - kv   6:                          qwen2.block_count u32              = 28
llama_model_loader: - kv   7:                       qwen2.context_length u32              = 32768
llama_model_loader: - kv   8:                     qwen2.embedding_length u32              = 1536
llama_model_loader: - kv   9:                  qwen2.feed_forward_length u32              = 8960
llama_model_loader: - kv  10:                 qwen2.attention.head_count u32              = 12
llama_model_loader: - kv  11:              qwen2.attention.head_count_kv u32              = 2
llama_model_loader: - kv  12:                       qwen2.rope.freq_base f32              = 1000000.000000
llama_model_loader: - kv  13:     qwen2.attention.layer_norm_rms_epsilon f32              = 0.000001
llama_model_loader: - kv  14:                          general.file_type u32              = 15
llama_model_loader: - kv  15:                       tokenizer.ggml.model str              = gpt2
llama_model_loader: - kv  16:                         tokenizer.ggml.pre str              = qwen2
llama_model_loader: - kv  17:                      tokenizer.ggml.tokens arr[str,151936]  = ["!", "\"", "#", "$", "%", "&", "'", ...
llama_model_loader: - kv  18:                  tokenizer.ggml.token_type arr[i32,151936]  = [1, 1, 1, 1, 1, 1, 1, 1, 1, 1, 1, 1, ...
llama_model_loader: - kv  19:                      tokenizer.ggml.merges arr[str,151387]  = ["Ġ Ġ", "ĠĠ ĠĠ", "i n", "Ġ t",...
llama_model_loader: - kv  20:                tokenizer.ggml.eos_token_id u32              = 151645
llama_model_loader: - kv  21:            tokenizer.ggml.padding_token_id u32              = 151643
llama_model_loader: - kv  22:                tokenizer.ggml.bos_token_id u32              = 151643
llama_model_loader: - kv  23:               tokenizer.ggml.add_bos_token bool             = false
llama_model_loader: - kv  24:                    tokenizer.chat_template str              = {%- if tools %}\n    {{- '<|im_start|>...
llama_model_loader: - kv  25:               general.quantization_version u32              = 2
llama_model_loader: - type  f32:  141 tensors
llama_model_loader: - type q4_K:  169 tensors
llama_model_loader: - type q6_K:   29 tensors
print_info: file format = GGUF V3 (latest)
print_info: file type   = Q4_K - Medium
print_info: file size   = 1.04 GiB (5.00 BPW) 
load: 0 unused tokens
load: control-looking token: 128247 '</s>' was not control-type; this is probably a bug in the model. its type will be overridden
load: printing all EOG tokens:
load:   - 128247 ('</s>')
load:   - 151643 ('<|endoftext|>')
load:   - 151645 ('<|im_end|>')
load:   - 151662 ('<|fim_pad|>')
load:   - 151663 ('<|repo_name|>')
load:   - 151664 ('<|file_sep|>')
load: special tokens cache size = 23
load: token to piece cache size = 0.9310 MB
print_info: arch                  = qwen2
print_info: vocab_only            = 0
print_info: no_alloc              = 0
print_info: n_ctx_train           = 32768
print_info: n_embd                = 1536
print_info: n_embd_inp            = 1536
print_info: n_layer               = 28
print_info: n_head                = 12
print_info: n_head_kv             = 2
print_info: n_rot                 = 128
print_info: n_swa                 = 0
print_info: is_swa_any            = 0
print_info: n_embd_head_k         = 128
print_info: n_embd_head_v         = 128
print_info: n_gqa                 = 6
print_info: n_embd_k_gqa          = 256
print_info: n_embd_v_gqa          = 256
print_info: f_norm_eps            = 0.0e+00
print_info: f_norm_rms_eps        = 1.0e-06
print_info: f_clamp_kqv           = 0.0e+00
print_info: f_max_alibi_bias      = 0.0e+00
print_info: f_logit_scale         = 0.0e+00
print_info: f_attn_scale          = 0.0e+00
print_info: n_ff                  = 8960
print_info: n_expert              = 0
print_info: n_expert_used         = 0
print_info: n_expert_groups       = 0
print_info: n_group_used          = 0
print_info: causal attn           = 1
print_info: pooling type          = -1
print_info: rope type             = 2
print_info: rope scaling          = linear
print_info: freq_base_train       = 1000000.0
print_info: freq_scale_train      = 1
print_info: n_ctx_orig_yarn       = 32768
print_info: rope_yarn_log_mul     = 0.0000
print_info: rope_finetuned        = unknown
print_info: model type            = 1.5B
print_info: model params          = 1.78 B
print_info: general.name          = qwen2.5-1.5b-instruct
print_info: vocab type            = BPE
print_info: n_vocab               = 151936
print_info: n_merges              = 151387
print_info: BOS token             = 151643 '<|endoftext|>'
print_info: EOS token             = 151645 '<|im_end|>'
print_info: EOT token             = 151645 '<|im_end|>'
print_info: PAD token             = 151643 '<|endoftext|>'
print_info: LF token              = 198 'Ċ'
print_info: FIM PRE token         = 151659 '<|fim_prefix|>'
print_info: FIM SUF token         = 151661 '<|fim_suffix|>'
print_info: FIM MID token         = 151660 '<|fim_middle|>'
print_info: FIM PAD token         = 151662 '<|fim_pad|>'
print_info: FIM REP token         = 151663 '<|repo_name|>'
print_info: FIM SEP token         = 151664 '<|file_sep|>'
print_info: EOG token             = 128247 '</s>'
print_info: EOG token             = 151643 '<|endoftext|>'
print_info: EOG token             = 151645 '<|im_end|>'
print_info: EOG token             = 151662 '<|fim_pad|>'
print_info: EOG token             = 151663 '<|repo_name|>'
print_info: EOG token             = 151664 '<|file_sep|>'
print_info: max token length      = 256
load_tensors: loading model tensors, this can take a while... (mmap = true, direct_io = false)
load_tensors: offloading 0 repeating layers to GPU
load_tensors: offloaded 0/29 layers to GPU
load_tensors:   CPU_Mapped model buffer size =  1059.89 MiB
.........................................................................
common_init_result: added </s> logit bias = -inf
common_init_result: added <|endoftext|> logit bias = -inf
common_init_result: added <|im_end|> logit bias = -inf
common_init_result: added <|fim_pad|> logit bias = -inf
common_init_result: added <|repo_name|> logit bias = -inf
common_init_result: added <|file_sep|> logit bias = -inf
llama_context: constructing llama_context
llama_context: n_seq_max     = 1
llama_context: n_ctx         = 3072
llama_context: n_ctx_seq     = 3072
llama_context: n_batch       = 32
llama_context: n_ubatch      = 32
llama_context: causal_attn   = 1
llama_context: flash_attn    = auto
llama_context: kv_unified    = false
llama_context: freq_base     = 1000000.0
llama_context: freq_scale    = 1
llama_context: n_ctx_seq (3072) < n_ctx_train (32768) -- the full capacity of the model will not be utilized
llama_context:        CPU  output buffer size =     0.58 MiB
llama_kv_cache:        CPU KV buffer size =    84.00 MiB
llama_kv_cache: size =   84.00 MiB (  3072 cells,  28 layers,  1/1 seqs), K (f16):   42.00 MiB, V (f16):   42.00 MiB
llama_kv_cache: attn_rot_k = 0
llama_kv_cache: attn_rot_v = 0
sched_reserve: reserving ...
sched_reserve: Flash Attention was auto, set to enabled
sched_reserve: resolving fused Gated Delta Net support:
sched_reserve: fused Gated Delta Net (autoregressive) enabled
sched_reserve: fused Gated Delta Net (chunked) enabled
sched_reserve:    Vulkan0 compute buffer size =   213.35 MiB
sched_reserve: Vulkan_Host compute buffer size =     0.75 MiB
sched_reserve: graph nodes  = 959
sched_reserve: graph splits = 396 (with bs=32), 1 (with bs=1)
sched_reserve: reserve took 208.92 ms, sched copies = 1
common_init_from_params: warming up the model with an empty run - please wait ... (--no-warmup to disable)
srv    load_model: initializing slots, n_slots = 1
no implementations specified for speculative decoding
slot   load_model: id  0 | task -1 | speculative decoding context not initialized
slot   load_model: id  0 | task -1 | new slot, n_ctx = 3072
srv    load_model: prompt cache is enabled, size limit: 8192 MiB
srv    load_model: use `--cache-ram 0` to disable the prompt cache
srv    load_model: for more info see https://github.com/ggml-org/llama.cpp/pull/16391
init: chat template, example_format: '<|im_start|>system
You are a helpful assistant<|im_end|>
<|im_start|>user
Hello<|im_end|>
<|im_start|>assistant
Hi there<|im_end|>
<|im_start|>user
How are you?<|im_end|>
<|im_start|>assistant
'
srv          init: init: chat template, thinking = 0
main: model loaded
main: server is listening on http://127.0.0.1:8080
main: starting the main loop...
srv  update_slots: all slots are idle
load_backend: loaded RPC backend from D:\DATN\legal_ai_source\source_code\models\llama-b8644-bin-win-vulkan-x64\ggml-rpc.dll
load_backend: loaded Vulkan backend from D:\DATN\legal_ai_source\source_code\models\llama-b8644-bin-win-vulkan-x64\ggml-vulkan.dll
load_backend: loaded CPU backend from D:\DATN\legal_ai_source\source_code\models\llama-b8644-bin-win-vulkan-x64\ggml-cpu-icelake.dll
system info: n_threads = 4, n_threads_batch = 4, total_threads = 8

system_info: n_threads = 4 (n_threads_batch = 4) / 8 | CPU : SSE3 = 1 | SSSE3 = 1 | AVX = 1 | AVX2 = 1 | F16C = 1 | FMA = 1 | BMI2 = 1 | AVX512 = 1 | AVX512_VBMI = 1 | AVX512_VNNI = 1 | LLAMAFILE = 1 | OPENMP = 1 | REPACK = 1 | 

Running without SSL
init: using 7 threads for HTTP server
start: binding port with default address family
main: loading model
srv    load_model: loading model 'D:\DATN\legal_ai_source\source_code\models\qwen2.5-1.5b-instruct-q4_k_m.gguf'
common_init_result: fitting params to device memory, for bugs during this step try to reproduce them with -fit off, or provide --verbose logs if the bug only occurs with -fit on
llama_params_fit_impl: projected to use 213 MiB of device memory vs. 3525 MiB of free device memory
llama_params_fit_impl: will leave 3311 >= 1024 MiB of free device memory, no changes needed
llama_params_fit: successfully fit params to free device memory
llama_params_fit: fitting params to free memory took 0.43 seconds
llama_model_load_from_file_impl: using device Vulkan0 (Intel(R) Iris(R) Xe Graphics) (unknown id) - 3525 MiB free
llama_model_loader: loaded meta data with 26 key-value pairs and 339 tensors from D:\DATN\legal_ai_source\source_code\models\qwen2.5-1.5b-instruct-q4_k_m.gguf (version GGUF V3 (latest))
llama_model_loader: Dumping metadata keys/values. Note: KV overrides do not apply in this output.
llama_model_loader: - kv   0:                       general.architecture str              = qwen2
llama_model_loader: - kv   1:                               general.type str              = model
llama_model_loader: - kv   2:                               general.name str              = qwen2.5-1.5b-instruct
llama_model_loader: - kv   3:                            general.version str              = v0.1
llama_model_loader: - kv   4:                           general.finetune str              = qwen2.5-1.5b-instruct
llama_model_loader: - kv   5:                         general.size_label str              = 1.8B
llama_model_loader: - kv   6:                          qwen2.block_count u32              = 28
llama_model_loader: - kv   7:                       qwen2.context_length u32              = 32768
llama_model_loader: - kv   8:                     qwen2.embedding_length u32              = 1536
llama_model_loader: - kv   9:                  qwen2.feed_forward_length u32              = 8960
llama_model_loader: - kv  10:                 qwen2.attention.head_count u32              = 12
llama_model_loader: - kv  11:              qwen2.attention.head_count_kv u32              = 2
llama_model_loader: - kv  12:                       qwen2.rope.freq_base f32              = 1000000.000000
llama_model_loader: - kv  13:     qwen2.attention.layer_norm_rms_epsilon f32              = 0.000001
llama_model_loader: - kv  14:                          general.file_type u32              = 15
llama_model_loader: - kv  15:                       tokenizer.ggml.model str              = gpt2
llama_model_loader: - kv  16:                         tokenizer.ggml.pre str              = qwen2
llama_model_loader: - kv  17:                      tokenizer.ggml.tokens arr[str,151936]  = ["!", "\"", "#", "$", "%", "&", "'", ...
llama_model_loader: - kv  18:                  tokenizer.ggml.token_type arr[i32,151936]  = [1, 1, 1, 1, 1, 1, 1, 1, 1, 1, 1, 1, ...
llama_model_loader: - kv  19:                      tokenizer.ggml.merges arr[str,151387]  = ["Ġ Ġ", "ĠĠ ĠĠ", "i n", "Ġ t",...
llama_model_loader: - kv  20:                tokenizer.ggml.eos_token_id u32              = 151645
llama_model_loader: - kv  21:            tokenizer.ggml.padding_token_id u32              = 151643
llama_model_loader: - kv  22:                tokenizer.ggml.bos_token_id u32              = 151643
llama_model_loader: - kv  23:               tokenizer.ggml.add_bos_token bool             = false
llama_model_loader: - kv  24:                    tokenizer.chat_template str              = {%- if tools %}\n    {{- '<|im_start|>...
llama_model_loader: - kv  25:               general.quantization_version u32              = 2
llama_model_loader: - type  f32:  141 tensors
llama_model_loader: - type q4_K:  169 tensors
llama_model_loader: - type q6_K:   29 tensors
print_info: file format = GGUF V3 (latest)
print_info: file type   = Q4_K - Medium
print_info: file size   = 1.04 GiB (5.00 BPW) 
load: 0 unused tokens
load: control-looking token: 128247 '</s>' was not control-type; this is probably a bug in the model. its type will be overridden
load: printing all EOG tokens:
load:   - 128247 ('</s>')
load:   - 151643 ('<|endoftext|>')
load:   - 151645 ('<|im_end|>')
load:   - 151662 ('<|fim_pad|>')
load:   - 151663 ('<|repo_name|>')
load:   - 151664 ('<|file_sep|>')
load: special tokens cache size = 23
load: token to piece cache size = 0.9310 MB
print_info: arch                  = qwen2
print_info: vocab_only            = 0
print_info: no_alloc              = 0
print_info: n_ctx_train           = 32768
print_info: n_embd                = 1536
print_info: n_embd_inp            = 1536
print_info: n_layer               = 28
print_info: n_head                = 12
print_info: n_head_kv             = 2
print_info: n_rot                 = 128
print_info: n_swa                 = 0
print_info: is_swa_any            = 0
print_info: n_embd_head_k         = 128
print_info: n_embd_head_v         = 128
print_info: n_gqa                 = 6
print_info: n_embd_k_gqa          = 256
print_info: n_embd_v_gqa          = 256
print_info: f_norm_eps            = 0.0e+00
print_info: f_norm_rms_eps        = 1.0e-06
print_info: f_clamp_kqv           = 0.0e+00
print_info: f_max_alibi_bias      = 0.0e+00
print_info: f_logit_scale         = 0.0e+00
print_info: f_attn_scale          = 0.0e+00
print_info: n_ff                  = 8960
print_info: n_expert              = 0
print_info: n_expert_used         = 0
print_info: n_expert_groups       = 0
print_info: n_group_used          = 0
print_info: causal attn           = 1
print_info: pooling type          = -1
print_info: rope type             = 2
print_info: rope scaling          = linear
print_info: freq_base_train       = 1000000.0
print_info: freq_scale_train      = 1
print_info: n_ctx_orig_yarn       = 32768
print_info: rope_yarn_log_mul     = 0.0000
print_info: rope_finetuned        = unknown
print_info: model type            = 1.5B
print_info: model params          = 1.78 B
print_info: general.name          = qwen2.5-1.5b-instruct
print_info: vocab type            = BPE
print_info: n_vocab               = 151936
print_info: n_merges              = 151387
print_info: BOS token             = 151643 '<|endoftext|>'
print_info: EOS token             = 151645 '<|im_end|>'
print_info: EOT token             = 151645 '<|im_end|>'
print_info: PAD token             = 151643 '<|endoftext|>'
print_info: LF token              = 198 'Ċ'
print_info: FIM PRE token         = 151659 '<|fim_prefix|>'
print_info: FIM SUF token         = 151661 '<|fim_suffix|>'
print_info: FIM MID token         = 151660 '<|fim_middle|>'
print_info: FIM PAD token         = 151662 '<|fim_pad|>'
print_info: FIM REP token         = 151663 '<|repo_name|>'
print_info: FIM SEP token         = 151664 '<|file_sep|>'
print_info: EOG token             = 128247 '</s>'
print_info: EOG token             = 151643 '<|endoftext|>'
print_info: EOG token             = 151645 '<|im_end|>'
print_info: EOG token             = 151662 '<|fim_pad|>'
print_info: EOG token             = 151663 '<|repo_name|>'
print_info: EOG token             = 151664 '<|file_sep|>'
print_info: max token length      = 256
load_tensors: loading model tensors, this can take a while... (mmap = true, direct_io = false)
load_tensors: offloading 0 repeating layers to GPU
load_tensors: offloaded 0/29 layers to GPU
load_tensors:   CPU_Mapped model buffer size =  1059.89 MiB
.........................................................................
common_init_result: added </s> logit bias = -inf
common_init_result: added <|endoftext|> logit bias = -inf
common_init_result: added <|im_end|> logit bias = -inf
common_init_result: added <|fim_pad|> logit bias = -inf
common_init_result: added <|repo_name|> logit bias = -inf
common_init_result: added <|file_sep|> logit bias = -inf
llama_context: constructing llama_context
llama_context: n_seq_max     = 1
llama_context: n_ctx         = 3072
llama_context: n_ctx_seq     = 3072
llama_context: n_batch       = 32
llama_context: n_ubatch      = 32
llama_context: causal_attn   = 1
llama_context: flash_attn    = auto
llama_context: kv_unified    = false
llama_context: freq_base     = 1000000.0
llama_context: freq_scale    = 1
llama_context: n_ctx_seq (3072) < n_ctx_train (32768) -- the full capacity of the model will not be utilized
llama_context:        CPU  output buffer size =     0.58 MiB
llama_kv_cache:        CPU KV buffer size =    84.00 MiB
llama_kv_cache: size =   84.00 MiB (  3072 cells,  28 layers,  1/1 seqs), K (f16):   42.00 MiB, V (f16):   42.00 MiB
llama_kv_cache: attn_rot_k = 0
llama_kv_cache: attn_rot_v = 0
sched_reserve: reserving ...
sched_reserve: Flash Attention was auto, set to enabled
sched_reserve: resolving fused Gated Delta Net support:
sched_reserve: fused Gated Delta Net (autoregressive) enabled
sched_reserve: fused Gated Delta Net (chunked) enabled
sched_reserve:    Vulkan0 compute buffer size =   213.35 MiB
sched_reserve: Vulkan_Host compute buffer size =     0.75 MiB
sched_reserve: graph nodes  = 959
sched_reserve: graph splits = 396 (with bs=32), 1 (with bs=1)
sched_reserve: reserve took 212.52 ms, sched copies = 1
common_init_from_params: warming up the model with an empty run - please wait ... (--no-warmup to disable)
srv    load_model: initializing slots, n_slots = 1
no implementations specified for speculative decoding
slot   load_model: id  0 | task -1 | speculative decoding context not initialized
slot   load_model: id  0 | task -1 | new slot, n_ctx = 3072
srv    load_model: prompt cache is enabled, size limit: 8192 MiB
srv    load_model: use `--cache-ram 0` to disable the prompt cache
srv    load_model: for more info see https://github.com/ggml-org/llama.cpp/pull/16391
init: chat template, example_format: '<|im_start|>system
You are a helpful assistant<|im_end|>
<|im_start|>user
Hello<|im_end|>
<|im_start|>assistant
Hi there<|im_end|>
<|im_start|>user
How are you?<|im_end|>
<|im_start|>assistant
'
srv          init: init: chat template, thinking = 0
main: model loaded
main: server is listening on http://127.0.0.1:8080
main: starting the main loop...
srv  update_slots: all slots are idle
srv  params_from_: Chat format: peg-native
slot get_availabl: id  0 | task -1 | selected slot by LRU, t_last = -1
slot launch_slot_: id  0 | task -1 | sampler chain: logits -> ?penalties -> ?dry -> ?top-n-sigma -> top-k -> ?typical -> top-p -> ?min-p -> ?xtc -> temp-ext -> dist 
slot launch_slot_: id  0 | task 0 | processing task, is_child = 0
slot update_slots: id  0 | task 0 | new prompt, n_ctx_slot = 3072, n_keep = 0, task.n_tokens = 2844
slot update_slots: id  0 | task 0 | n_tokens = 0, memory_seq_rm [0, end)
slot update_slots: id  0 | task 0 | prompt processing progress, n_tokens = 32, batch.n_tokens = 32, progress = 0.011252
slot update_slots: id  0 | task 0 | n_tokens = 32, memory_seq_rm [32, end)
slot update_slots: id  0 | task 0 | prompt processing progress, n_tokens = 64, batch.n_tokens = 32, progress = 0.022504
slot update_slots: id  0 | task 0 | n_tokens = 64, memory_seq_rm [64, end)
slot update_slots: id  0 | task 0 | prompt processing progress, n_tokens = 96, batch.n_tokens = 32, progress = 0.033755
slot update_slots: id  0 | task 0 | n_tokens = 96, memory_seq_rm [96, end)
slot update_slots: id  0 | task 0 | prompt processing progress, n_tokens = 128, batch.n_tokens = 32, progress = 0.045007
slot update_slots: id  0 | task 0 | n_tokens = 128, memory_seq_rm [128, end)
slot update_slots: id  0 | task 0 | prompt processing progress, n_tokens = 160, batch.n_tokens = 32, progress = 0.056259
slot update_slots: id  0 | task 0 | n_tokens = 160, memory_seq_rm [160, end)
slot update_slots: id  0 | task 0 | prompt processing progress, n_tokens = 192, batch.n_tokens = 32, progress = 0.067511
slot update_slots: id  0 | task 0 | n_tokens = 192, memory_seq_rm [192, end)
slot update_slots: id  0 | task 0 | prompt processing progress, n_tokens = 224, batch.n_tokens = 32, progress = 0.078762
slot update_slots: id  0 | task 0 | n_tokens = 224, memory_seq_rm [224, end)
slot update_slots: id  0 | task 0 | prompt processing progress, n_tokens = 256, batch.n_tokens = 32, progress = 0.090014
slot update_slots: id  0 | task 0 | n_tokens = 256, memory_seq_rm [256, end)
slot update_slots: id  0 | task 0 | prompt processing progress, n_tokens = 288, batch.n_tokens = 32, progress = 0.101266
slot update_slots: id  0 | task 0 | n_tokens = 288, memory_seq_rm [288, end)
slot update_slots: id  0 | task 0 | prompt processing progress, n_tokens = 320, batch.n_tokens = 32, progress = 0.112518
slot update_slots: id  0 | task 0 | n_tokens = 320, memory_seq_rm [320, end)
slot update_slots: id  0 | task 0 | prompt processing progress, n_tokens = 352, batch.n_tokens = 32, progress = 0.123769
slot update_slots: id  0 | task 0 | n_tokens = 352, memory_seq_rm [352, end)
slot update_slots: id  0 | task 0 | prompt processing progress, n_tokens = 384, batch.n_tokens = 32, progress = 0.135021
slot update_slots: id  0 | task 0 | n_tokens = 384, memory_seq_rm [384, end)
slot update_slots: id  0 | task 0 | prompt processing progress, n_tokens = 416, batch.n_tokens = 32, progress = 0.146273
slot update_slots: id  0 | task 0 | n_tokens = 416, memory_seq_rm [416, end)
slot update_slots: id  0 | task 0 | prompt processing progress, n_tokens = 448, batch.n_tokens = 32, progress = 0.157525
slot update_slots: id  0 | task 0 | n_tokens = 448, memory_seq_rm [448, end)
slot update_slots: id  0 | task 0 | prompt processing progress, n_tokens = 480, batch.n_tokens = 32, progress = 0.168776
slot update_slots: id  0 | task 0 | n_tokens = 480, memory_seq_rm [480, end)
slot update_slots: id  0 | task 0 | prompt processing progress, n_tokens = 512, batch.n_tokens = 32, progress = 0.180028
slot update_slots: id  0 | task 0 | n_tokens = 512, memory_seq_rm [512, end)
slot update_slots: id  0 | task 0 | prompt processing progress, n_tokens = 544, batch.n_tokens = 32, progress = 0.191280
slot update_slots: id  0 | task 0 | n_tokens = 544, memory_seq_rm [544, end)
slot update_slots: id  0 | task 0 | prompt processing progress, n_tokens = 576, batch.n_tokens = 32, progress = 0.202532
slot update_slots: id  0 | task 0 | n_tokens = 576, memory_seq_rm [576, end)
slot update_slots: id  0 | task 0 | prompt processing progress, n_tokens = 608, batch.n_tokens = 32, progress = 0.213783
slot update_slots: id  0 | task 0 | n_tokens = 608, memory_seq_rm [608, end)
slot update_slots: id  0 | task 0 | prompt processing progress, n_tokens = 640, batch.n_tokens = 32, progress = 0.225035
slot update_slots: id  0 | task 0 | n_tokens = 640, memory_seq_rm [640, end)
slot update_slots: id  0 | task 0 | prompt processing progress, n_tokens = 672, batch.n_tokens = 32, progress = 0.236287
slot update_slots: id  0 | task 0 | n_tokens = 672, memory_seq_rm [672, end)
slot update_slots: id  0 | task 0 | prompt processing progress, n_tokens = 704, batch.n_tokens = 32, progress = 0.247539
slot update_slots: id  0 | task 0 | n_tokens = 704, memory_seq_rm [704, end)
slot update_slots: id  0 | task 0 | prompt processing progress, n_tokens = 736, batch.n_tokens = 32, progress = 0.258790
slot update_slots: id  0 | task 0 | n_tokens = 736, memory_seq_rm [736, end)
slot update_slots: id  0 | task 0 | prompt processing progress, n_tokens = 768, batch.n_tokens = 32, progress = 0.270042
slot update_slots: id  0 | task 0 | n_tokens = 768, memory_seq_rm [768, end)
slot update_slots: id  0 | task 0 | prompt processing progress, n_tokens = 800, batch.n_tokens = 32, progress = 0.281294
slot update_slots: id  0 | task 0 | n_tokens = 800, memory_seq_rm [800, end)
slot update_slots: id  0 | task 0 | prompt processing progress, n_tokens = 832, batch.n_tokens = 32, progress = 0.292546
slot update_slots: id  0 | task 0 | n_tokens = 832, memory_seq_rm [832, end)
slot update_slots: id  0 | task 0 | prompt processing progress, n_tokens = 864, batch.n_tokens = 32, progress = 0.303797
slot update_slots: id  0 | task 0 | n_tokens = 864, memory_seq_rm [864, end)
slot update_slots: id  0 | task 0 | prompt processing progress, n_tokens = 896, batch.n_tokens = 32, progress = 0.315049
slot update_slots: id  0 | task 0 | n_tokens = 896, memory_seq_rm [896, end)
slot update_slots: id  0 | task 0 | prompt processing progress, n_tokens = 928, batch.n_tokens = 32, progress = 0.326301
slot update_slots: id  0 | task 0 | n_tokens = 928, memory_seq_rm [928, end)
slot update_slots: id  0 | task 0 | prompt processing progress, n_tokens = 960, batch.n_tokens = 32, progress = 0.337553
slot update_slots: id  0 | task 0 | n_tokens = 960, memory_seq_rm [960, end)
slot update_slots: id  0 | task 0 | prompt processing progress, n_tokens = 992, batch.n_tokens = 32, progress = 0.348805
slot update_slots: id  0 | task 0 | n_tokens = 992, memory_seq_rm [992, end)
slot update_slots: id  0 | task 0 | prompt processing progress, n_tokens = 1024, batch.n_tokens = 32, progress = 0.360056
slot update_slots: id  0 | task 0 | n_tokens = 1024, memory_seq_rm [1024, end)
slot update_slots: id  0 | task 0 | prompt processing progress, n_tokens = 1056, batch.n_tokens = 32, progress = 0.371308
slot update_slots: id  0 | task 0 | n_tokens = 1056, memory_seq_rm [1056, end)
slot update_slots: id  0 | task 0 | prompt processing progress, n_tokens = 1088, batch.n_tokens = 32, progress = 0.382560
slot update_slots: id  0 | task 0 | n_tokens = 1088, memory_seq_rm [1088, end)
slot update_slots: id  0 | task 0 | prompt processing progress, n_tokens = 1120, batch.n_tokens = 32, progress = 0.393812
slot update_slots: id  0 | task 0 | n_tokens = 1120, memory_seq_rm [1120, end)
slot update_slots: id  0 | task 0 | prompt processing progress, n_tokens = 1152, batch.n_tokens = 32, progress = 0.405063
slot update_slots: id  0 | task 0 | n_tokens = 1152, memory_seq_rm [1152, end)
slot update_slots: id  0 | task 0 | prompt processing progress, n_tokens = 1184, batch.n_tokens = 32, progress = 0.416315
slot update_slots: id  0 | task 0 | n_tokens = 1184, memory_seq_rm [1184, end)
slot update_slots: id  0 | task 0 | prompt processing progress, n_tokens = 1216, batch.n_tokens = 32, progress = 0.427567
slot update_slots: id  0 | task 0 | n_tokens = 1216, memory_seq_rm [1216, end)
slot update_slots: id  0 | task 0 | prompt processing progress, n_tokens = 1248, batch.n_tokens = 32, progress = 0.438819
slot update_slots: id  0 | task 0 | n_tokens = 1248, memory_seq_rm [1248, end)
slot update_slots: id  0 | task 0 | prompt processing progress, n_tokens = 1280, batch.n_tokens = 32, progress = 0.450070
slot update_slots: id  0 | task 0 | n_tokens = 1280, memory_seq_rm [1280, end)
slot update_slots: id  0 | task 0 | prompt processing progress, n_tokens = 1312, batch.n_tokens = 32, progress = 0.461322
slot update_slots: id  0 | task 0 | n_tokens = 1312, memory_seq_rm [1312, end)
slot update_slots: id  0 | task 0 | prompt processing progress, n_tokens = 1344, batch.n_tokens = 32, progress = 0.472574
slot update_slots: id  0 | task 0 | n_tokens = 1344, memory_seq_rm [1344, end)
slot update_slots: id  0 | task 0 | prompt processing progress, n_tokens = 1376, batch.n_tokens = 32, progress = 0.483826
slot update_slots: id  0 | task 0 | n_tokens = 1376, memory_seq_rm [1376, end)
slot update_slots: id  0 | task 0 | prompt processing progress, n_tokens = 1408, batch.n_tokens = 32, progress = 0.495077
slot update_slots: id  0 | task 0 | n_tokens = 1408, memory_seq_rm [1408, end)
slot update_slots: id  0 | task 0 | prompt processing progress, n_tokens = 1440, batch.n_tokens = 32, progress = 0.506329
slot update_slots: id  0 | task 0 | n_tokens = 1440, memory_seq_rm [1440, end)
slot update_slots: id  0 | task 0 | prompt processing progress, n_tokens = 1472, batch.n_tokens = 32, progress = 0.517581
slot update_slots: id  0 | task 0 | n_tokens = 1472, memory_seq_rm [1472, end)
slot update_slots: id  0 | task 0 | prompt processing progress, n_tokens = 1504, batch.n_tokens = 32, progress = 0.528833
slot update_slots: id  0 | task 0 | n_tokens = 1504, memory_seq_rm [1504, end)
slot update_slots: id  0 | task 0 | prompt processing progress, n_tokens = 1536, batch.n_tokens = 32, progress = 0.540084
slot update_slots: id  0 | task 0 | n_tokens = 1536, memory_seq_rm [1536, end)
slot update_slots: id  0 | task 0 | prompt processing progress, n_tokens = 1568, batch.n_tokens = 32, progress = 0.551336
slot update_slots: id  0 | task 0 | n_tokens = 1568, memory_seq_rm [1568, end)
slot update_slots: id  0 | task 0 | prompt processing progress, n_tokens = 1600, batch.n_tokens = 32, progress = 0.562588
slot update_slots: id  0 | task 0 | n_tokens = 1600, memory_seq_rm [1600, end)
slot update_slots: id  0 | task 0 | prompt processing progress, n_tokens = 1632, batch.n_tokens = 32, progress = 0.573840
slot update_slots: id  0 | task 0 | n_tokens = 1632, memory_seq_rm [1632, end)
slot update_slots: id  0 | task 0 | prompt processing progress, n_tokens = 1664, batch.n_tokens = 32, progress = 0.585091
slot update_slots: id  0 | task 0 | n_tokens = 1664, memory_seq_rm [1664, end)
slot update_slots: id  0 | task 0 | prompt processing progress, n_tokens = 1696, batch.n_tokens = 32, progress = 0.596343
slot update_slots: id  0 | task 0 | n_tokens = 1696, memory_seq_rm [1696, end)
slot update_slots: id  0 | task 0 | prompt processing progress, n_tokens = 1728, batch.n_tokens = 32, progress = 0.607595
slot update_slots: id  0 | task 0 | n_tokens = 1728, memory_seq_rm [1728, end)
slot update_slots: id  0 | task 0 | prompt processing progress, n_tokens = 1760, batch.n_tokens = 32, progress = 0.618847
slot update_slots: id  0 | task 0 | n_tokens = 1760, memory_seq_rm [1760, end)
slot update_slots: id  0 | task 0 | prompt processing progress, n_tokens = 1792, batch.n_tokens = 32, progress = 0.630098
slot update_slots: id  0 | task 0 | n_tokens = 1792, memory_seq_rm [1792, end)
slot update_slots: id  0 | task 0 | prompt processing progress, n_tokens = 1824, batch.n_tokens = 32, progress = 0.641350
slot update_slots: id  0 | task 0 | n_tokens = 1824, memory_seq_rm [1824, end)
slot update_slots: id  0 | task 0 | prompt processing progress, n_tokens = 1856, batch.n_tokens = 32, progress = 0.652602
slot update_slots: id  0 | task 0 | n_tokens = 1856, memory_seq_rm [1856, end)
slot update_slots: id  0 | task 0 | prompt processing progress, n_tokens = 1888, batch.n_tokens = 32, progress = 0.663854
slot update_slots: id  0 | task 0 | n_tokens = 1888, memory_seq_rm [1888, end)
slot update_slots: id  0 | task 0 | prompt processing progress, n_tokens = 1920, batch.n_tokens = 32, progress = 0.675106
slot update_slots: id  0 | task 0 | n_tokens = 1920, memory_seq_rm [1920, end)
slot update_slots: id  0 | task 0 | prompt processing progress, n_tokens = 1952, batch.n_tokens = 32, progress = 0.686357
slot update_slots: id  0 | task 0 | n_tokens = 1952, memory_seq_rm [1952, end)
slot update_slots: id  0 | task 0 | prompt processing progress, n_tokens = 1984, batch.n_tokens = 32, progress = 0.697609
slot update_slots: id  0 | task 0 | n_tokens = 1984, memory_seq_rm [1984, end)
slot update_slots: id  0 | task 0 | prompt processing progress, n_tokens = 2016, batch.n_tokens = 32, progress = 0.708861
slot update_slots: id  0 | task 0 | n_tokens = 2016, memory_seq_rm [2016, end)
slot update_slots: id  0 | task 0 | prompt processing progress, n_tokens = 2048, batch.n_tokens = 32, progress = 0.720113
slot update_slots: id  0 | task 0 | n_tokens = 2048, memory_seq_rm [2048, end)
slot update_slots: id  0 | task 0 | prompt processing progress, n_tokens = 2080, batch.n_tokens = 32, progress = 0.731364
slot update_slots: id  0 | task 0 | n_tokens = 2080, memory_seq_rm [2080, end)
slot update_slots: id  0 | task 0 | prompt processing progress, n_tokens = 2112, batch.n_tokens = 32, progress = 0.742616
slot update_slots: id  0 | task 0 | n_tokens = 2112, memory_seq_rm [2112, end)
slot update_slots: id  0 | task 0 | prompt processing progress, n_tokens = 2144, batch.n_tokens = 32, progress = 0.753868
slot update_slots: id  0 | task 0 | n_tokens = 2144, memory_seq_rm [2144, end)
slot update_slots: id  0 | task 0 | prompt processing progress, n_tokens = 2176, batch.n_tokens = 32, progress = 0.765120
slot update_slots: id  0 | task 0 | n_tokens = 2176, memory_seq_rm [2176, end)
slot update_slots: id  0 | task 0 | prompt processing progress, n_tokens = 2208, batch.n_tokens = 32, progress = 0.776371
slot update_slots: id  0 | task 0 | n_tokens = 2208, memory_seq_rm [2208, end)
slot update_slots: id  0 | task 0 | prompt processing progress, n_tokens = 2240, batch.n_tokens = 32, progress = 0.787623
slot update_slots: id  0 | task 0 | n_tokens = 2240, memory_seq_rm [2240, end)
slot update_slots: id  0 | task 0 | prompt processing progress, n_tokens = 2272, batch.n_tokens = 32, progress = 0.798875
slot update_slots: id  0 | task 0 | n_tokens = 2272, memory_seq_rm [2272, end)
slot update_slots: id  0 | task 0 | prompt processing progress, n_tokens = 2304, batch.n_tokens = 32, progress = 0.810127
slot update_slots: id  0 | task 0 | n_tokens = 2304, memory_seq_rm [2304, end)
slot update_slots: id  0 | task 0 | prompt processing progress, n_tokens = 2336, batch.n_tokens = 32, progress = 0.821378
slot update_slots: id  0 | task 0 | n_tokens = 2336, memory_seq_rm [2336, end)
slot update_slots: id  0 | task 0 | prompt processing progress, n_tokens = 2368, batch.n_tokens = 32, progress = 0.832630
slot update_slots: id  0 | task 0 | n_tokens = 2368, memory_seq_rm [2368, end)
slot update_slots: id  0 | task 0 | prompt processing progress, n_tokens = 2400, batch.n_tokens = 32, progress = 0.843882
slot update_slots: id  0 | task 0 | n_tokens = 2400, memory_seq_rm [2400, end)
slot update_slots: id  0 | task 0 | prompt processing progress, n_tokens = 2432, batch.n_tokens = 32, progress = 0.855134
slot update_slots: id  0 | task 0 | n_tokens = 2432, memory_seq_rm [2432, end)
slot update_slots: id  0 | task 0 | prompt processing progress, n_tokens = 2464, batch.n_tokens = 32, progress = 0.866385
slot update_slots: id  0 | task 0 | n_tokens = 2464, memory_seq_rm [2464, end)
slot update_slots: id  0 | task 0 | prompt processing progress, n_tokens = 2496, batch.n_tokens = 32, progress = 0.877637
slot update_slots: id  0 | task 0 | n_tokens = 2496, memory_seq_rm [2496, end)
slot update_slots: id  0 | task 0 | prompt processing progress, n_tokens = 2528, batch.n_tokens = 32, progress = 0.888889
slot update_slots: id  0 | task 0 | n_tokens = 2528, memory_seq_rm [2528, end)
slot update_slots: id  0 | task 0 | prompt processing progress, n_tokens = 2560, batch.n_tokens = 32, progress = 0.900141
slot update_slots: id  0 | task 0 | n_tokens = 2560, memory_seq_rm [2560, end)
slot update_slots: id  0 | task 0 | prompt processing progress, n_tokens = 2592, batch.n_tokens = 32, progress = 0.911392
slot update_slots: id  0 | task 0 | n_tokens = 2592, memory_seq_rm [2592, end)
slot update_slots: id  0 | task 0 | prompt processing progress, n_tokens = 2624, batch.n_tokens = 32, progress = 0.922644
slot update_slots: id  0 | task 0 | n_tokens = 2624, memory_seq_rm [2624, end)
slot update_slots: id  0 | task 0 | prompt processing progress, n_tokens = 2656, batch.n_tokens = 32, progress = 0.933896
slot update_slots: id  0 | task 0 | n_tokens = 2656, memory_seq_rm [2656, end)
slot update_slots: id  0 | task 0 | prompt processing progress, n_tokens = 2688, batch.n_tokens = 32, progress = 0.945148
slot update_slots: id  0 | task 0 | n_tokens = 2688, memory_seq_rm [2688, end)
slot update_slots: id  0 | task 0 | prompt processing progress, n_tokens = 2720, batch.n_tokens = 32, progress = 0.956399
slot update_slots: id  0 | task 0 | n_tokens = 2720, memory_seq_rm [2720, end)
slot update_slots: id  0 | task 0 | prompt processing progress, n_tokens = 2752, batch.n_tokens = 32, progress = 0.967651
slot update_slots: id  0 | task 0 | n_tokens = 2752, memory_seq_rm [2752, end)
slot update_slots: id  0 | task 0 | prompt processing progress, n_tokens = 2784, batch.n_tokens = 32, progress = 0.978903
slot update_slots: id  0 | task 0 | n_tokens = 2784, memory_seq_rm [2784, end)
slot update_slots: id  0 | task 0 | prompt processing progress, n_tokens = 2816, batch.n_tokens = 32, progress = 0.990155
slot update_slots: id  0 | task 0 | n_tokens = 2816, memory_seq_rm [2816, end)
slot init_sampler: id  0 | task 0 | init sampler, took 0.79 ms, tokens: text = 2844, total = 2844
slot update_slots: id  0 | task 0 | prompt processing done, n_tokens = 2844, batch.n_tokens = 28
slot print_timing: id  0 | task 0 | 
prompt eval time =   70924.68 ms /  2844 tokens (   24.94 ms per token,    40.10 tokens per second)
       eval time =    1839.81 ms /    31 tokens (   59.35 ms per token,    16.85 tokens per second)
      total time =   72764.48 ms /  2875 tokens
slot      release: id  0 | task 0 | stop processing: n_tokens = 2874, truncated = 0
srv  update_slots: all slots are idle
srv  log_server_r: done request: POST /v1/chat/completions 127.0.0.1 200
srv  params_from_: Chat format: peg-native
slot get_availabl: id  0 | task -1 | selected slot by LCP similarity, sim_best = 0.183 (> 0.100 thold), f_keep = 0.185
srv  get_availabl: updating prompt cache
srv   prompt_save:  - saving prompt with length 2874, total state size = 78.619 MiB
srv          load:  - looking for better prompt, base f_keep = 0.185, sim = 0.183
srv        update:  - cache state: 1 prompts, 78.619 MiB (limits: 8192.000 MiB, 3072 tokens, 299465 est)
srv        update:    - prompt 00000151E89AD950:    2874 tokens, checkpoints:  0,    78.619 MiB
srv  get_availabl: prompt cache update took 35.74 ms
slot launch_slot_: id  0 | task -1 | sampler chain: logits -> ?penalties -> ?dry -> ?top-n-sigma -> top-k -> ?typical -> top-p -> ?min-p -> ?xtc -> temp-ext -> dist 
slot launch_slot_: id  0 | task 120 | processing task, is_child = 0
slot update_slots: id  0 | task 120 | new prompt, n_ctx_slot = 3072, n_keep = 0, task.n_tokens = 2902
slot update_slots: id  0 | task 120 | n_tokens = 531, memory_seq_rm [531, end)
slot update_slots: id  0 | task 120 | prompt processing progress, n_tokens = 563, batch.n_tokens = 32, progress = 0.194004
slot update_slots: id  0 | task 120 | n_tokens = 563, memory_seq_rm [563, end)
slot update_slots: id  0 | task 120 | prompt processing progress, n_tokens = 595, batch.n_tokens = 32, progress = 0.205031
slot update_slots: id  0 | task 120 | n_tokens = 595, memory_seq_rm [595, end)
slot update_slots: id  0 | task 120 | prompt processing progress, n_tokens = 627, batch.n_tokens = 32, progress = 0.216058
slot update_slots: id  0 | task 120 | n_tokens = 627, memory_seq_rm [627, end)
slot update_slots: id  0 | task 120 | prompt processing progress, n_tokens = 659, batch.n_tokens = 32, progress = 0.227085
slot update_slots: id  0 | task 120 | n_tokens = 659, memory_seq_rm [659, end)
slot update_slots: id  0 | task 120 | prompt processing progress, n_tokens = 691, batch.n_tokens = 32, progress = 0.238112
slot update_slots: id  0 | task 120 | n_tokens = 691, memory_seq_rm [691, end)
slot update_slots: id  0 | task 120 | prompt processing progress, n_tokens = 723, batch.n_tokens = 32, progress = 0.249139
slot update_slots: id  0 | task 120 | n_tokens = 723, memory_seq_rm [723, end)
slot update_slots: id  0 | task 120 | prompt processing progress, n_tokens = 755, batch.n_tokens = 32, progress = 0.260165
slot update_slots: id  0 | task 120 | n_tokens = 755, memory_seq_rm [755, end)
slot update_slots: id  0 | task 120 | prompt processing progress, n_tokens = 787, batch.n_tokens = 32, progress = 0.271192
slot update_slots: id  0 | task 120 | n_tokens = 787, memory_seq_rm [787, end)
slot update_slots: id  0 | task 120 | prompt processing progress, n_tokens = 819, batch.n_tokens = 32, progress = 0.282219
slot update_slots: id  0 | task 120 | n_tokens = 819, memory_seq_rm [819, end)
slot update_slots: id  0 | task 120 | prompt processing progress, n_tokens = 851, batch.n_tokens = 32, progress = 0.293246
slot update_slots: id  0 | task 120 | n_tokens = 851, memory_seq_rm [851, end)
slot update_slots: id  0 | task 120 | prompt processing progress, n_tokens = 883, batch.n_tokens = 32, progress = 0.304273
slot update_slots: id  0 | task 120 | n_tokens = 883, memory_seq_rm [883, end)
slot update_slots: id  0 | task 120 | prompt processing progress, n_tokens = 915, batch.n_tokens = 32, progress = 0.315300
slot update_slots: id  0 | task 120 | n_tokens = 915, memory_seq_rm [915, end)
slot update_slots: id  0 | task 120 | prompt processing progress, n_tokens = 947, batch.n_tokens = 32, progress = 0.326327
slot update_slots: id  0 | task 120 | n_tokens = 947, memory_seq_rm [947, end)
slot update_slots: id  0 | task 120 | prompt processing progress, n_tokens = 979, batch.n_tokens = 32, progress = 0.337354
slot update_slots: id  0 | task 120 | n_tokens = 979, memory_seq_rm [979, end)
slot update_slots: id  0 | task 120 | prompt processing progress, n_tokens = 1011, batch.n_tokens = 32, progress = 0.348380
slot update_slots: id  0 | task 120 | n_tokens = 1011, memory_seq_rm [1011, end)
slot update_slots: id  0 | task 120 | prompt processing progress, n_tokens = 1043, batch.n_tokens = 32, progress = 0.359407
slot update_slots: id  0 | task 120 | n_tokens = 1043, memory_seq_rm [1043, end)
slot update_slots: id  0 | task 120 | prompt processing progress, n_tokens = 1075, batch.n_tokens = 32, progress = 0.370434
slot update_slots: id  0 | task 120 | n_tokens = 1075, memory_seq_rm [1075, end)
slot update_slots: id  0 | task 120 | prompt processing progress, n_tokens = 1107, batch.n_tokens = 32, progress = 0.381461
slot update_slots: id  0 | task 120 | n_tokens = 1107, memory_seq_rm [1107, end)
slot update_slots: id  0 | task 120 | prompt processing progress, n_tokens = 1139, batch.n_tokens = 32, progress = 0.392488
slot update_slots: id  0 | task 120 | n_tokens = 1139, memory_seq_rm [1139, end)
slot update_slots: id  0 | task 120 | prompt processing progress, n_tokens = 1171, batch.n_tokens = 32, progress = 0.403515
slot update_slots: id  0 | task 120 | n_tokens = 1171, memory_seq_rm [1171, end)
slot update_slots: id  0 | task 120 | prompt processing progress, n_tokens = 1203, batch.n_tokens = 32, progress = 0.414542
slot update_slots: id  0 | task 120 | n_tokens = 1203, memory_seq_rm [1203, end)
slot update_slots: id  0 | task 120 | prompt processing progress, n_tokens = 1235, batch.n_tokens = 32, progress = 0.425569
slot update_slots: id  0 | task 120 | n_tokens = 1235, memory_seq_rm [1235, end)
slot update_slots: id  0 | task 120 | prompt processing progress, n_tokens = 1267, batch.n_tokens = 32, progress = 0.436595
slot update_slots: id  0 | task 120 | n_tokens = 1267, memory_seq_rm [1267, end)
slot update_slots: id  0 | task 120 | prompt processing progress, n_tokens = 1299, batch.n_tokens = 32, progress = 0.447622
slot update_slots: id  0 | task 120 | n_tokens = 1299, memory_seq_rm [1299, end)
slot update_slots: id  0 | task 120 | prompt processing progress, n_tokens = 1331, batch.n_tokens = 32, progress = 0.458649
slot update_slots: id  0 | task 120 | n_tokens = 1331, memory_seq_rm [1331, end)
slot update_slots: id  0 | task 120 | prompt processing progress, n_tokens = 1363, batch.n_tokens = 32, progress = 0.469676
slot update_slots: id  0 | task 120 | n_tokens = 1363, memory_seq_rm [1363, end)
slot update_slots: id  0 | task 120 | prompt processing progress, n_tokens = 1395, batch.n_tokens = 32, progress = 0.480703
slot update_slots: id  0 | task 120 | n_tokens = 1395, memory_seq_rm [1395, end)
slot update_slots: id  0 | task 120 | prompt processing progress, n_tokens = 1427, batch.n_tokens = 32, progress = 0.491730
slot update_slots: id  0 | task 120 | n_tokens = 1427, memory_seq_rm [1427, end)
slot update_slots: id  0 | task 120 | prompt processing progress, n_tokens = 1459, batch.n_tokens = 32, progress = 0.502757
slot update_slots: id  0 | task 120 | n_tokens = 1459, memory_seq_rm [1459, end)
slot update_slots: id  0 | task 120 | prompt processing progress, n_tokens = 1491, batch.n_tokens = 32, progress = 0.513784
slot update_slots: id  0 | task 120 | n_tokens = 1491, memory_seq_rm [1491, end)
slot update_slots: id  0 | task 120 | prompt processing progress, n_tokens = 1523, batch.n_tokens = 32, progress = 0.524810
slot update_slots: id  0 | task 120 | n_tokens = 1523, memory_seq_rm [1523, end)
slot update_slots: id  0 | task 120 | prompt processing progress, n_tokens = 1555, batch.n_tokens = 32, progress = 0.535837
slot update_slots: id  0 | task 120 | n_tokens = 1555, memory_seq_rm [1555, end)
slot update_slots: id  0 | task 120 | prompt processing progress, n_tokens = 1587, batch.n_tokens = 32, progress = 0.546864
slot update_slots: id  0 | task 120 | n_tokens = 1587, memory_seq_rm [1587, end)
slot update_slots: id  0 | task 120 | prompt processing progress, n_tokens = 1619, batch.n_tokens = 32, progress = 0.557891
slot update_slots: id  0 | task 120 | n_tokens = 1619, memory_seq_rm [1619, end)
slot update_slots: id  0 | task 120 | prompt processing progress, n_tokens = 1651, batch.n_tokens = 32, progress = 0.568918
slot update_slots: id  0 | task 120 | n_tokens = 1651, memory_seq_rm [1651, end)
slot update_slots: id  0 | task 120 | prompt processing progress, n_tokens = 1683, batch.n_tokens = 32, progress = 0.579945
slot update_slots: id  0 | task 120 | n_tokens = 1683, memory_seq_rm [1683, end)
slot update_slots: id  0 | task 120 | prompt processing progress, n_tokens = 1715, batch.n_tokens = 32, progress = 0.590972
slot update_slots: id  0 | task 120 | n_tokens = 1715, memory_seq_rm [1715, end)
slot update_slots: id  0 | task 120 | prompt processing progress, n_tokens = 1747, batch.n_tokens = 32, progress = 0.601999
slot update_slots: id  0 | task 120 | n_tokens = 1747, memory_seq_rm [1747, end)
slot update_slots: id  0 | task 120 | prompt processing progress, n_tokens = 1779, batch.n_tokens = 32, progress = 0.613025
slot update_slots: id  0 | task 120 | n_tokens = 1779, memory_seq_rm [1779, end)
slot update_slots: id  0 | task 120 | prompt processing progress, n_tokens = 1811, batch.n_tokens = 32, progress = 0.624052
slot update_slots: id  0 | task 120 | n_tokens = 1811, memory_seq_rm [1811, end)
slot update_slots: id  0 | task 120 | prompt processing progress, n_tokens = 1843, batch.n_tokens = 32, progress = 0.635079
slot update_slots: id  0 | task 120 | n_tokens = 1843, memory_seq_rm [1843, end)
slot update_slots: id  0 | task 120 | prompt processing progress, n_tokens = 1875, batch.n_tokens = 32, progress = 0.646106
slot update_slots: id  0 | task 120 | n_tokens = 1875, memory_seq_rm [1875, end)
slot update_slots: id  0 | task 120 | prompt processing progress, n_tokens = 1907, batch.n_tokens = 32, progress = 0.657133
slot update_slots: id  0 | task 120 | n_tokens = 1907, memory_seq_rm [1907, end)
slot update_slots: id  0 | task 120 | prompt processing progress, n_tokens = 1939, batch.n_tokens = 32, progress = 0.668160
slot update_slots: id  0 | task 120 | n_tokens = 1939, memory_seq_rm [1939, end)
slot update_slots: id  0 | task 120 | prompt processing progress, n_tokens = 1971, batch.n_tokens = 32, progress = 0.679187
slot update_slots: id  0 | task 120 | n_tokens = 1971, memory_seq_rm [1971, end)
slot update_slots: id  0 | task 120 | prompt processing progress, n_tokens = 2003, batch.n_tokens = 32, progress = 0.690214
slot update_slots: id  0 | task 120 | n_tokens = 2003, memory_seq_rm [2003, end)
slot update_slots: id  0 | task 120 | prompt processing progress, n_tokens = 2035, batch.n_tokens = 32, progress = 0.701241
slot update_slots: id  0 | task 120 | n_tokens = 2035, memory_seq_rm [2035, end)
slot update_slots: id  0 | task 120 | prompt processing progress, n_tokens = 2067, batch.n_tokens = 32, progress = 0.712267
slot update_slots: id  0 | task 120 | n_tokens = 2067, memory_seq_rm [2067, end)
slot update_slots: id  0 | task 120 | prompt processing progress, n_tokens = 2099, batch.n_tokens = 32, progress = 0.723294
slot update_slots: id  0 | task 120 | n_tokens = 2099, memory_seq_rm [2099, end)
slot update_slots: id  0 | task 120 | prompt processing progress, n_tokens = 2131, batch.n_tokens = 32, progress = 0.734321
slot update_slots: id  0 | task 120 | n_tokens = 2131, memory_seq_rm [2131, end)
slot update_slots: id  0 | task 120 | prompt processing progress, n_tokens = 2163, batch.n_tokens = 32, progress = 0.745348
slot update_slots: id  0 | task 120 | n_tokens = 2163, memory_seq_rm [2163, end)
slot update_slots: id  0 | task 120 | prompt processing progress, n_tokens = 2195, batch.n_tokens = 32, progress = 0.756375
slot update_slots: id  0 | task 120 | n_tokens = 2195, memory_seq_rm [2195, end)
slot update_slots: id  0 | task 120 | prompt processing progress, n_tokens = 2227, batch.n_tokens = 32, progress = 0.767402
slot update_slots: id  0 | task 120 | n_tokens = 2227, memory_seq_rm [2227, end)
slot update_slots: id  0 | task 120 | prompt processing progress, n_tokens = 2259, batch.n_tokens = 32, progress = 0.778429
slot update_slots: id  0 | task 120 | n_tokens = 2259, memory_seq_rm [2259, end)
slot update_slots: id  0 | task 120 | prompt processing progress, n_tokens = 2291, batch.n_tokens = 32, progress = 0.789456
slot update_slots: id  0 | task 120 | n_tokens = 2291, memory_seq_rm [2291, end)
slot update_slots: id  0 | task 120 | prompt processing progress, n_tokens = 2323, batch.n_tokens = 32, progress = 0.800482
slot update_slots: id  0 | task 120 | n_tokens = 2323, memory_seq_rm [2323, end)
slot update_slots: id  0 | task 120 | prompt processing progress, n_tokens = 2355, batch.n_tokens = 32, progress = 0.811509
slot update_slots: id  0 | task 120 | n_tokens = 2355, memory_seq_rm [2355, end)
slot update_slots: id  0 | task 120 | prompt processing progress, n_tokens = 2387, batch.n_tokens = 32, progress = 0.822536
slot update_slots: id  0 | task 120 | n_tokens = 2387, memory_seq_rm [2387, end)
slot update_slots: id  0 | task 120 | prompt processing progress, n_tokens = 2419, batch.n_tokens = 32, progress = 0.833563
slot update_slots: id  0 | task 120 | n_tokens = 2419, memory_seq_rm [2419, end)
slot update_slots: id  0 | task 120 | prompt processing progress, n_tokens = 2451, batch.n_tokens = 32, progress = 0.844590
slot update_slots: id  0 | task 120 | n_tokens = 2451, memory_seq_rm [2451, end)
slot update_slots: id  0 | task 120 | prompt processing progress, n_tokens = 2483, batch.n_tokens = 32, progress = 0.855617
slot update_slots: id  0 | task 120 | n_tokens = 2483, memory_seq_rm [2483, end)
slot update_slots: id  0 | task 120 | prompt processing progress, n_tokens = 2515, batch.n_tokens = 32, progress = 0.866644
slot update_slots: id  0 | task 120 | n_tokens = 2515, memory_seq_rm [2515, end)
slot update_slots: id  0 | task 120 | prompt processing progress, n_tokens = 2547, batch.n_tokens = 32, progress = 0.877671
slot update_slots: id  0 | task 120 | n_tokens = 2547, memory_seq_rm [2547, end)
slot update_slots: id  0 | task 120 | prompt processing progress, n_tokens = 2579, batch.n_tokens = 32, progress = 0.888697
slot update_slots: id  0 | task 120 | n_tokens = 2579, memory_seq_rm [2579, end)
slot update_slots: id  0 | task 120 | prompt processing progress, n_tokens = 2611, batch.n_tokens = 32, progress = 0.899724
slot update_slots: id  0 | task 120 | n_tokens = 2611, memory_seq_rm [2611, end)
slot update_slots: id  0 | task 120 | prompt processing progress, n_tokens = 2643, batch.n_tokens = 32, progress = 0.910751
slot update_slots: id  0 | task 120 | n_tokens = 2643, memory_seq_rm [2643, end)
slot update_slots: id  0 | task 120 | prompt processing progress, n_tokens = 2675, batch.n_tokens = 32, progress = 0.921778
slot update_slots: id  0 | task 120 | n_tokens = 2675, memory_seq_rm [2675, end)
slot update_slots: id  0 | task 120 | prompt processing progress, n_tokens = 2707, batch.n_tokens = 32, progress = 0.932805
slot update_slots: id  0 | task 120 | n_tokens = 2707, memory_seq_rm [2707, end)
slot update_slots: id  0 | task 120 | prompt processing progress, n_tokens = 2739, batch.n_tokens = 32, progress = 0.943832
slot update_slots: id  0 | task 120 | n_tokens = 2739, memory_seq_rm [2739, end)
slot update_slots: id  0 | task 120 | prompt processing progress, n_tokens = 2771, batch.n_tokens = 32, progress = 0.954859
slot update_slots: id  0 | task 120 | n_tokens = 2771, memory_seq_rm [2771, end)
slot update_slots: id  0 | task 120 | prompt processing progress, n_tokens = 2803, batch.n_tokens = 32, progress = 0.965886
slot update_slots: id  0 | task 120 | n_tokens = 2803, memory_seq_rm [2803, end)
slot update_slots: id  0 | task 120 | prompt processing progress, n_tokens = 2835, batch.n_tokens = 32, progress = 0.976912
slot update_slots: id  0 | task 120 | n_tokens = 2835, memory_seq_rm [2835, end)
slot update_slots: id  0 | task 120 | prompt processing progress, n_tokens = 2867, batch.n_tokens = 32, progress = 0.987939
slot update_slots: id  0 | task 120 | n_tokens = 2867, memory_seq_rm [2867, end)
slot update_slots: id  0 | task 120 | prompt processing progress, n_tokens = 2899, batch.n_tokens = 32, progress = 0.998966
slot update_slots: id  0 | task 120 | n_tokens = 2899, memory_seq_rm [2899, end)
slot init_sampler: id  0 | task 120 | init sampler, took 0.30 ms, tokens: text = 2902, total = 2902
slot update_slots: id  0 | task 120 | prompt processing done, n_tokens = 2902, batch.n_tokens = 3
slot print_timing: id  0 | task 120 | 
prompt eval time =   54856.18 ms /  2371 tokens (   23.14 ms per token,    43.22 tokens per second)
       eval time =     973.24 ms /    18 tokens (   54.07 ms per token,    18.49 tokens per second)
      total time =   55829.42 ms /  2389 tokens
slot      release: id  0 | task 120 | stop processing: n_tokens = 2919, truncated = 0
srv  update_slots: all slots are idle
srv  log_server_r: done request: POST /v1/chat/completions 127.0.0.1 200
srv  params_from_: Chat format: peg-native
slot get_availabl: id  0 | task -1 | selected slot by LCP similarity, sim_best = 0.169 (> 0.100 thold), f_keep = 0.182
srv  get_availabl: updating prompt cache
srv   prompt_save:  - saving prompt with length 2919, total state size = 79.850 MiB
srv          load:  - looking for better prompt, base f_keep = 0.182, sim = 0.169
srv        update:  - cache state: 2 prompts, 158.470 MiB (limits: 8192.000 MiB, 3072 tokens, 299465 est)
srv        update:    - prompt 00000151E89AD950:    2874 tokens, checkpoints:  0,    78.619 MiB
srv        update:    - prompt 00000151E619A9A0:    2919 tokens, checkpoints:  0,    79.850 MiB
srv  get_availabl: prompt cache update took 350.61 ms
slot launch_slot_: id  0 | task -1 | sampler chain: logits -> ?penalties -> ?dry -> ?top-n-sigma -> top-k -> ?typical -> top-p -> ?min-p -> ?xtc -> temp-ext -> dist 
slot launch_slot_: id  0 | task 213 | processing task, is_child = 0
slot update_slots: id  0 | task 213 | new prompt, n_ctx_slot = 3072, n_keep = 0, task.n_tokens = 3141
srv    send_error: task id = 213, error: request (3141 tokens) exceeds the available context size (3072 tokens), try increasing it
slot      release: id  0 | task 213 | stop processing: n_tokens = 2919, truncated = 0
srv          stop: cancel task, id_task = 213
srv  update_slots: no tokens to decode
srv  update_slots: all slots are idle
srv  log_server_r: done request: POST /v1/chat/completions 127.0.0.1 400
load_backend: loaded RPC backend from D:\DATN\legal_ai_source\source_code\models\llama-b8644-bin-win-vulkan-x64\ggml-rpc.dll
load_backend: loaded Vulkan backend from D:\DATN\legal_ai_source\source_code\models\llama-b8644-bin-win-vulkan-x64\ggml-vulkan.dll
load_backend: loaded CPU backend from D:\DATN\legal_ai_source\source_code\models\llama-b8644-bin-win-vulkan-x64\ggml-cpu-icelake.dll
system info: n_threads = 4, n_threads_batch = 4, total_threads = 8

system_info: n_threads = 4 (n_threads_batch = 4) / 8 | CPU : SSE3 = 1 | SSSE3 = 1 | AVX = 1 | AVX2 = 1 | F16C = 1 | FMA = 1 | BMI2 = 1 | AVX512 = 1 | AVX512_VBMI = 1 | AVX512_VNNI = 1 | LLAMAFILE = 1 | OPENMP = 1 | REPACK = 1 | 

Running without SSL
init: using 7 threads for HTTP server
start: binding port with default address family
main: loading model
srv    load_model: loading model 'D:\DATN\legal_ai_source\source_code\models\qwen2.5-1.5b-instruct-q4_k_m.gguf'
common_init_result: fitting params to device memory, for bugs during this step try to reproduce them with -fit off, or provide --verbose logs if the bug only occurs with -fit on
llama_params_fit_impl: projected to use 213 MiB of device memory vs. 3525 MiB of free device memory
llama_params_fit_impl: will leave 3311 >= 1024 MiB of free device memory, no changes needed
llama_params_fit: successfully fit params to free device memory
llama_params_fit: fitting params to free memory took 0.48 seconds
llama_model_load_from_file_impl: using device Vulkan0 (Intel(R) Iris(R) Xe Graphics) (unknown id) - 3525 MiB free
llama_model_loader: loaded meta data with 26 key-value pairs and 339 tensors from D:\DATN\legal_ai_source\source_code\models\qwen2.5-1.5b-instruct-q4_k_m.gguf (version GGUF V3 (latest))
llama_model_loader: Dumping metadata keys/values. Note: KV overrides do not apply in this output.
llama_model_loader: - kv   0:                       general.architecture str              = qwen2
llama_model_loader: - kv   1:                               general.type str              = model
llama_model_loader: - kv   2:                               general.name str              = qwen2.5-1.5b-instruct
llama_model_loader: - kv   3:                            general.version str              = v0.1
llama_model_loader: - kv   4:                           general.finetune str              = qwen2.5-1.5b-instruct
llama_model_loader: - kv   5:                         general.size_label str              = 1.8B
llama_model_loader: - kv   6:                          qwen2.block_count u32              = 28
llama_model_loader: - kv   7:                       qwen2.context_length u32              = 32768
llama_model_loader: - kv   8:                     qwen2.embedding_length u32              = 1536
llama_model_loader: - kv   9:                  qwen2.feed_forward_length u32              = 8960
llama_model_loader: - kv  10:                 qwen2.attention.head_count u32              = 12
llama_model_loader: - kv  11:              qwen2.attention.head_count_kv u32              = 2
llama_model_loader: - kv  12:                       qwen2.rope.freq_base f32              = 1000000.000000
llama_model_loader: - kv  13:     qwen2.attention.layer_norm_rms_epsilon f32              = 0.000001
llama_model_loader: - kv  14:                          general.file_type u32              = 15
llama_model_loader: - kv  15:                       tokenizer.ggml.model str              = gpt2
llama_model_loader: - kv  16:                         tokenizer.ggml.pre str              = qwen2
llama_model_loader: - kv  17:                      tokenizer.ggml.tokens arr[str,151936]  = ["!", "\"", "#", "$", "%", "&", "'", ...
llama_model_loader: - kv  18:                  tokenizer.ggml.token_type arr[i32,151936]  = [1, 1, 1, 1, 1, 1, 1, 1, 1, 1, 1, 1, ...
llama_model_loader: - kv  19:                      tokenizer.ggml.merges arr[str,151387]  = ["Ġ Ġ", "ĠĠ ĠĠ", "i n", "Ġ t",...
llama_model_loader: - kv  20:                tokenizer.ggml.eos_token_id u32              = 151645
llama_model_loader: - kv  21:            tokenizer.ggml.padding_token_id u32              = 151643
llama_model_loader: - kv  22:                tokenizer.ggml.bos_token_id u32              = 151643
llama_model_loader: - kv  23:               tokenizer.ggml.add_bos_token bool             = false
llama_model_loader: - kv  24:                    tokenizer.chat_template str              = {%- if tools %}\n    {{- '<|im_start|>...
llama_model_loader: - kv  25:               general.quantization_version u32              = 2
llama_model_loader: - type  f32:  141 tensors
llama_model_loader: - type q4_K:  169 tensors
llama_model_loader: - type q6_K:   29 tensors
print_info: file format = GGUF V3 (latest)
print_info: file type   = Q4_K - Medium
print_info: file size   = 1.04 GiB (5.00 BPW) 
load: 0 unused tokens
load: control-looking token: 128247 '</s>' was not control-type; this is probably a bug in the model. its type will be overridden
load: printing all EOG tokens:
load:   - 128247 ('</s>')
load:   - 151643 ('<|endoftext|>')
load:   - 151645 ('<|im_end|>')
load:   - 151662 ('<|fim_pad|>')
load:   - 151663 ('<|repo_name|>')
load:   - 151664 ('<|file_sep|>')
load: special tokens cache size = 23
load: token to piece cache size = 0.9310 MB
print_info: arch                  = qwen2
print_info: vocab_only            = 0
print_info: no_alloc              = 0
print_info: n_ctx_train           = 32768
print_info: n_embd                = 1536
print_info: n_embd_inp            = 1536
print_info: n_layer               = 28
print_info: n_head                = 12
print_info: n_head_kv             = 2
print_info: n_rot                 = 128
print_info: n_swa                 = 0
print_info: is_swa_any            = 0
print_info: n_embd_head_k         = 128
print_info: n_embd_head_v         = 128
print_info: n_gqa                 = 6
print_info: n_embd_k_gqa          = 256
print_info: n_embd_v_gqa          = 256
print_info: f_norm_eps            = 0.0e+00
print_info: f_norm_rms_eps        = 1.0e-06
print_info: f_clamp_kqv           = 0.0e+00
print_info: f_max_alibi_bias      = 0.0e+00
print_info: f_logit_scale         = 0.0e+00
print_info: f_attn_scale          = 0.0e+00
print_info: n_ff                  = 8960
print_info: n_expert              = 0
print_info: n_expert_used         = 0
print_info: n_expert_groups       = 0
print_info: n_group_used          = 0
print_info: causal attn           = 1
print_info: pooling type          = -1
print_info: rope type             = 2
print_info: rope scaling          = linear
print_info: freq_base_train       = 1000000.0
print_info: freq_scale_train      = 1
print_info: n_ctx_orig_yarn       = 32768
print_info: rope_yarn_log_mul     = 0.0000
print_info: rope_finetuned        = unknown
print_info: model type            = 1.5B
print_info: model params          = 1.78 B
print_info: general.name          = qwen2.5-1.5b-instruct
print_info: vocab type            = BPE
print_info: n_vocab               = 151936
print_info: n_merges              = 151387
print_info: BOS token             = 151643 '<|endoftext|>'
print_info: EOS token             = 151645 '<|im_end|>'
print_info: EOT token             = 151645 '<|im_end|>'
print_info: PAD token             = 151643 '<|endoftext|>'
print_info: LF token              = 198 'Ċ'
print_info: FIM PRE token         = 151659 '<|fim_prefix|>'
print_info: FIM SUF token         = 151661 '<|fim_suffix|>'
print_info: FIM MID token         = 151660 '<|fim_middle|>'
print_info: FIM PAD token         = 151662 '<|fim_pad|>'
print_info: FIM REP token         = 151663 '<|repo_name|>'
print_info: FIM SEP token         = 151664 '<|file_sep|>'
print_info: EOG token             = 128247 '</s>'
print_info: EOG token             = 151643 '<|endoftext|>'
print_info: EOG token             = 151645 '<|im_end|>'
print_info: EOG token             = 151662 '<|fim_pad|>'
print_info: EOG token             = 151663 '<|repo_name|>'
print_info: EOG token             = 151664 '<|file_sep|>'
print_info: max token length      = 256
load_tensors: loading model tensors, this can take a while... (mmap = true, direct_io = false)
load_tensors: offloading 0 repeating layers to GPU
load_tensors: offloaded 0/29 layers to GPU
load_tensors:   CPU_Mapped model buffer size =  1059.89 MiB
.........................................................................
common_init_result: added </s> logit bias = -inf
common_init_result: added <|endoftext|> logit bias = -inf
common_init_result: added <|im_end|> logit bias = -inf
common_init_result: added <|fim_pad|> logit bias = -inf
common_init_result: added <|repo_name|> logit bias = -inf
common_init_result: added <|file_sep|> logit bias = -inf
llama_context: constructing llama_context
llama_context: n_seq_max     = 1
llama_context: n_ctx         = 3072
llama_context: n_ctx_seq     = 3072
llama_context: n_batch       = 32
llama_context: n_ubatch      = 32
llama_context: causal_attn   = 1
llama_context: flash_attn    = auto
llama_context: kv_unified    = false
llama_context: freq_base     = 1000000.0
llama_context: freq_scale    = 1
llama_context: n_ctx_seq (3072) < n_ctx_train (32768) -- the full capacity of the model will not be utilized
llama_context:        CPU  output buffer size =     0.58 MiB
llama_kv_cache:        CPU KV buffer size =    84.00 MiB
llama_kv_cache: size =   84.00 MiB (  3072 cells,  28 layers,  1/1 seqs), K (f16):   42.00 MiB, V (f16):   42.00 MiB
llama_kv_cache: attn_rot_k = 0
llama_kv_cache: attn_rot_v = 0
sched_reserve: reserving ...
sched_reserve: Flash Attention was auto, set to enabled
sched_reserve: resolving fused Gated Delta Net support:
sched_reserve: fused Gated Delta Net (autoregressive) enabled
sched_reserve: fused Gated Delta Net (chunked) enabled
sched_reserve:    Vulkan0 compute buffer size =   213.35 MiB
sched_reserve: Vulkan_Host compute buffer size =     0.75 MiB
sched_reserve: graph nodes  = 959
sched_reserve: graph splits = 396 (with bs=32), 1 (with bs=1)
sched_reserve: reserve took 193.59 ms, sched copies = 1
common_init_from_params: warming up the model with an empty run - please wait ... (--no-warmup to disable)
srv    load_model: initializing slots, n_slots = 1
no implementations specified for speculative decoding
slot   load_model: id  0 | task -1 | speculative decoding context not initialized
slot   load_model: id  0 | task -1 | new slot, n_ctx = 3072
srv    load_model: prompt cache is enabled, size limit: 8192 MiB
srv    load_model: use `--cache-ram 0` to disable the prompt cache
srv    load_model: for more info see https://github.com/ggml-org/llama.cpp/pull/16391
init: chat template, example_format: '<|im_start|>system
You are a helpful assistant<|im_end|>
<|im_start|>user
Hello<|im_end|>
<|im_start|>assistant
Hi there<|im_end|>
<|im_start|>user
How are you?<|im_end|>
<|im_start|>assistant
'
srv          init: init: chat template, thinking = 0
main: model loaded
main: server is listening on http://127.0.0.1:8080
main: starting the main loop...
srv  update_slots: all slots are idle
load_backend: loaded RPC backend from D:\DATN\legal_ai_source\source_code\models\llama-b8644-bin-win-vulkan-x64\ggml-rpc.dll
load_backend: loaded Vulkan backend from D:\DATN\legal_ai_source\source_code\models\llama-b8644-bin-win-vulkan-x64\ggml-vulkan.dll
load_backend: loaded CPU backend from D:\DATN\legal_ai_source\source_code\models\llama-b8644-bin-win-vulkan-x64\ggml-cpu-icelake.dll
system info: n_threads = 4, n_threads_batch = 4, total_threads = 8

system_info: n_threads = 4 (n_threads_batch = 4) / 8 | CPU : SSE3 = 1 | SSSE3 = 1 | AVX = 1 | AVX2 = 1 | F16C = 1 | FMA = 1 | BMI2 = 1 | AVX512 = 1 | AVX512_VBMI = 1 | AVX512_VNNI = 1 | LLAMAFILE = 1 | OPENMP = 1 | REPACK = 1 | 

Running without SSL
init: using 7 threads for HTTP server
start: binding port with default address family
main: loading model
srv    load_model: loading model 'D:\DATN\legal_ai_source\source_code\models\qwen2.5-1.5b-instruct-q4_k_m.gguf'
common_init_result: fitting params to device memory, for bugs during this step try to reproduce them with -fit off, or provide --verbose logs if the bug only occurs with -fit on
llama_params_fit_impl: projected to use 213 MiB of device memory vs. 3525 MiB of free device memory
llama_params_fit_impl: will leave 3311 >= 1024 MiB of free device memory, no changes needed
llama_params_fit: successfully fit params to free device memory
llama_params_fit: fitting params to free memory took 0.51 seconds
llama_model_load_from_file_impl: using device Vulkan0 (Intel(R) Iris(R) Xe Graphics) (unknown id) - 3525 MiB free
llama_model_loader: loaded meta data with 26 key-value pairs and 339 tensors from D:\DATN\legal_ai_source\source_code\models\qwen2.5-1.5b-instruct-q4_k_m.gguf (version GGUF V3 (latest))
llama_model_loader: Dumping metadata keys/values. Note: KV overrides do not apply in this output.
llama_model_loader: - kv   0:                       general.architecture str              = qwen2
llama_model_loader: - kv   1:                               general.type str              = model
llama_model_loader: - kv   2:                               general.name str              = qwen2.5-1.5b-instruct
llama_model_loader: - kv   3:                            general.version str              = v0.1
llama_model_loader: - kv   4:                           general.finetune str              = qwen2.5-1.5b-instruct
llama_model_loader: - kv   5:                         general.size_label str              = 1.8B
llama_model_loader: - kv   6:                          qwen2.block_count u32              = 28
llama_model_loader: - kv   7:                       qwen2.context_length u32              = 32768
llama_model_loader: - kv   8:                     qwen2.embedding_length u32              = 1536
llama_model_loader: - kv   9:                  qwen2.feed_forward_length u32              = 8960
llama_model_loader: - kv  10:                 qwen2.attention.head_count u32              = 12
llama_model_loader: - kv  11:              qwen2.attention.head_count_kv u32              = 2
llama_model_loader: - kv  12:                       qwen2.rope.freq_base f32              = 1000000.000000
llama_model_loader: - kv  13:     qwen2.attention.layer_norm_rms_epsilon f32              = 0.000001
llama_model_loader: - kv  14:                          general.file_type u32              = 15
llama_model_loader: - kv  15:                       tokenizer.ggml.model str              = gpt2
llama_model_loader: - kv  16:                         tokenizer.ggml.pre str              = qwen2
llama_model_loader: - kv  17:                      tokenizer.ggml.tokens arr[str,151936]  = ["!", "\"", "#", "$", "%", "&", "'", ...
llama_model_loader: - kv  18:                  tokenizer.ggml.token_type arr[i32,151936]  = [1, 1, 1, 1, 1, 1, 1, 1, 1, 1, 1, 1, ...
llama_model_loader: - kv  19:                      tokenizer.ggml.merges arr[str,151387]  = ["Ġ Ġ", "ĠĠ ĠĠ", "i n", "Ġ t",...
llama_model_loader: - kv  20:                tokenizer.ggml.eos_token_id u32              = 151645
llama_model_loader: - kv  21:            tokenizer.ggml.padding_token_id u32              = 151643
llama_model_loader: - kv  22:                tokenizer.ggml.bos_token_id u32              = 151643
llama_model_loader: - kv  23:               tokenizer.ggml.add_bos_token bool             = false
llama_model_loader: - kv  24:                    tokenizer.chat_template str              = {%- if tools %}\n    {{- '<|im_start|>...
llama_model_loader: - kv  25:               general.quantization_version u32              = 2
llama_model_loader: - type  f32:  141 tensors
llama_model_loader: - type q4_K:  169 tensors
llama_model_loader: - type q6_K:   29 tensors
print_info: file format = GGUF V3 (latest)
print_info: file type   = Q4_K - Medium
print_info: file size   = 1.04 GiB (5.00 BPW) 
load: 0 unused tokens
load: control-looking token: 128247 '</s>' was not control-type; this is probably a bug in the model. its type will be overridden
load: printing all EOG tokens:
load:   - 128247 ('</s>')
load:   - 151643 ('<|endoftext|>')
load:   - 151645 ('<|im_end|>')
load:   - 151662 ('<|fim_pad|>')
load:   - 151663 ('<|repo_name|>')
load:   - 151664 ('<|file_sep|>')
load: special tokens cache size = 23
load: token to piece cache size = 0.9310 MB
print_info: arch                  = qwen2
print_info: vocab_only            = 0
print_info: no_alloc              = 0
print_info: n_ctx_train           = 32768
print_info: n_embd                = 1536
print_info: n_embd_inp            = 1536
print_info: n_layer               = 28
print_info: n_head                = 12
print_info: n_head_kv             = 2
print_info: n_rot                 = 128
print_info: n_swa                 = 0
print_info: is_swa_any            = 0
print_info: n_embd_head_k         = 128
print_info: n_embd_head_v         = 128
print_info: n_gqa                 = 6
print_info: n_embd_k_gqa          = 256
print_info: n_embd_v_gqa          = 256
print_info: f_norm_eps            = 0.0e+00
print_info: f_norm_rms_eps        = 1.0e-06
print_info: f_clamp_kqv           = 0.0e+00
print_info: f_max_alibi_bias      = 0.0e+00
print_info: f_logit_scale         = 0.0e+00
print_info: f_attn_scale          = 0.0e+00
print_info: n_ff                  = 8960
print_info: n_expert              = 0
print_info: n_expert_used         = 0
print_info: n_expert_groups       = 0
print_info: n_group_used          = 0
print_info: causal attn           = 1
print_info: pooling type          = -1
print_info: rope type             = 2
print_info: rope scaling          = linear
print_info: freq_base_train       = 1000000.0
print_info: freq_scale_train      = 1
print_info: n_ctx_orig_yarn       = 32768
print_info: rope_yarn_log_mul     = 0.0000
print_info: rope_finetuned        = unknown
print_info: model type            = 1.5B
print_info: model params          = 1.78 B
print_info: general.name          = qwen2.5-1.5b-instruct
print_info: vocab type            = BPE
print_info: n_vocab               = 151936
print_info: n_merges              = 151387
print_info: BOS token             = 151643 '<|endoftext|>'
print_info: EOS token             = 151645 '<|im_end|>'
print_info: EOT token             = 151645 '<|im_end|>'
print_info: PAD token             = 151643 '<|endoftext|>'
print_info: LF token              = 198 'Ċ'
print_info: FIM PRE token         = 151659 '<|fim_prefix|>'
print_info: FIM SUF token         = 151661 '<|fim_suffix|>'
print_info: FIM MID token         = 151660 '<|fim_middle|>'
print_info: FIM PAD token         = 151662 '<|fim_pad|>'
print_info: FIM REP token         = 151663 '<|repo_name|>'
print_info: FIM SEP token         = 151664 '<|file_sep|>'
print_info: EOG token             = 128247 '</s>'
print_info: EOG token             = 151643 '<|endoftext|>'
print_info: EOG token             = 151645 '<|im_end|>'
print_info: EOG token             = 151662 '<|fim_pad|>'
print_info: EOG token             = 151663 '<|repo_name|>'
print_info: EOG token             = 151664 '<|file_sep|>'
print_info: max token length      = 256
load_tensors: loading model tensors, this can take a while... (mmap = true, direct_io = false)
load_tensors: offloading 0 repeating layers to GPU
load_tensors: offloaded 0/29 layers to GPU
load_tensors:   CPU_Mapped model buffer size =  1059.89 MiB
.........................................................................
common_init_result: added </s> logit bias = -inf
common_init_result: added <|endoftext|> logit bias = -inf
common_init_result: added <|im_end|> logit bias = -inf
common_init_result: added <|fim_pad|> logit bias = -inf
common_init_result: added <|repo_name|> logit bias = -inf
common_init_result: added <|file_sep|> logit bias = -inf
llama_context: constructing llama_context
llama_context: n_seq_max     = 1
llama_context: n_ctx         = 3072
llama_context: n_ctx_seq     = 3072
llama_context: n_batch       = 32
llama_context: n_ubatch      = 32
llama_context: causal_attn   = 1
llama_context: flash_attn    = auto
llama_context: kv_unified    = false
llama_context: freq_base     = 1000000.0
llama_context: freq_scale    = 1
llama_context: n_ctx_seq (3072) < n_ctx_train (32768) -- the full capacity of the model will not be utilized
llama_context:        CPU  output buffer size =     0.58 MiB
llama_kv_cache:        CPU KV buffer size =    84.00 MiB
llama_kv_cache: size =   84.00 MiB (  3072 cells,  28 layers,  1/1 seqs), K (f16):   42.00 MiB, V (f16):   42.00 MiB
llama_kv_cache: attn_rot_k = 0
llama_kv_cache: attn_rot_v = 0
sched_reserve: reserving ...
sched_reserve: Flash Attention was auto, set to enabled
sched_reserve: resolving fused Gated Delta Net support:
sched_reserve: fused Gated Delta Net (autoregressive) enabled
sched_reserve: fused Gated Delta Net (chunked) enabled
sched_reserve:    Vulkan0 compute buffer size =   213.35 MiB
sched_reserve: Vulkan_Host compute buffer size =     0.75 MiB
sched_reserve: graph nodes  = 959
sched_reserve: graph splits = 396 (with bs=32), 1 (with bs=1)
sched_reserve: reserve took 209.92 ms, sched copies = 1
common_init_from_params: warming up the model with an empty run - please wait ... (--no-warmup to disable)
srv    load_model: initializing slots, n_slots = 1
no implementations specified for speculative decoding
slot   load_model: id  0 | task -1 | speculative decoding context not initialized
slot   load_model: id  0 | task -1 | new slot, n_ctx = 3072
srv    load_model: prompt cache is enabled, size limit: 8192 MiB
srv    load_model: use `--cache-ram 0` to disable the prompt cache
srv    load_model: for more info see https://github.com/ggml-org/llama.cpp/pull/16391
init: chat template, example_format: '<|im_start|>system
You are a helpful assistant<|im_end|>
<|im_start|>user
Hello<|im_end|>
<|im_start|>assistant
Hi there<|im_end|>
<|im_start|>user
How are you?<|im_end|>
<|im_start|>assistant
'
srv          init: init: chat template, thinking = 0
main: model loaded
main: server is listening on http://127.0.0.1:8080
main: starting the main loop...
srv  update_slots: all slots are idle
load_backend: loaded RPC backend from D:\DATN\legal_ai_source\source_code\models\llama-b8644-bin-win-vulkan-x64\ggml-rpc.dll
load_backend: loaded Vulkan backend from D:\DATN\legal_ai_source\source_code\models\llama-b8644-bin-win-vulkan-x64\ggml-vulkan.dll
load_backend: loaded CPU backend from D:\DATN\legal_ai_source\source_code\models\llama-b8644-bin-win-vulkan-x64\ggml-cpu-icelake.dll
system info: n_threads = 4, n_threads_batch = 4, total_threads = 8

system_info: n_threads = 4 (n_threads_batch = 4) / 8 | CPU : SSE3 = 1 | SSSE3 = 1 | AVX = 1 | AVX2 = 1 | F16C = 1 | FMA = 1 | BMI2 = 1 | AVX512 = 1 | AVX512_VBMI = 1 | AVX512_VNNI = 1 | LLAMAFILE = 1 | OPENMP = 1 | REPACK = 1 | 

Running without SSL
init: using 7 threads for HTTP server
start: binding port with default address family
main: loading model
srv    load_model: loading model 'D:\DATN\legal_ai_source\source_code\models\qwen2.5-1.5b-instruct-q4_k_m.gguf'
common_init_result: fitting params to device memory, for bugs during this step try to reproduce them with -fit off, or provide --verbose logs if the bug only occurs with -fit on
llama_params_fit_impl: projected to use 213 MiB of device memory vs. 3525 MiB of free device memory
llama_params_fit_impl: will leave 3311 >= 1024 MiB of free device memory, no changes needed
llama_params_fit: successfully fit params to free device memory
llama_params_fit: fitting params to free memory took 0.57 seconds
llama_model_load_from_file_impl: using device Vulkan0 (Intel(R) Iris(R) Xe Graphics) (unknown id) - 3525 MiB free
llama_model_loader: loaded meta data with 26 key-value pairs and 339 tensors from D:\DATN\legal_ai_source\source_code\models\qwen2.5-1.5b-instruct-q4_k_m.gguf (version GGUF V3 (latest))
llama_model_loader: Dumping metadata keys/values. Note: KV overrides do not apply in this output.
llama_model_loader: - kv   0:                       general.architecture str              = qwen2
llama_model_loader: - kv   1:                               general.type str              = model
llama_model_loader: - kv   2:                               general.name str              = qwen2.5-1.5b-instruct
llama_model_loader: - kv   3:                            general.version str              = v0.1
llama_model_loader: - kv   4:                           general.finetune str              = qwen2.5-1.5b-instruct
llama_model_loader: - kv   5:                         general.size_label str              = 1.8B
llama_model_loader: - kv   6:                          qwen2.block_count u32              = 28
llama_model_loader: - kv   7:                       qwen2.context_length u32              = 32768
llama_model_loader: - kv   8:                     qwen2.embedding_length u32              = 1536
llama_model_loader: - kv   9:                  qwen2.feed_forward_length u32              = 8960
llama_model_loader: - kv  10:                 qwen2.attention.head_count u32              = 12
llama_model_loader: - kv  11:              qwen2.attention.head_count_kv u32              = 2
llama_model_loader: - kv  12:                       qwen2.rope.freq_base f32              = 1000000.000000
llama_model_loader: - kv  13:     qwen2.attention.layer_norm_rms_epsilon f32              = 0.000001
llama_model_loader: - kv  14:                          general.file_type u32              = 15
llama_model_loader: - kv  15:                       tokenizer.ggml.model str              = gpt2
llama_model_loader: - kv  16:                         tokenizer.ggml.pre str              = qwen2
llama_model_loader: - kv  17:                      tokenizer.ggml.tokens arr[str,151936]  = ["!", "\"", "#", "$", "%", "&", "'", ...
llama_model_loader: - kv  18:                  tokenizer.ggml.token_type arr[i32,151936]  = [1, 1, 1, 1, 1, 1, 1, 1, 1, 1, 1, 1, ...
llama_model_loader: - kv  19:                      tokenizer.ggml.merges arr[str,151387]  = ["Ġ Ġ", "ĠĠ ĠĠ", "i n", "Ġ t",...
llama_model_loader: - kv  20:                tokenizer.ggml.eos_token_id u32              = 151645
llama_model_loader: - kv  21:            tokenizer.ggml.padding_token_id u32              = 151643
llama_model_loader: - kv  22:                tokenizer.ggml.bos_token_id u32              = 151643
llama_model_loader: - kv  23:               tokenizer.ggml.add_bos_token bool             = false
llama_model_loader: - kv  24:                    tokenizer.chat_template str              = {%- if tools %}\n    {{- '<|im_start|>...
llama_model_loader: - kv  25:               general.quantization_version u32              = 2
llama_model_loader: - type  f32:  141 tensors
llama_model_loader: - type q4_K:  169 tensors
llama_model_loader: - type q6_K:   29 tensors
print_info: file format = GGUF V3 (latest)
print_info: file type   = Q4_K - Medium
print_info: file size   = 1.04 GiB (5.00 BPW) 
load: 0 unused tokens
load: control-looking token: 128247 '</s>' was not control-type; this is probably a bug in the model. its type will be overridden
load: printing all EOG tokens:
load:   - 128247 ('</s>')
load:   - 151643 ('<|endoftext|>')
load:   - 151645 ('<|im_end|>')
load:   - 151662 ('<|fim_pad|>')
load:   - 151663 ('<|repo_name|>')
load:   - 151664 ('<|file_sep|>')
load: special tokens cache size = 23
load: token to piece cache size = 0.9310 MB
print_info: arch                  = qwen2
print_info: vocab_only            = 0
print_info: no_alloc              = 0
print_info: n_ctx_train           = 32768
print_info: n_embd                = 1536
print_info: n_embd_inp            = 1536
print_info: n_layer               = 28
print_info: n_head                = 12
print_info: n_head_kv             = 2
print_info: n_rot                 = 128
print_info: n_swa                 = 0
print_info: is_swa_any            = 0
print_info: n_embd_head_k         = 128
print_info: n_embd_head_v         = 128
print_info: n_gqa                 = 6
print_info: n_embd_k_gqa          = 256
print_info: n_embd_v_gqa          = 256
print_info: f_norm_eps            = 0.0e+00
print_info: f_norm_rms_eps        = 1.0e-06
print_info: f_clamp_kqv           = 0.0e+00
print_info: f_max_alibi_bias      = 0.0e+00
print_info: f_logit_scale         = 0.0e+00
print_info: f_attn_scale          = 0.0e+00
print_info: n_ff                  = 8960
print_info: n_expert              = 0
print_info: n_expert_used         = 0
print_info: n_expert_groups       = 0
print_info: n_group_used          = 0
print_info: causal attn           = 1
print_info: pooling type          = -1
print_info: rope type             = 2
print_info: rope scaling          = linear
print_info: freq_base_train       = 1000000.0
print_info: freq_scale_train      = 1
print_info: n_ctx_orig_yarn       = 32768
print_info: rope_yarn_log_mul     = 0.0000
print_info: rope_finetuned        = unknown
print_info: model type            = 1.5B
print_info: model params          = 1.78 B
print_info: general.name          = qwen2.5-1.5b-instruct
print_info: vocab type            = BPE
print_info: n_vocab               = 151936
print_info: n_merges              = 151387
print_info: BOS token             = 151643 '<|endoftext|>'
print_info: EOS token             = 151645 '<|im_end|>'
print_info: EOT token             = 151645 '<|im_end|>'
print_info: PAD token             = 151643 '<|endoftext|>'
print_info: LF token              = 198 'Ċ'
print_info: FIM PRE token         = 151659 '<|fim_prefix|>'
print_info: FIM SUF token         = 151661 '<|fim_suffix|>'
print_info: FIM MID token         = 151660 '<|fim_middle|>'
print_info: FIM PAD token         = 151662 '<|fim_pad|>'
print_info: FIM REP token         = 151663 '<|repo_name|>'
print_info: FIM SEP token         = 151664 '<|file_sep|>'
print_info: EOG token             = 128247 '</s>'
print_info: EOG token             = 151643 '<|endoftext|>'
print_info: EOG token             = 151645 '<|im_end|>'
print_info: EOG token             = 151662 '<|fim_pad|>'
print_info: EOG token             = 151663 '<|repo_name|>'
print_info: EOG token             = 151664 '<|file_sep|>'
print_info: max token length      = 256
load_tensors: loading model tensors, this can take a while... (mmap = true, direct_io = false)
load_tensors: offloading 0 repeating layers to GPU
load_tensors: offloaded 0/29 layers to GPU
load_tensors:   CPU_Mapped model buffer size =  1059.89 MiB
.........................................................................
common_init_result: added </s> logit bias = -inf
common_init_result: added <|endoftext|> logit bias = -inf
common_init_result: added <|im_end|> logit bias = -inf
common_init_result: added <|fim_pad|> logit bias = -inf
common_init_result: added <|repo_name|> logit bias = -inf
common_init_result: added <|file_sep|> logit bias = -inf
llama_context: constructing llama_context
llama_context: n_seq_max     = 1
llama_context: n_ctx         = 3072
llama_context: n_ctx_seq     = 3072
llama_context: n_batch       = 32
llama_context: n_ubatch      = 32
llama_context: causal_attn   = 1
llama_context: flash_attn    = auto
llama_context: kv_unified    = false
llama_context: freq_base     = 1000000.0
llama_context: freq_scale    = 1
llama_context: n_ctx_seq (3072) < n_ctx_train (32768) -- the full capacity of the model will not be utilized
llama_context:        CPU  output buffer size =     0.58 MiB
llama_kv_cache:        CPU KV buffer size =    84.00 MiB
llama_kv_cache: size =   84.00 MiB (  3072 cells,  28 layers,  1/1 seqs), K (f16):   42.00 MiB, V (f16):   42.00 MiB
llama_kv_cache: attn_rot_k = 0
llama_kv_cache: attn_rot_v = 0
sched_reserve: reserving ...
sched_reserve: Flash Attention was auto, set to enabled
sched_reserve: resolving fused Gated Delta Net support:
sched_reserve: fused Gated Delta Net (autoregressive) enabled
sched_reserve: fused Gated Delta Net (chunked) enabled
sched_reserve:    Vulkan0 compute buffer size =   213.35 MiB
sched_reserve: Vulkan_Host compute buffer size =     0.75 MiB
sched_reserve: graph nodes  = 959
sched_reserve: graph splits = 396 (with bs=32), 1 (with bs=1)
sched_reserve: reserve took 226.43 ms, sched copies = 1
common_init_from_params: warming up the model with an empty run - please wait ... (--no-warmup to disable)
srv    load_model: initializing slots, n_slots = 1
no implementations specified for speculative decoding
slot   load_model: id  0 | task -1 | speculative decoding context not initialized
slot   load_model: id  0 | task -1 | new slot, n_ctx = 3072
srv    load_model: prompt cache is enabled, size limit: 8192 MiB
srv    load_model: use `--cache-ram 0` to disable the prompt cache
srv    load_model: for more info see https://github.com/ggml-org/llama.cpp/pull/16391
init: chat template, example_format: '<|im_start|>system
You are a helpful assistant<|im_end|>
<|im_start|>user
Hello<|im_end|>
<|im_start|>assistant
Hi there<|im_end|>
<|im_start|>user
How are you?<|im_end|>
<|im_start|>assistant
'
srv          init: init: chat template, thinking = 0
main: model loaded
main: server is listening on http://127.0.0.1:8080
main: starting the main loop...
srv  update_slots: all slots are idle
load_backend: loaded RPC backend from D:\DATN\legal_ai_source\source_code\models\llama-b8644-bin-win-vulkan-x64\ggml-rpc.dll
load_backend: loaded Vulkan backend from D:\DATN\legal_ai_source\source_code\models\llama-b8644-bin-win-vulkan-x64\ggml-vulkan.dll
load_backend: loaded CPU backend from D:\DATN\legal_ai_source\source_code\models\llama-b8644-bin-win-vulkan-x64\ggml-cpu-icelake.dll
system info: n_threads = 4, n_threads_batch = 4, total_threads = 8

system_info: n_threads = 4 (n_threads_batch = 4) / 8 | CPU : SSE3 = 1 | SSSE3 = 1 | AVX = 1 | AVX2 = 1 | F16C = 1 | FMA = 1 | BMI2 = 1 | AVX512 = 1 | AVX512_VBMI = 1 | AVX512_VNNI = 1 | LLAMAFILE = 1 | OPENMP = 1 | REPACK = 1 | 

Running without SSL
init: using 7 threads for HTTP server
start: binding port with default address family
main: loading model
srv    load_model: loading model 'D:\DATN\legal_ai_source\source_code\models\qwen2.5-1.5b-instruct-q4_k_m.gguf'
common_init_result: fitting params to device memory, for bugs during this step try to reproduce them with -fit off, or provide --verbose logs if the bug only occurs with -fit on
llama_params_fit_impl: projected to use 213 MiB of device memory vs. 3525 MiB of free device memory
llama_params_fit_impl: will leave 3311 >= 1024 MiB of free device memory, no changes needed
llama_params_fit: successfully fit params to free device memory
llama_params_fit: fitting params to free memory took 0.50 seconds
llama_model_load_from_file_impl: using device Vulkan0 (Intel(R) Iris(R) Xe Graphics) (unknown id) - 3525 MiB free
llama_model_loader: loaded meta data with 26 key-value pairs and 339 tensors from D:\DATN\legal_ai_source\source_code\models\qwen2.5-1.5b-instruct-q4_k_m.gguf (version GGUF V3 (latest))
llama_model_loader: Dumping metadata keys/values. Note: KV overrides do not apply in this output.
llama_model_loader: - kv   0:                       general.architecture str              = qwen2
llama_model_loader: - kv   1:                               general.type str              = model
llama_model_loader: - kv   2:                               general.name str              = qwen2.5-1.5b-instruct
llama_model_loader: - kv   3:                            general.version str              = v0.1
llama_model_loader: - kv   4:                           general.finetune str              = qwen2.5-1.5b-instruct
llama_model_loader: - kv   5:                         general.size_label str              = 1.8B
llama_model_loader: - kv   6:                          qwen2.block_count u32              = 28
llama_model_loader: - kv   7:                       qwen2.context_length u32              = 32768
llama_model_loader: - kv   8:                     qwen2.embedding_length u32              = 1536
llama_model_loader: - kv   9:                  qwen2.feed_forward_length u32              = 8960
llama_model_loader: - kv  10:                 qwen2.attention.head_count u32              = 12
llama_model_loader: - kv  11:              qwen2.attention.head_count_kv u32              = 2
llama_model_loader: - kv  12:                       qwen2.rope.freq_base f32              = 1000000.000000
llama_model_loader: - kv  13:     qwen2.attention.layer_norm_rms_epsilon f32              = 0.000001
llama_model_loader: - kv  14:                          general.file_type u32              = 15
llama_model_loader: - kv  15:                       tokenizer.ggml.model str              = gpt2
llama_model_loader: - kv  16:                         tokenizer.ggml.pre str              = qwen2
llama_model_loader: - kv  17:                      tokenizer.ggml.tokens arr[str,151936]  = ["!", "\"", "#", "$", "%", "&", "'", ...
llama_model_loader: - kv  18:                  tokenizer.ggml.token_type arr[i32,151936]  = [1, 1, 1, 1, 1, 1, 1, 1, 1, 1, 1, 1, ...
llama_model_loader: - kv  19:                      tokenizer.ggml.merges arr[str,151387]  = ["Ġ Ġ", "ĠĠ ĠĠ", "i n", "Ġ t",...
llama_model_loader: - kv  20:                tokenizer.ggml.eos_token_id u32              = 151645
llama_model_loader: - kv  21:            tokenizer.ggml.padding_token_id u32              = 151643
llama_model_loader: - kv  22:                tokenizer.ggml.bos_token_id u32              = 151643
llama_model_loader: - kv  23:               tokenizer.ggml.add_bos_token bool             = false
llama_model_loader: - kv  24:                    tokenizer.chat_template str              = {%- if tools %}\n    {{- '<|im_start|>...
llama_model_loader: - kv  25:               general.quantization_version u32              = 2
llama_model_loader: - type  f32:  141 tensors
llama_model_loader: - type q4_K:  169 tensors
llama_model_loader: - type q6_K:   29 tensors
print_info: file format = GGUF V3 (latest)
print_info: file type   = Q4_K - Medium
print_info: file size   = 1.04 GiB (5.00 BPW) 
load: 0 unused tokens
load: control-looking token: 128247 '</s>' was not control-type; this is probably a bug in the model. its type will be overridden
load: printing all EOG tokens:
load:   - 128247 ('</s>')
load:   - 151643 ('<|endoftext|>')
load:   - 151645 ('<|im_end|>')
load:   - 151662 ('<|fim_pad|>')
load:   - 151663 ('<|repo_name|>')
load:   - 151664 ('<|file_sep|>')
load: special tokens cache size = 23
load: token to piece cache size = 0.9310 MB
print_info: arch                  = qwen2
print_info: vocab_only            = 0
print_info: no_alloc              = 0
print_info: n_ctx_train           = 32768
print_info: n_embd                = 1536
print_info: n_embd_inp            = 1536
print_info: n_layer               = 28
print_info: n_head                = 12
print_info: n_head_kv             = 2
print_info: n_rot                 = 128
print_info: n_swa                 = 0
print_info: is_swa_any            = 0
print_info: n_embd_head_k         = 128
print_info: n_embd_head_v         = 128
print_info: n_gqa                 = 6
print_info: n_embd_k_gqa          = 256
print_info: n_embd_v_gqa          = 256
print_info: f_norm_eps            = 0.0e+00
print_info: f_norm_rms_eps        = 1.0e-06
print_info: f_clamp_kqv           = 0.0e+00
print_info: f_max_alibi_bias      = 0.0e+00
print_info: f_logit_scale         = 0.0e+00
print_info: f_attn_scale          = 0.0e+00
print_info: n_ff                  = 8960
print_info: n_expert              = 0
print_info: n_expert_used         = 0
print_info: n_expert_groups       = 0
print_info: n_group_used          = 0
print_info: causal attn           = 1
print_info: pooling type          = -1
print_info: rope type             = 2
print_info: rope scaling          = linear
print_info: freq_base_train       = 1000000.0
print_info: freq_scale_train      = 1
print_info: n_ctx_orig_yarn       = 32768
print_info: rope_yarn_log_mul     = 0.0000
print_info: rope_finetuned        = unknown
print_info: model type            = 1.5B
print_info: model params          = 1.78 B
print_info: general.name          = qwen2.5-1.5b-instruct
print_info: vocab type            = BPE
print_info: n_vocab               = 151936
print_info: n_merges              = 151387
print_info: BOS token             = 151643 '<|endoftext|>'
print_info: EOS token             = 151645 '<|im_end|>'
print_info: EOT token             = 151645 '<|im_end|>'
print_info: PAD token             = 151643 '<|endoftext|>'
print_info: LF token              = 198 'Ċ'
print_info: FIM PRE token         = 151659 '<|fim_prefix|>'
print_info: FIM SUF token         = 151661 '<|fim_suffix|>'
print_info: FIM MID token         = 151660 '<|fim_middle|>'
print_info: FIM PAD token         = 151662 '<|fim_pad|>'
print_info: FIM REP token         = 151663 '<|repo_name|>'
print_info: FIM SEP token         = 151664 '<|file_sep|>'
print_info: EOG token             = 128247 '</s>'
print_info: EOG token             = 151643 '<|endoftext|>'
print_info: EOG token             = 151645 '<|im_end|>'
print_info: EOG token             = 151662 '<|fim_pad|>'
print_info: EOG token             = 151663 '<|repo_name|>'
print_info: EOG token             = 151664 '<|file_sep|>'
print_info: max token length      = 256
load_tensors: loading model tensors, this can take a while... (mmap = true, direct_io = false)
load_tensors: offloading 0 repeating layers to GPU
load_tensors: offloaded 0/29 layers to GPU
load_tensors:   CPU_Mapped model buffer size =  1059.89 MiB
.........................................................................
common_init_result: added </s> logit bias = -inf
common_init_result: added <|endoftext|> logit bias = -inf
common_init_result: added <|im_end|> logit bias = -inf
common_init_result: added <|fim_pad|> logit bias = -inf
common_init_result: added <|repo_name|> logit bias = -inf
common_init_result: added <|file_sep|> logit bias = -inf
llama_context: constructing llama_context
llama_context: n_seq_max     = 1
llama_context: n_ctx         = 3072
llama_context: n_ctx_seq     = 3072
llama_context: n_batch       = 32
llama_context: n_ubatch      = 32
llama_context: causal_attn   = 1
llama_context: flash_attn    = auto
llama_context: kv_unified    = false
llama_context: freq_base     = 1000000.0
llama_context: freq_scale    = 1
llama_context: n_ctx_seq (3072) < n_ctx_train (32768) -- the full capacity of the model will not be utilized
llama_context:        CPU  output buffer size =     0.58 MiB
llama_kv_cache:        CPU KV buffer size =    84.00 MiB
llama_kv_cache: size =   84.00 MiB (  3072 cells,  28 layers,  1/1 seqs), K (f16):   42.00 MiB, V (f16):   42.00 MiB
llama_kv_cache: attn_rot_k = 0
llama_kv_cache: attn_rot_v = 0
sched_reserve: reserving ...
sched_reserve: Flash Attention was auto, set to enabled
sched_reserve: resolving fused Gated Delta Net support:
sched_reserve: fused Gated Delta Net (autoregressive) enabled
sched_reserve: fused Gated Delta Net (chunked) enabled
sched_reserve:    Vulkan0 compute buffer size =   213.35 MiB
sched_reserve: Vulkan_Host compute buffer size =     0.75 MiB
sched_reserve: graph nodes  = 959
sched_reserve: graph splits = 396 (with bs=32), 1 (with bs=1)
sched_reserve: reserve took 260.76 ms, sched copies = 1
common_init_from_params: warming up the model with an empty run - please wait ... (--no-warmup to disable)
srv    load_model: initializing slots, n_slots = 1
no implementations specified for speculative decoding
slot   load_model: id  0 | task -1 | speculative decoding context not initialized
slot   load_model: id  0 | task -1 | new slot, n_ctx = 3072
srv    load_model: prompt cache is enabled, size limit: 8192 MiB
srv    load_model: use `--cache-ram 0` to disable the prompt cache
srv    load_model: for more info see https://github.com/ggml-org/llama.cpp/pull/16391
init: chat template, example_format: '<|im_start|>system
You are a helpful assistant<|im_end|>
<|im_start|>user
Hello<|im_end|>
<|im_start|>assistant
Hi there<|im_end|>
<|im_start|>user
How are you?<|im_end|>
<|im_start|>assistant
'
srv          init: init: chat template, thinking = 0
main: model loaded
main: server is listening on http://127.0.0.1:8080
main: starting the main loop...
srv  update_slots: all slots are idle
load_backend: loaded RPC backend from D:\DATN\legal_ai_source\source_code\models\llama-b8644-bin-win-vulkan-x64\ggml-rpc.dll
load_backend: loaded Vulkan backend from D:\DATN\legal_ai_source\source_code\models\llama-b8644-bin-win-vulkan-x64\ggml-vulkan.dll
load_backend: loaded CPU backend from D:\DATN\legal_ai_source\source_code\models\llama-b8644-bin-win-vulkan-x64\ggml-cpu-icelake.dll
system info: n_threads = 4, n_threads_batch = 4, total_threads = 8

system_info: n_threads = 4 (n_threads_batch = 4) / 8 | CPU : SSE3 = 1 | SSSE3 = 1 | AVX = 1 | AVX2 = 1 | F16C = 1 | FMA = 1 | BMI2 = 1 | AVX512 = 1 | AVX512_VBMI = 1 | AVX512_VNNI = 1 | LLAMAFILE = 1 | OPENMP = 1 | REPACK = 1 | 

Running without SSL
init: using 7 threads for HTTP server
start: binding port with default address family
main: loading model
srv    load_model: loading model 'D:\DATN\legal_ai_source\source_code\models\qwen2.5-1.5b-instruct-q4_k_m.gguf'
common_init_result: fitting params to device memory, for bugs during this step try to reproduce them with -fit off, or provide --verbose logs if the bug only occurs with -fit on
llama_params_fit_impl: projected to use 213 MiB of device memory vs. 3525 MiB of free device memory
llama_params_fit_impl: will leave 3311 >= 1024 MiB of free device memory, no changes needed
llama_params_fit: successfully fit params to free device memory
llama_params_fit: fitting params to free memory took 0.42 seconds
llama_model_load_from_file_impl: using device Vulkan0 (Intel(R) Iris(R) Xe Graphics) (unknown id) - 3525 MiB free
llama_model_loader: loaded meta data with 26 key-value pairs and 339 tensors from D:\DATN\legal_ai_source\source_code\models\qwen2.5-1.5b-instruct-q4_k_m.gguf (version GGUF V3 (latest))
llama_model_loader: Dumping metadata keys/values. Note: KV overrides do not apply in this output.
llama_model_loader: - kv   0:                       general.architecture str              = qwen2
llama_model_loader: - kv   1:                               general.type str              = model
llama_model_loader: - kv   2:                               general.name str              = qwen2.5-1.5b-instruct
llama_model_loader: - kv   3:                            general.version str              = v0.1
llama_model_loader: - kv   4:                           general.finetune str              = qwen2.5-1.5b-instruct
llama_model_loader: - kv   5:                         general.size_label str              = 1.8B
llama_model_loader: - kv   6:                          qwen2.block_count u32              = 28
llama_model_loader: - kv   7:                       qwen2.context_length u32              = 32768
llama_model_loader: - kv   8:                     qwen2.embedding_length u32              = 1536
llama_model_loader: - kv   9:                  qwen2.feed_forward_length u32              = 8960
llama_model_loader: - kv  10:                 qwen2.attention.head_count u32              = 12
llama_model_loader: - kv  11:              qwen2.attention.head_count_kv u32              = 2
llama_model_loader: - kv  12:                       qwen2.rope.freq_base f32              = 1000000.000000
llama_model_loader: - kv  13:     qwen2.attention.layer_norm_rms_epsilon f32              = 0.000001
llama_model_loader: - kv  14:                          general.file_type u32              = 15
llama_model_loader: - kv  15:                       tokenizer.ggml.model str              = gpt2
llama_model_loader: - kv  16:                         tokenizer.ggml.pre str              = qwen2
llama_model_loader: - kv  17:                      tokenizer.ggml.tokens arr[str,151936]  = ["!", "\"", "#", "$", "%", "&", "'", ...
llama_model_loader: - kv  18:                  tokenizer.ggml.token_type arr[i32,151936]  = [1, 1, 1, 1, 1, 1, 1, 1, 1, 1, 1, 1, ...
llama_model_loader: - kv  19:                      tokenizer.ggml.merges arr[str,151387]  = ["Ġ Ġ", "ĠĠ ĠĠ", "i n", "Ġ t",...
llama_model_loader: - kv  20:                tokenizer.ggml.eos_token_id u32              = 151645
llama_model_loader: - kv  21:            tokenizer.ggml.padding_token_id u32              = 151643
llama_model_loader: - kv  22:                tokenizer.ggml.bos_token_id u32              = 151643
llama_model_loader: - kv  23:               tokenizer.ggml.add_bos_token bool             = false
llama_model_loader: - kv  24:                    tokenizer.chat_template str              = {%- if tools %}\n    {{- '<|im_start|>...
llama_model_loader: - kv  25:               general.quantization_version u32              = 2
llama_model_loader: - type  f32:  141 tensors
llama_model_loader: - type q4_K:  169 tensors
llama_model_loader: - type q6_K:   29 tensors
print_info: file format = GGUF V3 (latest)
print_info: file type   = Q4_K - Medium
print_info: file size   = 1.04 GiB (5.00 BPW) 
load: 0 unused tokens
load: control-looking token: 128247 '</s>' was not control-type; this is probably a bug in the model. its type will be overridden
load: printing all EOG tokens:
load:   - 128247 ('</s>')
load:   - 151643 ('<|endoftext|>')
load:   - 151645 ('<|im_end|>')
load:   - 151662 ('<|fim_pad|>')
load:   - 151663 ('<|repo_name|>')
load:   - 151664 ('<|file_sep|>')
load: special tokens cache size = 23
load: token to piece cache size = 0.9310 MB
print_info: arch                  = qwen2
print_info: vocab_only            = 0
print_info: no_alloc              = 0
print_info: n_ctx_train           = 32768
print_info: n_embd                = 1536
print_info: n_embd_inp            = 1536
print_info: n_layer               = 28
print_info: n_head                = 12
print_info: n_head_kv             = 2
print_info: n_rot                 = 128
print_info: n_swa                 = 0
print_info: is_swa_any            = 0
print_info: n_embd_head_k         = 128
print_info: n_embd_head_v         = 128
print_info: n_gqa                 = 6
print_info: n_embd_k_gqa          = 256
print_info: n_embd_v_gqa          = 256
print_info: f_norm_eps            = 0.0e+00
print_info: f_norm_rms_eps        = 1.0e-06
print_info: f_clamp_kqv           = 0.0e+00
print_info: f_max_alibi_bias      = 0.0e+00
print_info: f_logit_scale         = 0.0e+00
print_info: f_attn_scale          = 0.0e+00
print_info: n_ff                  = 8960
print_info: n_expert              = 0
print_info: n_expert_used         = 0
print_info: n_expert_groups       = 0
print_info: n_group_used          = 0
print_info: causal attn           = 1
print_info: pooling type          = -1
print_info: rope type             = 2
print_info: rope scaling          = linear
print_info: freq_base_train       = 1000000.0
print_info: freq_scale_train      = 1
print_info: n_ctx_orig_yarn       = 32768
print_info: rope_yarn_log_mul     = 0.0000
print_info: rope_finetuned        = unknown
print_info: model type            = 1.5B
print_info: model params          = 1.78 B
print_info: general.name          = qwen2.5-1.5b-instruct
print_info: vocab type            = BPE
print_info: n_vocab               = 151936
print_info: n_merges              = 151387
print_info: BOS token             = 151643 '<|endoftext|>'
print_info: EOS token             = 151645 '<|im_end|>'
print_info: EOT token             = 151645 '<|im_end|>'
print_info: PAD token             = 151643 '<|endoftext|>'
print_info: LF token              = 198 'Ċ'
print_info: FIM PRE token         = 151659 '<|fim_prefix|>'
print_info: FIM SUF token         = 151661 '<|fim_suffix|>'
print_info: FIM MID token         = 151660 '<|fim_middle|>'
print_info: FIM PAD token         = 151662 '<|fim_pad|>'
print_info: FIM REP token         = 151663 '<|repo_name|>'
print_info: FIM SEP token         = 151664 '<|file_sep|>'
print_info: EOG token             = 128247 '</s>'
print_info: EOG token             = 151643 '<|endoftext|>'
print_info: EOG token             = 151645 '<|im_end|>'
print_info: EOG token             = 151662 '<|fim_pad|>'
print_info: EOG token             = 151663 '<|repo_name|>'
print_info: EOG token             = 151664 '<|file_sep|>'
print_info: max token length      = 256
load_tensors: loading model tensors, this can take a while... (mmap = true, direct_io = false)
load_tensors: offloading 0 repeating layers to GPU
load_tensors: offloaded 0/29 layers to GPU
load_tensors:   CPU_Mapped model buffer size =  1059.89 MiB
.........................................................................
common_init_result: added </s> logit bias = -inf
common_init_result: added <|endoftext|> logit bias = -inf
common_init_result: added <|im_end|> logit bias = -inf
common_init_result: added <|fim_pad|> logit bias = -inf
common_init_result: added <|repo_name|> logit bias = -inf
common_init_result: added <|file_sep|> logit bias = -inf
llama_context: constructing llama_context
llama_context: n_seq_max     = 1
llama_context: n_ctx         = 3072
llama_context: n_ctx_seq     = 3072
llama_context: n_batch       = 32
llama_context: n_ubatch      = 32
llama_context: causal_attn   = 1
llama_context: flash_attn    = auto
llama_context: kv_unified    = false
llama_context: freq_base     = 1000000.0
llama_context: freq_scale    = 1
llama_context: n_ctx_seq (3072) < n_ctx_train (32768) -- the full capacity of the model will not be utilized
llama_context:        CPU  output buffer size =     0.58 MiB
llama_kv_cache:        CPU KV buffer size =    84.00 MiB
llama_kv_cache: size =   84.00 MiB (  3072 cells,  28 layers,  1/1 seqs), K (f16):   42.00 MiB, V (f16):   42.00 MiB
llama_kv_cache: attn_rot_k = 0
llama_kv_cache: attn_rot_v = 0
sched_reserve: reserving ...
sched_reserve: Flash Attention was auto, set to enabled
sched_reserve: resolving fused Gated Delta Net support:
sched_reserve: fused Gated Delta Net (autoregressive) enabled
sched_reserve: fused Gated Delta Net (chunked) enabled
sched_reserve:    Vulkan0 compute buffer size =   213.35 MiB
sched_reserve: Vulkan_Host compute buffer size =     0.75 MiB
sched_reserve: graph nodes  = 959
sched_reserve: graph splits = 396 (with bs=32), 1 (with bs=1)
sched_reserve: reserve took 265.75 ms, sched copies = 1
common_init_from_params: warming up the model with an empty run - please wait ... (--no-warmup to disable)
srv    load_model: initializing slots, n_slots = 1
no implementations specified for speculative decoding
slot   load_model: id  0 | task -1 | speculative decoding context not initialized
slot   load_model: id  0 | task -1 | new slot, n_ctx = 3072
srv    load_model: prompt cache is enabled, size limit: 8192 MiB
srv    load_model: use `--cache-ram 0` to disable the prompt cache
srv    load_model: for more info see https://github.com/ggml-org/llama.cpp/pull/16391
init: chat template, example_format: '<|im_start|>system
You are a helpful assistant<|im_end|>
<|im_start|>user
Hello<|im_end|>
<|im_start|>assistant
Hi there<|im_end|>
<|im_start|>user
How are you?<|im_end|>
<|im_start|>assistant
'
srv          init: init: chat template, thinking = 0
main: model loaded
main: server is listening on http://127.0.0.1:8080
main: starting the main loop...
srv  update_slots: all slots are idle
load_backend: loaded RPC backend from D:\DATN\legal_ai_source\source_code\models\llama-b8644-bin-win-vulkan-x64\ggml-rpc.dll
load_backend: loaded Vulkan backend from D:\DATN\legal_ai_source\source_code\models\llama-b8644-bin-win-vulkan-x64\ggml-vulkan.dll
load_backend: loaded CPU backend from D:\DATN\legal_ai_source\source_code\models\llama-b8644-bin-win-vulkan-x64\ggml-cpu-icelake.dll
system info: n_threads = 4, n_threads_batch = 4, total_threads = 8

system_info: n_threads = 4 (n_threads_batch = 4) / 8 | CPU : SSE3 = 1 | SSSE3 = 1 | AVX = 1 | AVX2 = 1 | F16C = 1 | FMA = 1 | BMI2 = 1 | AVX512 = 1 | AVX512_VBMI = 1 | AVX512_VNNI = 1 | LLAMAFILE = 1 | OPENMP = 1 | REPACK = 1 | 

Running without SSL
init: using 7 threads for HTTP server
start: binding port with default address family
main: loading model
srv    load_model: loading model 'D:\DATN\legal_ai_source\source_code\models\qwen2.5-1.5b-instruct-q4_k_m.gguf'
common_init_result: fitting params to device memory, for bugs during this step try to reproduce them with -fit off, or provide --verbose logs if the bug only occurs with -fit on
llama_params_fit_impl: projected to use 213 MiB of device memory vs. 3525 MiB of free device memory
llama_params_fit_impl: will leave 3311 >= 1024 MiB of free device memory, no changes needed
llama_params_fit: successfully fit params to free device memory
llama_params_fit: fitting params to free memory took 0.36 seconds
llama_model_load_from_file_impl: using device Vulkan0 (Intel(R) Iris(R) Xe Graphics) (unknown id) - 3525 MiB free
llama_model_loader: loaded meta data with 26 key-value pairs and 339 tensors from D:\DATN\legal_ai_source\source_code\models\qwen2.5-1.5b-instruct-q4_k_m.gguf (version GGUF V3 (latest))
llama_model_loader: Dumping metadata keys/values. Note: KV overrides do not apply in this output.
llama_model_loader: - kv   0:                       general.architecture str              = qwen2
llama_model_loader: - kv   1:                               general.type str              = model
llama_model_loader: - kv   2:                               general.name str              = qwen2.5-1.5b-instruct
llama_model_loader: - kv   3:                            general.version str              = v0.1
llama_model_loader: - kv   4:                           general.finetune str              = qwen2.5-1.5b-instruct
llama_model_loader: - kv   5:                         general.size_label str              = 1.8B
llama_model_loader: - kv   6:                          qwen2.block_count u32              = 28
llama_model_loader: - kv   7:                       qwen2.context_length u32              = 32768
llama_model_loader: - kv   8:                     qwen2.embedding_length u32              = 1536
llama_model_loader: - kv   9:                  qwen2.feed_forward_length u32              = 8960
llama_model_loader: - kv  10:                 qwen2.attention.head_count u32              = 12
llama_model_loader: - kv  11:              qwen2.attention.head_count_kv u32              = 2
llama_model_loader: - kv  12:                       qwen2.rope.freq_base f32              = 1000000.000000
llama_model_loader: - kv  13:     qwen2.attention.layer_norm_rms_epsilon f32              = 0.000001
llama_model_loader: - kv  14:                          general.file_type u32              = 15
llama_model_loader: - kv  15:                       tokenizer.ggml.model str              = gpt2
llama_model_loader: - kv  16:                         tokenizer.ggml.pre str              = qwen2
llama_model_loader: - kv  17:                      tokenizer.ggml.tokens arr[str,151936]  = ["!", "\"", "#", "$", "%", "&", "'", ...
llama_model_loader: - kv  18:                  tokenizer.ggml.token_type arr[i32,151936]  = [1, 1, 1, 1, 1, 1, 1, 1, 1, 1, 1, 1, ...
llama_model_loader: - kv  19:                      tokenizer.ggml.merges arr[str,151387]  = ["Ġ Ġ", "ĠĠ ĠĠ", "i n", "Ġ t",...
llama_model_loader: - kv  20:                tokenizer.ggml.eos_token_id u32              = 151645
llama_model_loader: - kv  21:            tokenizer.ggml.padding_token_id u32              = 151643
llama_model_loader: - kv  22:                tokenizer.ggml.bos_token_id u32              = 151643
llama_model_loader: - kv  23:               tokenizer.ggml.add_bos_token bool             = false
llama_model_loader: - kv  24:                    tokenizer.chat_template str              = {%- if tools %}\n    {{- '<|im_start|>...
llama_model_loader: - kv  25:               general.quantization_version u32              = 2
llama_model_loader: - type  f32:  141 tensors
llama_model_loader: - type q4_K:  169 tensors
llama_model_loader: - type q6_K:   29 tensors
print_info: file format = GGUF V3 (latest)
print_info: file type   = Q4_K - Medium
print_info: file size   = 1.04 GiB (5.00 BPW) 
load: 0 unused tokens
load: control-looking token: 128247 '</s>' was not control-type; this is probably a bug in the model. its type will be overridden
load: printing all EOG tokens:
load:   - 128247 ('</s>')
load:   - 151643 ('<|endoftext|>')
load:   - 151645 ('<|im_end|>')
load:   - 151662 ('<|fim_pad|>')
load:   - 151663 ('<|repo_name|>')
load:   - 151664 ('<|file_sep|>')
load: special tokens cache size = 23
load: token to piece cache size = 0.9310 MB
print_info: arch                  = qwen2
print_info: vocab_only            = 0
print_info: no_alloc              = 0
print_info: n_ctx_train           = 32768
print_info: n_embd                = 1536
print_info: n_embd_inp            = 1536
print_info: n_layer               = 28
print_info: n_head                = 12
print_info: n_head_kv             = 2
print_info: n_rot                 = 128
print_info: n_swa                 = 0
print_info: is_swa_any            = 0
print_info: n_embd_head_k         = 128
print_info: n_embd_head_v         = 128
print_info: n_gqa                 = 6
print_info: n_embd_k_gqa          = 256
print_info: n_embd_v_gqa          = 256
print_info: f_norm_eps            = 0.0e+00
print_info: f_norm_rms_eps        = 1.0e-06
print_info: f_clamp_kqv           = 0.0e+00
print_info: f_max_alibi_bias      = 0.0e+00
print_info: f_logit_scale         = 0.0e+00
print_info: f_attn_scale          = 0.0e+00
print_info: n_ff                  = 8960
print_info: n_expert              = 0
print_info: n_expert_used         = 0
print_info: n_expert_groups       = 0
print_info: n_group_used          = 0
print_info: causal attn           = 1
print_info: pooling type          = -1
print_info: rope type             = 2
print_info: rope scaling          = linear
print_info: freq_base_train       = 1000000.0
print_info: freq_scale_train      = 1
print_info: n_ctx_orig_yarn       = 32768
print_info: rope_yarn_log_mul     = 0.0000
print_info: rope_finetuned        = unknown
print_info: model type            = 1.5B
print_info: model params          = 1.78 B
print_info: general.name          = qwen2.5-1.5b-instruct
print_info: vocab type            = BPE
print_info: n_vocab               = 151936
print_info: n_merges              = 151387
print_info: BOS token             = 151643 '<|endoftext|>'
print_info: EOS token             = 151645 '<|im_end|>'
print_info: EOT token             = 151645 '<|im_end|>'
print_info: PAD token             = 151643 '<|endoftext|>'
print_info: LF token              = 198 'Ċ'
print_info: FIM PRE token         = 151659 '<|fim_prefix|>'
print_info: FIM SUF token         = 151661 '<|fim_suffix|>'
print_info: FIM MID token         = 151660 '<|fim_middle|>'
print_info: FIM PAD token         = 151662 '<|fim_pad|>'
print_info: FIM REP token         = 151663 '<|repo_name|>'
print_info: FIM SEP token         = 151664 '<|file_sep|>'
print_info: EOG token             = 128247 '</s>'
print_info: EOG token             = 151643 '<|endoftext|>'
print_info: EOG token             = 151645 '<|im_end|>'
print_info: EOG token             = 151662 '<|fim_pad|>'
print_info: EOG token             = 151663 '<|repo_name|>'
print_info: EOG token             = 151664 '<|file_sep|>'
print_info: max token length      = 256
load_tensors: loading model tensors, this can take a while... (mmap = true, direct_io = false)
load_tensors: offloading 0 repeating layers to GPU
load_tensors: offloaded 0/29 layers to GPU
load_tensors:   CPU_Mapped model buffer size =  1059.89 MiB
.........................................................................
common_init_result: added </s> logit bias = -inf
common_init_result: added <|endoftext|> logit bias = -inf
common_init_result: added <|im_end|> logit bias = -inf
common_init_result: added <|fim_pad|> logit bias = -inf
common_init_result: added <|repo_name|> logit bias = -inf
common_init_result: added <|file_sep|> logit bias = -inf
llama_context: constructing llama_context
llama_context: n_seq_max     = 1
llama_context: n_ctx         = 3072
llama_context: n_ctx_seq     = 3072
llama_context: n_batch       = 32
llama_context: n_ubatch      = 32
llama_context: causal_attn   = 1
llama_context: flash_attn    = auto
llama_context: kv_unified    = false
llama_context: freq_base     = 1000000.0
llama_context: freq_scale    = 1
llama_context: n_ctx_seq (3072) < n_ctx_train (32768) -- the full capacity of the model will not be utilized
llama_context:        CPU  output buffer size =     0.58 MiB
llama_kv_cache:        CPU KV buffer size =    84.00 MiB
llama_kv_cache: size =   84.00 MiB (  3072 cells,  28 layers,  1/1 seqs), K (f16):   42.00 MiB, V (f16):   42.00 MiB
llama_kv_cache: attn_rot_k = 0
llama_kv_cache: attn_rot_v = 0
sched_reserve: reserving ...
sched_reserve: Flash Attention was auto, set to enabled
sched_reserve: resolving fused Gated Delta Net support:
sched_reserve: fused Gated Delta Net (autoregressive) enabled
sched_reserve: fused Gated Delta Net (chunked) enabled
sched_reserve:    Vulkan0 compute buffer size =   213.35 MiB
sched_reserve: Vulkan_Host compute buffer size =     0.75 MiB
sched_reserve: graph nodes  = 959
sched_reserve: graph splits = 396 (with bs=32), 1 (with bs=1)
sched_reserve: reserve took 264.48 ms, sched copies = 1
common_init_from_params: warming up the model with an empty run - please wait ... (--no-warmup to disable)
srv    load_model: initializing slots, n_slots = 1
no implementations specified for speculative decoding
slot   load_model: id  0 | task -1 | speculative decoding context not initialized
slot   load_model: id  0 | task -1 | new slot, n_ctx = 3072
srv    load_model: prompt cache is enabled, size limit: 8192 MiB
srv    load_model: use `--cache-ram 0` to disable the prompt cache
srv    load_model: for more info see https://github.com/ggml-org/llama.cpp/pull/16391
init: chat template, example_format: '<|im_start|>system
You are a helpful assistant<|im_end|>
<|im_start|>user
Hello<|im_end|>
<|im_start|>assistant
Hi there<|im_end|>
<|im_start|>user
How are you?<|im_end|>
<|im_start|>assistant
'
srv          init: init: chat template, thinking = 0
main: model loaded
main: server is listening on http://127.0.0.1:8080
main: starting the main loop...
srv  update_slots: all slots are idle
load_backend: loaded RPC backend from D:\DATN\legal_ai_source\source_code\models\llama-b8644-bin-win-vulkan-x64\ggml-rpc.dll
load_backend: loaded Vulkan backend from D:\DATN\legal_ai_source\source_code\models\llama-b8644-bin-win-vulkan-x64\ggml-vulkan.dll
load_backend: loaded CPU backend from D:\DATN\legal_ai_source\source_code\models\llama-b8644-bin-win-vulkan-x64\ggml-cpu-icelake.dll
system info: n_threads = 4, n_threads_batch = 4, total_threads = 8

system_info: n_threads = 4 (n_threads_batch = 4) / 8 | CPU : SSE3 = 1 | SSSE3 = 1 | AVX = 1 | AVX2 = 1 | F16C = 1 | FMA = 1 | BMI2 = 1 | AVX512 = 1 | AVX512_VBMI = 1 | AVX512_VNNI = 1 | LLAMAFILE = 1 | OPENMP = 1 | REPACK = 1 | 

Running without SSL
init: using 7 threads for HTTP server
start: binding port with default address family
main: loading model
srv    load_model: loading model 'D:\DATN\legal_ai_source\source_code\models\qwen2.5-1.5b-instruct-q4_k_m.gguf'
common_init_result: fitting params to device memory, for bugs during this step try to reproduce them with -fit off, or provide --verbose logs if the bug only occurs with -fit on
llama_params_fit_impl: projected to use 213 MiB of device memory vs. 3525 MiB of free device memory
llama_params_fit_impl: will leave 3311 >= 1024 MiB of free device memory, no changes needed
llama_params_fit: successfully fit params to free device memory
llama_params_fit: fitting params to free memory took 0.50 seconds
llama_model_load_from_file_impl: using device Vulkan0 (Intel(R) Iris(R) Xe Graphics) (unknown id) - 3525 MiB free
llama_model_loader: loaded meta data with 26 key-value pairs and 339 tensors from D:\DATN\legal_ai_source\source_code\models\qwen2.5-1.5b-instruct-q4_k_m.gguf (version GGUF V3 (latest))
llama_model_loader: Dumping metadata keys/values. Note: KV overrides do not apply in this output.
llama_model_loader: - kv   0:                       general.architecture str              = qwen2
llama_model_loader: - kv   1:                               general.type str              = model
llama_model_loader: - kv   2:                               general.name str              = qwen2.5-1.5b-instruct
llama_model_loader: - kv   3:                            general.version str              = v0.1
llama_model_loader: - kv   4:                           general.finetune str              = qwen2.5-1.5b-instruct
llama_model_loader: - kv   5:                         general.size_label str              = 1.8B
llama_model_loader: - kv   6:                          qwen2.block_count u32              = 28
llama_model_loader: - kv   7:                       qwen2.context_length u32              = 32768
llama_model_loader: - kv   8:                     qwen2.embedding_length u32              = 1536
llama_model_loader: - kv   9:                  qwen2.feed_forward_length u32              = 8960
llama_model_loader: - kv  10:                 qwen2.attention.head_count u32              = 12
llama_model_loader: - kv  11:              qwen2.attention.head_count_kv u32              = 2
llama_model_loader: - kv  12:                       qwen2.rope.freq_base f32              = 1000000.000000
llama_model_loader: - kv  13:     qwen2.attention.layer_norm_rms_epsilon f32              = 0.000001
llama_model_loader: - kv  14:                          general.file_type u32              = 15
llama_model_loader: - kv  15:                       tokenizer.ggml.model str              = gpt2
llama_model_loader: - kv  16:                         tokenizer.ggml.pre str              = qwen2
llama_model_loader: - kv  17:                      tokenizer.ggml.tokens arr[str,151936]  = ["!", "\"", "#", "$", "%", "&", "'", ...
llama_model_loader: - kv  18:                  tokenizer.ggml.token_type arr[i32,151936]  = [1, 1, 1, 1, 1, 1, 1, 1, 1, 1, 1, 1, ...
llama_model_loader: - kv  19:                      tokenizer.ggml.merges arr[str,151387]  = ["Ġ Ġ", "ĠĠ ĠĠ", "i n", "Ġ t",...
llama_model_loader: - kv  20:                tokenizer.ggml.eos_token_id u32              = 151645
llama_model_loader: - kv  21:            tokenizer.ggml.padding_token_id u32              = 151643
llama_model_loader: - kv  22:                tokenizer.ggml.bos_token_id u32              = 151643
llama_model_loader: - kv  23:               tokenizer.ggml.add_bos_token bool             = false
llama_model_loader: - kv  24:                    tokenizer.chat_template str              = {%- if tools %}\n    {{- '<|im_start|>...
llama_model_loader: - kv  25:               general.quantization_version u32              = 2
llama_model_loader: - type  f32:  141 tensors
llama_model_loader: - type q4_K:  169 tensors
llama_model_loader: - type q6_K:   29 tensors
print_info: file format = GGUF V3 (latest)
print_info: file type   = Q4_K - Medium
print_info: file size   = 1.04 GiB (5.00 BPW) 
load: 0 unused tokens
load: control-looking token: 128247 '</s>' was not control-type; this is probably a bug in the model. its type will be overridden
load: printing all EOG tokens:
load:   - 128247 ('</s>')
load:   - 151643 ('<|endoftext|>')
load:   - 151645 ('<|im_end|>')
load:   - 151662 ('<|fim_pad|>')
load:   - 151663 ('<|repo_name|>')
load:   - 151664 ('<|file_sep|>')
load: special tokens cache size = 23
load: token to piece cache size = 0.9310 MB
print_info: arch                  = qwen2
print_info: vocab_only            = 0
print_info: no_alloc              = 0
print_info: n_ctx_train           = 32768
print_info: n_embd                = 1536
print_info: n_embd_inp            = 1536
print_info: n_layer               = 28
print_info: n_head                = 12
print_info: n_head_kv             = 2
print_info: n_rot                 = 128
print_info: n_swa                 = 0
print_info: is_swa_any            = 0
print_info: n_embd_head_k         = 128
print_info: n_embd_head_v         = 128
print_info: n_gqa                 = 6
print_info: n_embd_k_gqa          = 256
print_info: n_embd_v_gqa          = 256
print_info: f_norm_eps            = 0.0e+00
print_info: f_norm_rms_eps        = 1.0e-06
print_info: f_clamp_kqv           = 0.0e+00
print_info: f_max_alibi_bias      = 0.0e+00
print_info: f_logit_scale         = 0.0e+00
print_info: f_attn_scale          = 0.0e+00
print_info: n_ff                  = 8960
print_info: n_expert              = 0
print_info: n_expert_used         = 0
print_info: n_expert_groups       = 0
print_info: n_group_used          = 0
print_info: causal attn           = 1
print_info: pooling type          = -1
print_info: rope type             = 2
print_info: rope scaling          = linear
print_info: freq_base_train       = 1000000.0
print_info: freq_scale_train      = 1
print_info: n_ctx_orig_yarn       = 32768
print_info: rope_yarn_log_mul     = 0.0000
print_info: rope_finetuned        = unknown
print_info: model type            = 1.5B
print_info: model params          = 1.78 B
print_info: general.name          = qwen2.5-1.5b-instruct
print_info: vocab type            = BPE
print_info: n_vocab               = 151936
print_info: n_merges              = 151387
print_info: BOS token             = 151643 '<|endoftext|>'
print_info: EOS token             = 151645 '<|im_end|>'
print_info: EOT token             = 151645 '<|im_end|>'
print_info: PAD token             = 151643 '<|endoftext|>'
print_info: LF token              = 198 'Ċ'
print_info: FIM PRE token         = 151659 '<|fim_prefix|>'
print_info: FIM SUF token         = 151661 '<|fim_suffix|>'
print_info: FIM MID token         = 151660 '<|fim_middle|>'
print_info: FIM PAD token         = 151662 '<|fim_pad|>'
print_info: FIM REP token         = 151663 '<|repo_name|>'
print_info: FIM SEP token         = 151664 '<|file_sep|>'
print_info: EOG token             = 128247 '</s>'
print_info: EOG token             = 151643 '<|endoftext|>'
print_info: EOG token             = 151645 '<|im_end|>'
print_info: EOG token             = 151662 '<|fim_pad|>'
print_info: EOG token             = 151663 '<|repo_name|>'
print_info: EOG token             = 151664 '<|file_sep|>'
print_info: max token length      = 256
load_tensors: loading model tensors, this can take a while... (mmap = true, direct_io = false)
load_tensors: offloading 0 repeating layers to GPU
load_tensors: offloaded 0/29 layers to GPU
load_tensors:   CPU_Mapped model buffer size =  1059.89 MiB
.........................................................................
common_init_result: added </s> logit bias = -inf
common_init_result: added <|endoftext|> logit bias = -inf
common_init_result: added <|im_end|> logit bias = -inf
common_init_result: added <|fim_pad|> logit bias = -inf
common_init_result: added <|repo_name|> logit bias = -inf
common_init_result: added <|file_sep|> logit bias = -inf
llama_context: constructing llama_context
llama_context: n_seq_max     = 1
llama_context: n_ctx         = 3072
llama_context: n_ctx_seq     = 3072
llama_context: n_batch       = 32
llama_context: n_ubatch      = 32
llama_context: causal_attn   = 1
llama_context: flash_attn    = auto
llama_context: kv_unified    = false
llama_context: freq_base     = 1000000.0
llama_context: freq_scale    = 1
llama_context: n_ctx_seq (3072) < n_ctx_train (32768) -- the full capacity of the model will not be utilized
llama_context:        CPU  output buffer size =     0.58 MiB
llama_kv_cache:        CPU KV buffer size =    84.00 MiB
llama_kv_cache: size =   84.00 MiB (  3072 cells,  28 layers,  1/1 seqs), K (f16):   42.00 MiB, V (f16):   42.00 MiB
llama_kv_cache: attn_rot_k = 0
llama_kv_cache: attn_rot_v = 0
sched_reserve: reserving ...
sched_reserve: Flash Attention was auto, set to enabled
sched_reserve: resolving fused Gated Delta Net support:
sched_reserve: fused Gated Delta Net (autoregressive) enabled
sched_reserve: fused Gated Delta Net (chunked) enabled
sched_reserve:    Vulkan0 compute buffer size =   213.35 MiB
sched_reserve: Vulkan_Host compute buffer size =     0.75 MiB
sched_reserve: graph nodes  = 959
sched_reserve: graph splits = 396 (with bs=32), 1 (with bs=1)
sched_reserve: reserve took 227.81 ms, sched copies = 1
common_init_from_params: warming up the model with an empty run - please wait ... (--no-warmup to disable)
srv    load_model: initializing slots, n_slots = 1
no implementations specified for speculative decoding
slot   load_model: id  0 | task -1 | speculative decoding context not initialized
slot   load_model: id  0 | task -1 | new slot, n_ctx = 3072
srv    load_model: prompt cache is enabled, size limit: 8192 MiB
srv    load_model: use `--cache-ram 0` to disable the prompt cache
srv    load_model: for more info see https://github.com/ggml-org/llama.cpp/pull/16391
init: chat template, example_format: '<|im_start|>system
You are a helpful assistant<|im_end|>
<|im_start|>user
Hello<|im_end|>
<|im_start|>assistant
Hi there<|im_end|>
<|im_start|>user
How are you?<|im_end|>
<|im_start|>assistant
'
srv          init: init: chat template, thinking = 0
main: model loaded
main: server is listening on http://127.0.0.1:8080
main: starting the main loop...
srv  update_slots: all slots are idle
load_backend: loaded RPC backend from D:\DATN\legal_ai_source\source_code\models\llama-b8644-bin-win-vulkan-x64\ggml-rpc.dll
load_backend: loaded Vulkan backend from D:\DATN\legal_ai_source\source_code\models\llama-b8644-bin-win-vulkan-x64\ggml-vulkan.dll
load_backend: loaded CPU backend from D:\DATN\legal_ai_source\source_code\models\llama-b8644-bin-win-vulkan-x64\ggml-cpu-icelake.dll
system info: n_threads = 4, n_threads_batch = 4, total_threads = 8

system_info: n_threads = 4 (n_threads_batch = 4) / 8 | CPU : SSE3 = 1 | SSSE3 = 1 | AVX = 1 | AVX2 = 1 | F16C = 1 | FMA = 1 | BMI2 = 1 | AVX512 = 1 | AVX512_VBMI = 1 | AVX512_VNNI = 1 | LLAMAFILE = 1 | OPENMP = 1 | REPACK = 1 | 

Running without SSL
init: using 7 threads for HTTP server
start: binding port with default address family
main: loading model
srv    load_model: loading model 'D:\DATN\legal_ai_source\source_code\models\qwen2.5-1.5b-instruct-q4_k_m.gguf'
common_init_result: fitting params to device memory, for bugs during this step try to reproduce them with -fit off, or provide --verbose logs if the bug only occurs with -fit on
llama_params_fit_impl: projected to use 213 MiB of device memory vs. 3525 MiB of free device memory
llama_params_fit_impl: will leave 3311 >= 1024 MiB of free device memory, no changes needed
llama_params_fit: successfully fit params to free device memory
llama_params_fit: fitting params to free memory took 0.35 seconds
llama_model_load_from_file_impl: using device Vulkan0 (Intel(R) Iris(R) Xe Graphics) (unknown id) - 3525 MiB free
llama_model_loader: loaded meta data with 26 key-value pairs and 339 tensors from D:\DATN\legal_ai_source\source_code\models\qwen2.5-1.5b-instruct-q4_k_m.gguf (version GGUF V3 (latest))
llama_model_loader: Dumping metadata keys/values. Note: KV overrides do not apply in this output.
llama_model_loader: - kv   0:                       general.architecture str              = qwen2
llama_model_loader: - kv   1:                               general.type str              = model
llama_model_loader: - kv   2:                               general.name str              = qwen2.5-1.5b-instruct
llama_model_loader: - kv   3:                            general.version str              = v0.1
llama_model_loader: - kv   4:                           general.finetune str              = qwen2.5-1.5b-instruct
llama_model_loader: - kv   5:                         general.size_label str              = 1.8B
llama_model_loader: - kv   6:                          qwen2.block_count u32              = 28
llama_model_loader: - kv   7:                       qwen2.context_length u32              = 32768
llama_model_loader: - kv   8:                     qwen2.embedding_length u32              = 1536
llama_model_loader: - kv   9:                  qwen2.feed_forward_length u32              = 8960
llama_model_loader: - kv  10:                 qwen2.attention.head_count u32              = 12
llama_model_loader: - kv  11:              qwen2.attention.head_count_kv u32              = 2
llama_model_loader: - kv  12:                       qwen2.rope.freq_base f32              = 1000000.000000
llama_model_loader: - kv  13:     qwen2.attention.layer_norm_rms_epsilon f32              = 0.000001
llama_model_loader: - kv  14:                          general.file_type u32              = 15
llama_model_loader: - kv  15:                       tokenizer.ggml.model str              = gpt2
llama_model_loader: - kv  16:                         tokenizer.ggml.pre str              = qwen2
llama_model_loader: - kv  17:                      tokenizer.ggml.tokens arr[str,151936]  = ["!", "\"", "#", "$", "%", "&", "'", ...
llama_model_loader: - kv  18:                  tokenizer.ggml.token_type arr[i32,151936]  = [1, 1, 1, 1, 1, 1, 1, 1, 1, 1, 1, 1, ...
llama_model_loader: - kv  19:                      tokenizer.ggml.merges arr[str,151387]  = ["Ġ Ġ", "ĠĠ ĠĠ", "i n", "Ġ t",...
llama_model_loader: - kv  20:                tokenizer.ggml.eos_token_id u32              = 151645
llama_model_loader: - kv  21:            tokenizer.ggml.padding_token_id u32              = 151643
llama_model_loader: - kv  22:                tokenizer.ggml.bos_token_id u32              = 151643
llama_model_loader: - kv  23:               tokenizer.ggml.add_bos_token bool             = false
llama_model_loader: - kv  24:                    tokenizer.chat_template str              = {%- if tools %}\n    {{- '<|im_start|>...
llama_model_loader: - kv  25:               general.quantization_version u32              = 2
llama_model_loader: - type  f32:  141 tensors
llama_model_loader: - type q4_K:  169 tensors
llama_model_loader: - type q6_K:   29 tensors
print_info: file format = GGUF V3 (latest)
print_info: file type   = Q4_K - Medium
print_info: file size   = 1.04 GiB (5.00 BPW) 
load: 0 unused tokens
load: control-looking token: 128247 '</s>' was not control-type; this is probably a bug in the model. its type will be overridden
load: printing all EOG tokens:
load:   - 128247 ('</s>')
load:   - 151643 ('<|endoftext|>')
load:   - 151645 ('<|im_end|>')
load:   - 151662 ('<|fim_pad|>')
load:   - 151663 ('<|repo_name|>')
load:   - 151664 ('<|file_sep|>')
load: special tokens cache size = 23
load: token to piece cache size = 0.9310 MB
print_info: arch                  = qwen2
print_info: vocab_only            = 0
print_info: no_alloc              = 0
print_info: n_ctx_train           = 32768
print_info: n_embd                = 1536
print_info: n_embd_inp            = 1536
print_info: n_layer               = 28
print_info: n_head                = 12
print_info: n_head_kv             = 2
print_info: n_rot                 = 128
print_info: n_swa                 = 0
print_info: is_swa_any            = 0
print_info: n_embd_head_k         = 128
print_info: n_embd_head_v         = 128
print_info: n_gqa                 = 6
print_info: n_embd_k_gqa          = 256
print_info: n_embd_v_gqa          = 256
print_info: f_norm_eps            = 0.0e+00
print_info: f_norm_rms_eps        = 1.0e-06
print_info: f_clamp_kqv           = 0.0e+00
print_info: f_max_alibi_bias      = 0.0e+00
print_info: f_logit_scale         = 0.0e+00
print_info: f_attn_scale          = 0.0e+00
print_info: n_ff                  = 8960
print_info: n_expert              = 0
print_info: n_expert_used         = 0
print_info: n_expert_groups       = 0
print_info: n_group_used          = 0
print_info: causal attn           = 1
print_info: pooling type          = -1
print_info: rope type             = 2
print_info: rope scaling          = linear
print_info: freq_base_train       = 1000000.0
print_info: freq_scale_train      = 1
print_info: n_ctx_orig_yarn       = 32768
print_info: rope_yarn_log_mul     = 0.0000
print_info: rope_finetuned        = unknown
print_info: model type            = 1.5B
print_info: model params          = 1.78 B
print_info: general.name          = qwen2.5-1.5b-instruct
print_info: vocab type            = BPE
print_info: n_vocab               = 151936
print_info: n_merges              = 151387
print_info: BOS token             = 151643 '<|endoftext|>'
print_info: EOS token             = 151645 '<|im_end|>'
print_info: EOT token             = 151645 '<|im_end|>'
print_info: PAD token             = 151643 '<|endoftext|>'
print_info: LF token              = 198 'Ċ'
print_info: FIM PRE token         = 151659 '<|fim_prefix|>'
print_info: FIM SUF token         = 151661 '<|fim_suffix|>'
print_info: FIM MID token         = 151660 '<|fim_middle|>'
print_info: FIM PAD token         = 151662 '<|fim_pad|>'
print_info: FIM REP token         = 151663 '<|repo_name|>'
print_info: FIM SEP token         = 151664 '<|file_sep|>'
print_info: EOG token             = 128247 '</s>'
print_info: EOG token             = 151643 '<|endoftext|>'
print_info: EOG token             = 151645 '<|im_end|>'
print_info: EOG token             = 151662 '<|fim_pad|>'
print_info: EOG token             = 151663 '<|repo_name|>'
print_info: EOG token             = 151664 '<|file_sep|>'
print_info: max token length      = 256
load_tensors: loading model tensors, this can take a while... (mmap = true, direct_io = false)
load_tensors: offloading 0 repeating layers to GPU
load_tensors: offloaded 0/29 layers to GPU
load_tensors:   CPU_Mapped model buffer size =  1059.89 MiB
.........................................................................
common_init_result: added </s> logit bias = -inf
common_init_result: added <|endoftext|> logit bias = -inf
common_init_result: added <|im_end|> logit bias = -inf
common_init_result: added <|fim_pad|> logit bias = -inf
common_init_result: added <|repo_name|> logit bias = -inf
common_init_result: added <|file_sep|> logit bias = -inf
llama_context: constructing llama_context
llama_context: n_seq_max     = 1
llama_context: n_ctx         = 3072
llama_context: n_ctx_seq     = 3072
llama_context: n_batch       = 32
llama_context: n_ubatch      = 32
llama_context: causal_attn   = 1
llama_context: flash_attn    = auto
llama_context: kv_unified    = false
llama_context: freq_base     = 1000000.0
llama_context: freq_scale    = 1
llama_context: n_ctx_seq (3072) < n_ctx_train (32768) -- the full capacity of the model will not be utilized
llama_context:        CPU  output buffer size =     0.58 MiB
llama_kv_cache:        CPU KV buffer size =    84.00 MiB
llama_kv_cache: size =   84.00 MiB (  3072 cells,  28 layers,  1/1 seqs), K (f16):   42.00 MiB, V (f16):   42.00 MiB
llama_kv_cache: attn_rot_k = 0
llama_kv_cache: attn_rot_v = 0
sched_reserve: reserving ...
sched_reserve: Flash Attention was auto, set to enabled
sched_reserve: resolving fused Gated Delta Net support:
sched_reserve: fused Gated Delta Net (autoregressive) enabled
sched_reserve: fused Gated Delta Net (chunked) enabled
sched_reserve:    Vulkan0 compute buffer size =   213.35 MiB
sched_reserve: Vulkan_Host compute buffer size =     0.75 MiB
sched_reserve: graph nodes  = 959
sched_reserve: graph splits = 396 (with bs=32), 1 (with bs=1)
sched_reserve: reserve took 170.31 ms, sched copies = 1
common_init_from_params: warming up the model with an empty run - please wait ... (--no-warmup to disable)
srv    load_model: initializing slots, n_slots = 1
no implementations specified for speculative decoding
slot   load_model: id  0 | task -1 | speculative decoding context not initialized
slot   load_model: id  0 | task -1 | new slot, n_ctx = 3072
srv    load_model: prompt cache is enabled, size limit: 8192 MiB
srv    load_model: use `--cache-ram 0` to disable the prompt cache
srv    load_model: for more info see https://github.com/ggml-org/llama.cpp/pull/16391
init: chat template, example_format: '<|im_start|>system
You are a helpful assistant<|im_end|>
<|im_start|>user
Hello<|im_end|>
<|im_start|>assistant
Hi there<|im_end|>
<|im_start|>user
How are you?<|im_end|>
<|im_start|>assistant
'
srv          init: init: chat template, thinking = 0
main: model loaded
main: server is listening on http://127.0.0.1:8080
main: starting the main loop...
srv  update_slots: all slots are idle
load_backend: loaded RPC backend from D:\DATN\legal_ai_source\source_code\models\llama-b8644-bin-win-vulkan-x64\ggml-rpc.dll
load_backend: loaded Vulkan backend from D:\DATN\legal_ai_source\source_code\models\llama-b8644-bin-win-vulkan-x64\ggml-vulkan.dll
load_backend: loaded CPU backend from D:\DATN\legal_ai_source\source_code\models\llama-b8644-bin-win-vulkan-x64\ggml-cpu-icelake.dll
system info: n_threads = 4, n_threads_batch = 4, total_threads = 8

system_info: n_threads = 4 (n_threads_batch = 4) / 8 | CPU : SSE3 = 1 | SSSE3 = 1 | AVX = 1 | AVX2 = 1 | F16C = 1 | FMA = 1 | BMI2 = 1 | AVX512 = 1 | AVX512_VBMI = 1 | AVX512_VNNI = 1 | LLAMAFILE = 1 | OPENMP = 1 | REPACK = 1 | 

Running without SSL
init: using 7 threads for HTTP server
start: binding port with default address family
main: loading model
srv    load_model: loading model 'D:\DATN\legal_ai_source\source_code\models\qwen2.5-1.5b-instruct-q4_k_m.gguf'
common_init_result: fitting params to device memory, for bugs during this step try to reproduce them with -fit off, or provide --verbose logs if the bug only occurs with -fit on
llama_params_fit_impl: projected to use 213 MiB of device memory vs. 3525 MiB of free device memory
llama_params_fit_impl: will leave 3311 >= 1024 MiB of free device memory, no changes needed
llama_params_fit: successfully fit params to free device memory
llama_params_fit: fitting params to free memory took 0.54 seconds
llama_model_load_from_file_impl: using device Vulkan0 (Intel(R) Iris(R) Xe Graphics) (unknown id) - 3525 MiB free
llama_model_loader: loaded meta data with 26 key-value pairs and 339 tensors from D:\DATN\legal_ai_source\source_code\models\qwen2.5-1.5b-instruct-q4_k_m.gguf (version GGUF V3 (latest))
llama_model_loader: Dumping metadata keys/values. Note: KV overrides do not apply in this output.
llama_model_loader: - kv   0:                       general.architecture str              = qwen2
llama_model_loader: - kv   1:                               general.type str              = model
llama_model_loader: - kv   2:                               general.name str              = qwen2.5-1.5b-instruct
llama_model_loader: - kv   3:                            general.version str              = v0.1
llama_model_loader: - kv   4:                           general.finetune str              = qwen2.5-1.5b-instruct
llama_model_loader: - kv   5:                         general.size_label str              = 1.8B
llama_model_loader: - kv   6:                          qwen2.block_count u32              = 28
llama_model_loader: - kv   7:                       qwen2.context_length u32              = 32768
llama_model_loader: - kv   8:                     qwen2.embedding_length u32              = 1536
llama_model_loader: - kv   9:                  qwen2.feed_forward_length u32              = 8960
llama_model_loader: - kv  10:                 qwen2.attention.head_count u32              = 12
llama_model_loader: - kv  11:              qwen2.attention.head_count_kv u32              = 2
llama_model_loader: - kv  12:                       qwen2.rope.freq_base f32              = 1000000.000000
llama_model_loader: - kv  13:     qwen2.attention.layer_norm_rms_epsilon f32              = 0.000001
llama_model_loader: - kv  14:                          general.file_type u32              = 15
llama_model_loader: - kv  15:                       tokenizer.ggml.model str              = gpt2
llama_model_loader: - kv  16:                         tokenizer.ggml.pre str              = qwen2
llama_model_loader: - kv  17:                      tokenizer.ggml.tokens arr[str,151936]  = ["!", "\"", "#", "$", "%", "&", "'", ...
llama_model_loader: - kv  18:                  tokenizer.ggml.token_type arr[i32,151936]  = [1, 1, 1, 1, 1, 1, 1, 1, 1, 1, 1, 1, ...
llama_model_loader: - kv  19:                      tokenizer.ggml.merges arr[str,151387]  = ["Ġ Ġ", "ĠĠ ĠĠ", "i n", "Ġ t",...
llama_model_loader: - kv  20:                tokenizer.ggml.eos_token_id u32              = 151645
llama_model_loader: - kv  21:            tokenizer.ggml.padding_token_id u32              = 151643
llama_model_loader: - kv  22:                tokenizer.ggml.bos_token_id u32              = 151643
llama_model_loader: - kv  23:               tokenizer.ggml.add_bos_token bool             = false
llama_model_loader: - kv  24:                    tokenizer.chat_template str              = {%- if tools %}\n    {{- '<|im_start|>...
llama_model_loader: - kv  25:               general.quantization_version u32              = 2
llama_model_loader: - type  f32:  141 tensors
llama_model_loader: - type q4_K:  169 tensors
llama_model_loader: - type q6_K:   29 tensors
print_info: file format = GGUF V3 (latest)
print_info: file type   = Q4_K - Medium
print_info: file size   = 1.04 GiB (5.00 BPW) 
load: 0 unused tokens
load: control-looking token: 128247 '</s>' was not control-type; this is probably a bug in the model. its type will be overridden
load: printing all EOG tokens:
load:   - 128247 ('</s>')
load:   - 151643 ('<|endoftext|>')
load:   - 151645 ('<|im_end|>')
load:   - 151662 ('<|fim_pad|>')
load:   - 151663 ('<|repo_name|>')
load:   - 151664 ('<|file_sep|>')
load: special tokens cache size = 23
load: token to piece cache size = 0.9310 MB
print_info: arch                  = qwen2
print_info: vocab_only            = 0
print_info: no_alloc              = 0
print_info: n_ctx_train           = 32768
print_info: n_embd                = 1536
print_info: n_embd_inp            = 1536
print_info: n_layer               = 28
print_info: n_head                = 12
print_info: n_head_kv             = 2
print_info: n_rot                 = 128
print_info: n_swa                 = 0
print_info: is_swa_any            = 0
print_info: n_embd_head_k         = 128
print_info: n_embd_head_v         = 128
print_info: n_gqa                 = 6
print_info: n_embd_k_gqa          = 256
print_info: n_embd_v_gqa          = 256
print_info: f_norm_eps            = 0.0e+00
print_info: f_norm_rms_eps        = 1.0e-06
print_info: f_clamp_kqv           = 0.0e+00
print_info: f_max_alibi_bias      = 0.0e+00
print_info: f_logit_scale         = 0.0e+00
print_info: f_attn_scale          = 0.0e+00
print_info: n_ff                  = 8960
print_info: n_expert              = 0
print_info: n_expert_used         = 0
print_info: n_expert_groups       = 0
print_info: n_group_used          = 0
print_info: causal attn           = 1
print_info: pooling type          = -1
print_info: rope type             = 2
print_info: rope scaling          = linear
print_info: freq_base_train       = 1000000.0
print_info: freq_scale_train      = 1
print_info: n_ctx_orig_yarn       = 32768
print_info: rope_yarn_log_mul     = 0.0000
print_info: rope_finetuned        = unknown
print_info: model type            = 1.5B
print_info: model params          = 1.78 B
print_info: general.name          = qwen2.5-1.5b-instruct
print_info: vocab type            = BPE
print_info: n_vocab               = 151936
print_info: n_merges              = 151387
print_info: BOS token             = 151643 '<|endoftext|>'
print_info: EOS token             = 151645 '<|im_end|>'
print_info: EOT token             = 151645 '<|im_end|>'
print_info: PAD token             = 151643 '<|endoftext|>'
print_info: LF token              = 198 'Ċ'
print_info: FIM PRE token         = 151659 '<|fim_prefix|>'
print_info: FIM SUF token         = 151661 '<|fim_suffix|>'
print_info: FIM MID token         = 151660 '<|fim_middle|>'
print_info: FIM PAD token         = 151662 '<|fim_pad|>'
print_info: FIM REP token         = 151663 '<|repo_name|>'
print_info: FIM SEP token         = 151664 '<|file_sep|>'
print_info: EOG token             = 128247 '</s>'
print_info: EOG token             = 151643 '<|endoftext|>'
print_info: EOG token             = 151645 '<|im_end|>'
print_info: EOG token             = 151662 '<|fim_pad|>'
print_info: EOG token             = 151663 '<|repo_name|>'
print_info: EOG token             = 151664 '<|file_sep|>'
print_info: max token length      = 256
load_tensors: loading model tensors, this can take a while... (mmap = true, direct_io = false)
load_tensors: offloading 0 repeating layers to GPU
load_tensors: offloaded 0/29 layers to GPU
load_tensors:   CPU_Mapped model buffer size =  1059.89 MiB
.........................................................................
common_init_result: added </s> logit bias = -inf
common_init_result: added <|endoftext|> logit bias = -inf
common_init_result: added <|im_end|> logit bias = -inf
common_init_result: added <|fim_pad|> logit bias = -inf
common_init_result: added <|repo_name|> logit bias = -inf
common_init_result: added <|file_sep|> logit bias = -inf
llama_context: constructing llama_context
llama_context: n_seq_max     = 1
llama_context: n_ctx         = 3072
llama_context: n_ctx_seq     = 3072
llama_context: n_batch       = 32
llama_context: n_ubatch      = 32
llama_context: causal_attn   = 1
llama_context: flash_attn    = auto
llama_context: kv_unified    = false
llama_context: freq_base     = 1000000.0
llama_context: freq_scale    = 1
llama_context: n_ctx_seq (3072) < n_ctx_train (32768) -- the full capacity of the model will not be utilized
llama_context:        CPU  output buffer size =     0.58 MiB
llama_kv_cache:        CPU KV buffer size =    84.00 MiB
llama_kv_cache: size =   84.00 MiB (  3072 cells,  28 layers,  1/1 seqs), K (f16):   42.00 MiB, V (f16):   42.00 MiB
llama_kv_cache: attn_rot_k = 0
llama_kv_cache: attn_rot_v = 0
sched_reserve: reserving ...
sched_reserve: Flash Attention was auto, set to enabled
sched_reserve: resolving fused Gated Delta Net support:
sched_reserve: fused Gated Delta Net (autoregressive) enabled
sched_reserve: fused Gated Delta Net (chunked) enabled
sched_reserve:    Vulkan0 compute buffer size =   213.35 MiB
sched_reserve: Vulkan_Host compute buffer size =     0.75 MiB
sched_reserve: graph nodes  = 959
sched_reserve: graph splits = 396 (with bs=32), 1 (with bs=1)
sched_reserve: reserve took 196.32 ms, sched copies = 1
common_init_from_params: warming up the model with an empty run - please wait ... (--no-warmup to disable)
srv    load_model: initializing slots, n_slots = 1
no implementations specified for speculative decoding
slot   load_model: id  0 | task -1 | speculative decoding context not initialized
slot   load_model: id  0 | task -1 | new slot, n_ctx = 3072
srv    load_model: prompt cache is enabled, size limit: 8192 MiB
srv    load_model: use `--cache-ram 0` to disable the prompt cache
srv    load_model: for more info see https://github.com/ggml-org/llama.cpp/pull/16391
init: chat template, example_format: '<|im_start|>system
You are a helpful assistant<|im_end|>
<|im_start|>user
Hello<|im_end|>
<|im_start|>assistant
Hi there<|im_end|>
<|im_start|>user
How are you?<|im_end|>
<|im_start|>assistant
'
srv          init: init: chat template, thinking = 0
main: model loaded
main: server is listening on http://127.0.0.1:8080
main: starting the main loop...
srv  update_slots: all slots are idle
load_backend: loaded RPC backend from D:\DATN\legal_ai_source\source_code\models\llama-b8644-bin-win-vulkan-x64\ggml-rpc.dll
load_backend: loaded Vulkan backend from D:\DATN\legal_ai_source\source_code\models\llama-b8644-bin-win-vulkan-x64\ggml-vulkan.dll
load_backend: loaded CPU backend from D:\DATN\legal_ai_source\source_code\models\llama-b8644-bin-win-vulkan-x64\ggml-cpu-icelake.dll
system info: n_threads = 4, n_threads_batch = 4, total_threads = 8

system_info: n_threads = 4 (n_threads_batch = 4) / 8 | CPU : SSE3 = 1 | SSSE3 = 1 | AVX = 1 | AVX2 = 1 | F16C = 1 | FMA = 1 | BMI2 = 1 | AVX512 = 1 | AVX512_VBMI = 1 | AVX512_VNNI = 1 | LLAMAFILE = 1 | OPENMP = 1 | REPACK = 1 | 

Running without SSL
init: using 7 threads for HTTP server
start: binding port with default address family
main: loading model
srv    load_model: loading model 'D:\DATN\legal_ai_source\source_code\models\qwen2.5-1.5b-instruct-q4_k_m.gguf'
common_init_result: fitting params to device memory, for bugs during this step try to reproduce them with -fit off, or provide --verbose logs if the bug only occurs with -fit on
llama_params_fit_impl: projected to use 213 MiB of device memory vs. 3525 MiB of free device memory
llama_params_fit_impl: will leave 3311 >= 1024 MiB of free device memory, no changes needed
llama_params_fit: successfully fit params to free device memory
llama_params_fit: fitting params to free memory took 0.36 seconds
llama_model_load_from_file_impl: using device Vulkan0 (Intel(R) Iris(R) Xe Graphics) (unknown id) - 3525 MiB free
llama_model_loader: loaded meta data with 26 key-value pairs and 339 tensors from D:\DATN\legal_ai_source\source_code\models\qwen2.5-1.5b-instruct-q4_k_m.gguf (version GGUF V3 (latest))
llama_model_loader: Dumping metadata keys/values. Note: KV overrides do not apply in this output.
llama_model_loader: - kv   0:                       general.architecture str              = qwen2
llama_model_loader: - kv   1:                               general.type str              = model
llama_model_loader: - kv   2:                               general.name str              = qwen2.5-1.5b-instruct
llama_model_loader: - kv   3:                            general.version str              = v0.1
llama_model_loader: - kv   4:                           general.finetune str              = qwen2.5-1.5b-instruct
llama_model_loader: - kv   5:                         general.size_label str              = 1.8B
llama_model_loader: - kv   6:                          qwen2.block_count u32              = 28
llama_model_loader: - kv   7:                       qwen2.context_length u32              = 32768
llama_model_loader: - kv   8:                     qwen2.embedding_length u32              = 1536
llama_model_loader: - kv   9:                  qwen2.feed_forward_length u32              = 8960
llama_model_loader: - kv  10:                 qwen2.attention.head_count u32              = 12
llama_model_loader: - kv  11:              qwen2.attention.head_count_kv u32              = 2
llama_model_loader: - kv  12:                       qwen2.rope.freq_base f32              = 1000000.000000
llama_model_loader: - kv  13:     qwen2.attention.layer_norm_rms_epsilon f32              = 0.000001
llama_model_loader: - kv  14:                          general.file_type u32              = 15
llama_model_loader: - kv  15:                       tokenizer.ggml.model str              = gpt2
llama_model_loader: - kv  16:                         tokenizer.ggml.pre str              = qwen2
llama_model_loader: - kv  17:                      tokenizer.ggml.tokens arr[str,151936]  = ["!", "\"", "#", "$", "%", "&", "'", ...
llama_model_loader: - kv  18:                  tokenizer.ggml.token_type arr[i32,151936]  = [1, 1, 1, 1, 1, 1, 1, 1, 1, 1, 1, 1, ...
llama_model_loader: - kv  19:                      tokenizer.ggml.merges arr[str,151387]  = ["Ġ Ġ", "ĠĠ ĠĠ", "i n", "Ġ t",...
llama_model_loader: - kv  20:                tokenizer.ggml.eos_token_id u32              = 151645
llama_model_loader: - kv  21:            tokenizer.ggml.padding_token_id u32              = 151643
llama_model_loader: - kv  22:                tokenizer.ggml.bos_token_id u32              = 151643
llama_model_loader: - kv  23:               tokenizer.ggml.add_bos_token bool             = false
llama_model_loader: - kv  24:                    tokenizer.chat_template str              = {%- if tools %}\n    {{- '<|im_start|>...
llama_model_loader: - kv  25:               general.quantization_version u32              = 2
llama_model_loader: - type  f32:  141 tensors
llama_model_loader: - type q4_K:  169 tensors
llama_model_loader: - type q6_K:   29 tensors
print_info: file format = GGUF V3 (latest)
print_info: file type   = Q4_K - Medium
print_info: file size   = 1.04 GiB (5.00 BPW) 
load: 0 unused tokens
load: control-looking token: 128247 '</s>' was not control-type; this is probably a bug in the model. its type will be overridden
load: printing all EOG tokens:
load:   - 128247 ('</s>')
load:   - 151643 ('<|endoftext|>')
load:   - 151645 ('<|im_end|>')
load:   - 151662 ('<|fim_pad|>')
load:   - 151663 ('<|repo_name|>')
load:   - 151664 ('<|file_sep|>')
load: special tokens cache size = 23
load: token to piece cache size = 0.9310 MB
print_info: arch                  = qwen2
print_info: vocab_only            = 0
print_info: no_alloc              = 0
print_info: n_ctx_train           = 32768
print_info: n_embd                = 1536
print_info: n_embd_inp            = 1536
print_info: n_layer               = 28
print_info: n_head                = 12
print_info: n_head_kv             = 2
print_info: n_rot                 = 128
print_info: n_swa                 = 0
print_info: is_swa_any            = 0
print_info: n_embd_head_k         = 128
print_info: n_embd_head_v         = 128
print_info: n_gqa                 = 6
print_info: n_embd_k_gqa          = 256
print_info: n_embd_v_gqa          = 256
print_info: f_norm_eps            = 0.0e+00
print_info: f_norm_rms_eps        = 1.0e-06
print_info: f_clamp_kqv           = 0.0e+00
print_info: f_max_alibi_bias      = 0.0e+00
print_info: f_logit_scale         = 0.0e+00
print_info: f_attn_scale          = 0.0e+00
print_info: n_ff                  = 8960
print_info: n_expert              = 0
print_info: n_expert_used         = 0
print_info: n_expert_groups       = 0
print_info: n_group_used          = 0
print_info: causal attn           = 1
print_info: pooling type          = -1
print_info: rope type             = 2
print_info: rope scaling          = linear
print_info: freq_base_train       = 1000000.0
print_info: freq_scale_train      = 1
print_info: n_ctx_orig_yarn       = 32768
print_info: rope_yarn_log_mul     = 0.0000
print_info: rope_finetuned        = unknown
print_info: model type            = 1.5B
print_info: model params          = 1.78 B
print_info: general.name          = qwen2.5-1.5b-instruct
print_info: vocab type            = BPE
print_info: n_vocab               = 151936
print_info: n_merges              = 151387
print_info: BOS token             = 151643 '<|endoftext|>'
print_info: EOS token             = 151645 '<|im_end|>'
print_info: EOT token             = 151645 '<|im_end|>'
print_info: PAD token             = 151643 '<|endoftext|>'
print_info: LF token              = 198 'Ċ'
print_info: FIM PRE token         = 151659 '<|fim_prefix|>'
print_info: FIM SUF token         = 151661 '<|fim_suffix|>'
print_info: FIM MID token         = 151660 '<|fim_middle|>'
print_info: FIM PAD token         = 151662 '<|fim_pad|>'
print_info: FIM REP token         = 151663 '<|repo_name|>'
print_info: FIM SEP token         = 151664 '<|file_sep|>'
print_info: EOG token             = 128247 '</s>'
print_info: EOG token             = 151643 '<|endoftext|>'
print_info: EOG token             = 151645 '<|im_end|>'
print_info: EOG token             = 151662 '<|fim_pad|>'
print_info: EOG token             = 151663 '<|repo_name|>'
print_info: EOG token             = 151664 '<|file_sep|>'
print_info: max token length      = 256
load_tensors: loading model tensors, this can take a while... (mmap = true, direct_io = false)
load_tensors: offloading 0 repeating layers to GPU
load_tensors: offloaded 0/29 layers to GPU
load_tensors:   CPU_Mapped model buffer size =  1059.89 MiB
.........................................................................
common_init_result: added </s> logit bias = -inf
common_init_result: added <|endoftext|> logit bias = -inf
common_init_result: added <|im_end|> logit bias = -inf
common_init_result: added <|fim_pad|> logit bias = -inf
common_init_result: added <|repo_name|> logit bias = -inf
common_init_result: added <|file_sep|> logit bias = -inf
llama_context: constructing llama_context
llama_context: n_seq_max     = 1
llama_context: n_ctx         = 3072
llama_context: n_ctx_seq     = 3072
llama_context: n_batch       = 32
llama_context: n_ubatch      = 32
llama_context: causal_attn   = 1
llama_context: flash_attn    = auto
llama_context: kv_unified    = false
llama_context: freq_base     = 1000000.0
llama_context: freq_scale    = 1
llama_context: n_ctx_seq (3072) < n_ctx_train (32768) -- the full capacity of the model will not be utilized
llama_context:        CPU  output buffer size =     0.58 MiB
llama_kv_cache:        CPU KV buffer size =    84.00 MiB
llama_kv_cache: size =   84.00 MiB (  3072 cells,  28 layers,  1/1 seqs), K (f16):   42.00 MiB, V (f16):   42.00 MiB
llama_kv_cache: attn_rot_k = 0
llama_kv_cache: attn_rot_v = 0
sched_reserve: reserving ...
sched_reserve: Flash Attention was auto, set to enabled
sched_reserve: resolving fused Gated Delta Net support:
sched_reserve: fused Gated Delta Net (autoregressive) enabled
sched_reserve: fused Gated Delta Net (chunked) enabled
sched_reserve:    Vulkan0 compute buffer size =   213.35 MiB
sched_reserve: Vulkan_Host compute buffer size =     0.75 MiB
sched_reserve: graph nodes  = 959
sched_reserve: graph splits = 396 (with bs=32), 1 (with bs=1)
sched_reserve: reserve took 222.72 ms, sched copies = 1
common_init_from_params: warming up the model with an empty run - please wait ... (--no-warmup to disable)
srv    load_model: initializing slots, n_slots = 1
no implementations specified for speculative decoding
slot   load_model: id  0 | task -1 | speculative decoding context not initialized
slot   load_model: id  0 | task -1 | new slot, n_ctx = 3072
srv    load_model: prompt cache is enabled, size limit: 8192 MiB
srv    load_model: use `--cache-ram 0` to disable the prompt cache
srv    load_model: for more info see https://github.com/ggml-org/llama.cpp/pull/16391
init: chat template, example_format: '<|im_start|>system
You are a helpful assistant<|im_end|>
<|im_start|>user
Hello<|im_end|>
<|im_start|>assistant
Hi there<|im_end|>
<|im_start|>user
How are you?<|im_end|>
<|im_start|>assistant
'
srv          init: init: chat template, thinking = 0
main: model loaded
main: server is listening on http://127.0.0.1:8080
main: starting the main loop...
srv  update_slots: all slots are idle
load_backend: loaded RPC backend from D:\DATN\legal_ai_source\source_code\models\llama-b8644-bin-win-vulkan-x64\ggml-rpc.dll
load_backend: loaded Vulkan backend from D:\DATN\legal_ai_source\source_code\models\llama-b8644-bin-win-vulkan-x64\ggml-vulkan.dll
load_backend: loaded CPU backend from D:\DATN\legal_ai_source\source_code\models\llama-b8644-bin-win-vulkan-x64\ggml-cpu-icelake.dll
system info: n_threads = 4, n_threads_batch = 4, total_threads = 8

system_info: n_threads = 4 (n_threads_batch = 4) / 8 | CPU : SSE3 = 1 | SSSE3 = 1 | AVX = 1 | AVX2 = 1 | F16C = 1 | FMA = 1 | BMI2 = 1 | AVX512 = 1 | AVX512_VBMI = 1 | AVX512_VNNI = 1 | LLAMAFILE = 1 | OPENMP = 1 | REPACK = 1 | 

Running without SSL
init: using 7 threads for HTTP server
start: binding port with default address family
main: loading model
srv    load_model: loading model 'D:\DATN\legal_ai_source\source_code\models\qwen2.5-1.5b-instruct-q4_k_m.gguf'
common_init_result: fitting params to device memory, for bugs during this step try to reproduce them with -fit off, or provide --verbose logs if the bug only occurs with -fit on
llama_params_fit_impl: projected to use 213 MiB of device memory vs. 3525 MiB of free device memory
llama_params_fit_impl: will leave 3311 >= 1024 MiB of free device memory, no changes needed
llama_params_fit: successfully fit params to free device memory
llama_params_fit: fitting params to free memory took 0.45 seconds
llama_model_load_from_file_impl: using device Vulkan0 (Intel(R) Iris(R) Xe Graphics) (unknown id) - 3525 MiB free
llama_model_loader: loaded meta data with 26 key-value pairs and 339 tensors from D:\DATN\legal_ai_source\source_code\models\qwen2.5-1.5b-instruct-q4_k_m.gguf (version GGUF V3 (latest))
llama_model_loader: Dumping metadata keys/values. Note: KV overrides do not apply in this output.
llama_model_loader: - kv   0:                       general.architecture str              = qwen2
llama_model_loader: - kv   1:                               general.type str              = model
llama_model_loader: - kv   2:                               general.name str              = qwen2.5-1.5b-instruct
llama_model_loader: - kv   3:                            general.version str              = v0.1
llama_model_loader: - kv   4:                           general.finetune str              = qwen2.5-1.5b-instruct
llama_model_loader: - kv   5:                         general.size_label str              = 1.8B
llama_model_loader: - kv   6:                          qwen2.block_count u32              = 28
llama_model_loader: - kv   7:                       qwen2.context_length u32              = 32768
llama_model_loader: - kv   8:                     qwen2.embedding_length u32              = 1536
llama_model_loader: - kv   9:                  qwen2.feed_forward_length u32              = 8960
llama_model_loader: - kv  10:                 qwen2.attention.head_count u32              = 12
llama_model_loader: - kv  11:              qwen2.attention.head_count_kv u32              = 2
llama_model_loader: - kv  12:                       qwen2.rope.freq_base f32              = 1000000.000000
llama_model_loader: - kv  13:     qwen2.attention.layer_norm_rms_epsilon f32              = 0.000001
llama_model_loader: - kv  14:                          general.file_type u32              = 15
llama_model_loader: - kv  15:                       tokenizer.ggml.model str              = gpt2
llama_model_loader: - kv  16:                         tokenizer.ggml.pre str              = qwen2
llama_model_loader: - kv  17:                      tokenizer.ggml.tokens arr[str,151936]  = ["!", "\"", "#", "$", "%", "&", "'", ...
llama_model_loader: - kv  18:                  tokenizer.ggml.token_type arr[i32,151936]  = [1, 1, 1, 1, 1, 1, 1, 1, 1, 1, 1, 1, ...
llama_model_loader: - kv  19:                      tokenizer.ggml.merges arr[str,151387]  = ["Ġ Ġ", "ĠĠ ĠĠ", "i n", "Ġ t",...
llama_model_loader: - kv  20:                tokenizer.ggml.eos_token_id u32              = 151645
llama_model_loader: - kv  21:            tokenizer.ggml.padding_token_id u32              = 151643
llama_model_loader: - kv  22:                tokenizer.ggml.bos_token_id u32              = 151643
llama_model_loader: - kv  23:               tokenizer.ggml.add_bos_token bool             = false
llama_model_loader: - kv  24:                    tokenizer.chat_template str              = {%- if tools %}\n    {{- '<|im_start|>...
llama_model_loader: - kv  25:               general.quantization_version u32              = 2
llama_model_loader: - type  f32:  141 tensors
llama_model_loader: - type q4_K:  169 tensors
llama_model_loader: - type q6_K:   29 tensors
print_info: file format = GGUF V3 (latest)
print_info: file type   = Q4_K - Medium
print_info: file size   = 1.04 GiB (5.00 BPW) 
load: 0 unused tokens
load: control-looking token: 128247 '</s>' was not control-type; this is probably a bug in the model. its type will be overridden
load: printing all EOG tokens:
load:   - 128247 ('</s>')
load:   - 151643 ('<|endoftext|>')
load:   - 151645 ('<|im_end|>')
load:   - 151662 ('<|fim_pad|>')
load:   - 151663 ('<|repo_name|>')
load:   - 151664 ('<|file_sep|>')
load: special tokens cache size = 23
load: token to piece cache size = 0.9310 MB
print_info: arch                  = qwen2
print_info: vocab_only            = 0
print_info: no_alloc              = 0
print_info: n_ctx_train           = 32768
print_info: n_embd                = 1536
print_info: n_embd_inp            = 1536
print_info: n_layer               = 28
print_info: n_head                = 12
print_info: n_head_kv             = 2
print_info: n_rot                 = 128
print_info: n_swa                 = 0
print_info: is_swa_any            = 0
print_info: n_embd_head_k         = 128
print_info: n_embd_head_v         = 128
print_info: n_gqa                 = 6
print_info: n_embd_k_gqa          = 256
print_info: n_embd_v_gqa          = 256
print_info: f_norm_eps            = 0.0e+00
print_info: f_norm_rms_eps        = 1.0e-06
print_info: f_clamp_kqv           = 0.0e+00
print_info: f_max_alibi_bias      = 0.0e+00
print_info: f_logit_scale         = 0.0e+00
print_info: f_attn_scale          = 0.0e+00
print_info: n_ff                  = 8960
print_info: n_expert              = 0
print_info: n_expert_used         = 0
print_info: n_expert_groups       = 0
print_info: n_group_used          = 0
print_info: causal attn           = 1
print_info: pooling type          = -1
print_info: rope type             = 2
print_info: rope scaling          = linear
print_info: freq_base_train       = 1000000.0
print_info: freq_scale_train      = 1
print_info: n_ctx_orig_yarn       = 32768
print_info: rope_yarn_log_mul     = 0.0000
print_info: rope_finetuned        = unknown
print_info: model type            = 1.5B
print_info: model params          = 1.78 B
print_info: general.name          = qwen2.5-1.5b-instruct
print_info: vocab type            = BPE
print_info: n_vocab               = 151936
print_info: n_merges              = 151387
print_info: BOS token             = 151643 '<|endoftext|>'
print_info: EOS token             = 151645 '<|im_end|>'
print_info: EOT token             = 151645 '<|im_end|>'
print_info: PAD token             = 151643 '<|endoftext|>'
print_info: LF token              = 198 'Ċ'
print_info: FIM PRE token         = 151659 '<|fim_prefix|>'
print_info: FIM SUF token         = 151661 '<|fim_suffix|>'
print_info: FIM MID token         = 151660 '<|fim_middle|>'
print_info: FIM PAD token         = 151662 '<|fim_pad|>'
print_info: FIM REP token         = 151663 '<|repo_name|>'
print_info: FIM SEP token         = 151664 '<|file_sep|>'
print_info: EOG token             = 128247 '</s>'
print_info: EOG token             = 151643 '<|endoftext|>'
print_info: EOG token             = 151645 '<|im_end|>'
print_info: EOG token             = 151662 '<|fim_pad|>'
print_info: EOG token             = 151663 '<|repo_name|>'
print_info: EOG token             = 151664 '<|file_sep|>'
print_info: max token length      = 256
load_tensors: loading model tensors, this can take a while... (mmap = true, direct_io = false)
load_tensors: offloading 0 repeating layers to GPU
load_tensors: offloaded 0/29 layers to GPU
load_tensors:   CPU_Mapped model buffer size =  1059.89 MiB
.........................................................................
common_init_result: added </s> logit bias = -inf
common_init_result: added <|endoftext|> logit bias = -inf
common_init_result: added <|im_end|> logit bias = -inf
common_init_result: added <|fim_pad|> logit bias = -inf
common_init_result: added <|repo_name|> logit bias = -inf
common_init_result: added <|file_sep|> logit bias = -inf
llama_context: constructing llama_context
llama_context: n_seq_max     = 1
llama_context: n_ctx         = 3072
llama_context: n_ctx_seq     = 3072
llama_context: n_batch       = 32
llama_context: n_ubatch      = 32
llama_context: causal_attn   = 1
llama_context: flash_attn    = auto
llama_context: kv_unified    = false
llama_context: freq_base     = 1000000.0
llama_context: freq_scale    = 1
llama_context: n_ctx_seq (3072) < n_ctx_train (32768) -- the full capacity of the model will not be utilized
llama_context:        CPU  output buffer size =     0.58 MiB
llama_kv_cache:        CPU KV buffer size =    84.00 MiB
llama_kv_cache: size =   84.00 MiB (  3072 cells,  28 layers,  1/1 seqs), K (f16):   42.00 MiB, V (f16):   42.00 MiB
llama_kv_cache: attn_rot_k = 0
llama_kv_cache: attn_rot_v = 0
sched_reserve: reserving ...
sched_reserve: Flash Attention was auto, set to enabled
sched_reserve: resolving fused Gated Delta Net support:
sched_reserve: fused Gated Delta Net (autoregressive) enabled
sched_reserve: fused Gated Delta Net (chunked) enabled
sched_reserve:    Vulkan0 compute buffer size =   213.35 MiB
sched_reserve: Vulkan_Host compute buffer size =     0.75 MiB
sched_reserve: graph nodes  = 959
sched_reserve: graph splits = 396 (with bs=32), 1 (with bs=1)
sched_reserve: reserve took 287.71 ms, sched copies = 1
common_init_from_params: warming up the model with an empty run - please wait ... (--no-warmup to disable)
srv    load_model: initializing slots, n_slots = 1
no implementations specified for speculative decoding
slot   load_model: id  0 | task -1 | speculative decoding context not initialized
slot   load_model: id  0 | task -1 | new slot, n_ctx = 3072
srv    load_model: prompt cache is enabled, size limit: 8192 MiB
srv    load_model: use `--cache-ram 0` to disable the prompt cache
srv    load_model: for more info see https://github.com/ggml-org/llama.cpp/pull/16391
init: chat template, example_format: '<|im_start|>system
You are a helpful assistant<|im_end|>
<|im_start|>user
Hello<|im_end|>
<|im_start|>assistant
Hi there<|im_end|>
<|im_start|>user
How are you?<|im_end|>
<|im_start|>assistant
'
srv          init: init: chat template, thinking = 0
main: model loaded
main: server is listening on http://127.0.0.1:8080
main: starting the main loop...
srv  update_slots: all slots are idle
load_backend: loaded RPC backend from D:\DATN\legal_ai_source\source_code\models\llama-b8644-bin-win-vulkan-x64\ggml-rpc.dll
load_backend: loaded Vulkan backend from D:\DATN\legal_ai_source\source_code\models\llama-b8644-bin-win-vulkan-x64\ggml-vulkan.dll
load_backend: loaded CPU backend from D:\DATN\legal_ai_source\source_code\models\llama-b8644-bin-win-vulkan-x64\ggml-cpu-icelake.dll
system info: n_threads = 4, n_threads_batch = 4, total_threads = 8

system_info: n_threads = 4 (n_threads_batch = 4) / 8 | CPU : SSE3 = 1 | SSSE3 = 1 | AVX = 1 | AVX2 = 1 | F16C = 1 | FMA = 1 | BMI2 = 1 | AVX512 = 1 | AVX512_VBMI = 1 | AVX512_VNNI = 1 | LLAMAFILE = 1 | OPENMP = 1 | REPACK = 1 | 

Running without SSL
init: using 7 threads for HTTP server
start: binding port with default address family
main: loading model
srv    load_model: loading model 'D:\DATN\legal_ai_source\source_code\models\qwen2.5-1.5b-instruct-q4_k_m.gguf'
common_init_result: fitting params to device memory, for bugs during this step try to reproduce them with -fit off, or provide --verbose logs if the bug only occurs with -fit on
llama_params_fit_impl: projected to use 213 MiB of device memory vs. 3525 MiB of free device memory
llama_params_fit_impl: will leave 3311 >= 1024 MiB of free device memory, no changes needed
llama_params_fit: successfully fit params to free device memory
llama_params_fit: fitting params to free memory took 0.65 seconds
llama_model_load_from_file_impl: using device Vulkan0 (Intel(R) Iris(R) Xe Graphics) (unknown id) - 3525 MiB free
llama_model_loader: loaded meta data with 26 key-value pairs and 339 tensors from D:\DATN\legal_ai_source\source_code\models\qwen2.5-1.5b-instruct-q4_k_m.gguf (version GGUF V3 (latest))
llama_model_loader: Dumping metadata keys/values. Note: KV overrides do not apply in this output.
llama_model_loader: - kv   0:                       general.architecture str              = qwen2
llama_model_loader: - kv   1:                               general.type str              = model
llama_model_loader: - kv   2:                               general.name str              = qwen2.5-1.5b-instruct
llama_model_loader: - kv   3:                            general.version str              = v0.1
llama_model_loader: - kv   4:                           general.finetune str              = qwen2.5-1.5b-instruct
llama_model_loader: - kv   5:                         general.size_label str              = 1.8B
llama_model_loader: - kv   6:                          qwen2.block_count u32              = 28
llama_model_loader: - kv   7:                       qwen2.context_length u32              = 32768
llama_model_loader: - kv   8:                     qwen2.embedding_length u32              = 1536
llama_model_loader: - kv   9:                  qwen2.feed_forward_length u32              = 8960
llama_model_loader: - kv  10:                 qwen2.attention.head_count u32              = 12
llama_model_loader: - kv  11:              qwen2.attention.head_count_kv u32              = 2
llama_model_loader: - kv  12:                       qwen2.rope.freq_base f32              = 1000000.000000
llama_model_loader: - kv  13:     qwen2.attention.layer_norm_rms_epsilon f32              = 0.000001
llama_model_loader: - kv  14:                          general.file_type u32              = 15
llama_model_loader: - kv  15:                       tokenizer.ggml.model str              = gpt2
llama_model_loader: - kv  16:                         tokenizer.ggml.pre str              = qwen2
llama_model_loader: - kv  17:                      tokenizer.ggml.tokens arr[str,151936]  = ["!", "\"", "#", "$", "%", "&", "'", ...
llama_model_loader: - kv  18:                  tokenizer.ggml.token_type arr[i32,151936]  = [1, 1, 1, 1, 1, 1, 1, 1, 1, 1, 1, 1, ...
llama_model_loader: - kv  19:                      tokenizer.ggml.merges arr[str,151387]  = ["Ġ Ġ", "ĠĠ ĠĠ", "i n", "Ġ t",...
llama_model_loader: - kv  20:                tokenizer.ggml.eos_token_id u32              = 151645
llama_model_loader: - kv  21:            tokenizer.ggml.padding_token_id u32              = 151643
llama_model_loader: - kv  22:                tokenizer.ggml.bos_token_id u32              = 151643
llama_model_loader: - kv  23:               tokenizer.ggml.add_bos_token bool             = false
llama_model_loader: - kv  24:                    tokenizer.chat_template str              = {%- if tools %}\n    {{- '<|im_start|>...
llama_model_loader: - kv  25:               general.quantization_version u32              = 2
llama_model_loader: - type  f32:  141 tensors
llama_model_loader: - type q4_K:  169 tensors
llama_model_loader: - type q6_K:   29 tensors
print_info: file format = GGUF V3 (latest)
print_info: file type   = Q4_K - Medium
print_info: file size   = 1.04 GiB (5.00 BPW) 
load: 0 unused tokens
load: control-looking token: 128247 '</s>' was not control-type; this is probably a bug in the model. its type will be overridden
load: printing all EOG tokens:
load:   - 128247 ('</s>')
load:   - 151643 ('<|endoftext|>')
load:   - 151645 ('<|im_end|>')
load:   - 151662 ('<|fim_pad|>')
load:   - 151663 ('<|repo_name|>')
load:   - 151664 ('<|file_sep|>')
load: special tokens cache size = 23
load: token to piece cache size = 0.9310 MB
print_info: arch                  = qwen2
print_info: vocab_only            = 0
print_info: no_alloc              = 0
print_info: n_ctx_train           = 32768
print_info: n_embd                = 1536
print_info: n_embd_inp            = 1536
print_info: n_layer               = 28
print_info: n_head                = 12
print_info: n_head_kv             = 2
print_info: n_rot                 = 128
print_info: n_swa                 = 0
print_info: is_swa_any            = 0
print_info: n_embd_head_k         = 128
print_info: n_embd_head_v         = 128
print_info: n_gqa                 = 6
print_info: n_embd_k_gqa          = 256
print_info: n_embd_v_gqa          = 256
print_info: f_norm_eps            = 0.0e+00
print_info: f_norm_rms_eps        = 1.0e-06
print_info: f_clamp_kqv           = 0.0e+00
print_info: f_max_alibi_bias      = 0.0e+00
print_info: f_logit_scale         = 0.0e+00
print_info: f_attn_scale          = 0.0e+00
print_info: n_ff                  = 8960
print_info: n_expert              = 0
print_info: n_expert_used         = 0
print_info: n_expert_groups       = 0
print_info: n_group_used          = 0
print_info: causal attn           = 1
print_info: pooling type          = -1
print_info: rope type             = 2
print_info: rope scaling          = linear
print_info: freq_base_train       = 1000000.0
print_info: freq_scale_train      = 1
print_info: n_ctx_orig_yarn       = 32768
print_info: rope_yarn_log_mul     = 0.0000
print_info: rope_finetuned        = unknown
print_info: model type            = 1.5B
print_info: model params          = 1.78 B
print_info: general.name          = qwen2.5-1.5b-instruct
print_info: vocab type            = BPE
print_info: n_vocab               = 151936
print_info: n_merges              = 151387
print_info: BOS token             = 151643 '<|endoftext|>'
print_info: EOS token             = 151645 '<|im_end|>'
print_info: EOT token             = 151645 '<|im_end|>'
print_info: PAD token             = 151643 '<|endoftext|>'
print_info: LF token              = 198 'Ċ'
print_info: FIM PRE token         = 151659 '<|fim_prefix|>'
print_info: FIM SUF token         = 151661 '<|fim_suffix|>'
print_info: FIM MID token         = 151660 '<|fim_middle|>'
print_info: FIM PAD token         = 151662 '<|fim_pad|>'
print_info: FIM REP token         = 151663 '<|repo_name|>'
print_info: FIM SEP token         = 151664 '<|file_sep|>'
print_info: EOG token             = 128247 '</s>'
print_info: EOG token             = 151643 '<|endoftext|>'
print_info: EOG token             = 151645 '<|im_end|>'
print_info: EOG token             = 151662 '<|fim_pad|>'
print_info: EOG token             = 151663 '<|repo_name|>'
print_info: EOG token             = 151664 '<|file_sep|>'
print_info: max token length      = 256
load_tensors: loading model tensors, this can take a while... (mmap = true, direct_io = false)
load_tensors: offloading 0 repeating layers to GPU
load_tensors: offloaded 0/29 layers to GPU
load_tensors:   CPU_Mapped model buffer size =  1059.89 MiB
.........................................................................
common_init_result: added </s> logit bias = -inf
common_init_result: added <|endoftext|> logit bias = -inf
common_init_result: added <|im_end|> logit bias = -inf
common_init_result: added <|fim_pad|> logit bias = -inf
common_init_result: added <|repo_name|> logit bias = -inf
common_init_result: added <|file_sep|> logit bias = -inf
llama_context: constructing llama_context
llama_context: n_seq_max     = 1
llama_context: n_ctx         = 3072
llama_context: n_ctx_seq     = 3072
llama_context: n_batch       = 32
llama_context: n_ubatch      = 32
llama_context: causal_attn   = 1
llama_context: flash_attn    = auto
llama_context: kv_unified    = false
llama_context: freq_base     = 1000000.0
llama_context: freq_scale    = 1
llama_context: n_ctx_seq (3072) < n_ctx_train (32768) -- the full capacity of the model will not be utilized
llama_context:        CPU  output buffer size =     0.58 MiB
llama_kv_cache:        CPU KV buffer size =    84.00 MiB
llama_kv_cache: size =   84.00 MiB (  3072 cells,  28 layers,  1/1 seqs), K (f16):   42.00 MiB, V (f16):   42.00 MiB
llama_kv_cache: attn_rot_k = 0
llama_kv_cache: attn_rot_v = 0
sched_reserve: reserving ...
sched_reserve: Flash Attention was auto, set to enabled
sched_reserve: resolving fused Gated Delta Net support:
sched_reserve: fused Gated Delta Net (autoregressive) enabled
sched_reserve: fused Gated Delta Net (chunked) enabled
sched_reserve:    Vulkan0 compute buffer size =   213.35 MiB
sched_reserve: Vulkan_Host compute buffer size =     0.75 MiB
sched_reserve: graph nodes  = 959
sched_reserve: graph splits = 396 (with bs=32), 1 (with bs=1)
sched_reserve: reserve took 258.90 ms, sched copies = 1
common_init_from_params: warming up the model with an empty run - please wait ... (--no-warmup to disable)
srv    load_model: initializing slots, n_slots = 1
no implementations specified for speculative decoding
slot   load_model: id  0 | task -1 | speculative decoding context not initialized
slot   load_model: id  0 | task -1 | new slot, n_ctx = 3072
srv    load_model: prompt cache is enabled, size limit: 8192 MiB
srv    load_model: use `--cache-ram 0` to disable the prompt cache
srv    load_model: for more info see https://github.com/ggml-org/llama.cpp/pull/16391
init: chat template, example_format: '<|im_start|>system
You are a helpful assistant<|im_end|>
<|im_start|>user
Hello<|im_end|>
<|im_start|>assistant
Hi there<|im_end|>
<|im_start|>user
How are you?<|im_end|>
<|im_start|>assistant
'
srv          init: init: chat template, thinking = 0
main: model loaded
main: server is listening on http://127.0.0.1:8080
main: starting the main loop...
srv  update_slots: all slots are idle
